source name	characteristics[organism]	characteristics[organism part]	characteristics[organism part]	characteristics[brodmann area]	characteristics[cell type]	characteristics[age]	characteristics[ancestry category]	characteristics[sex]	characteristics[disease]	characteristics[developmental stage]	characteristics[BRAAK]	characteristics[PMD]	characteristics[biological replicate]	characteristics[Amyloid stage]	characteristics[CERAD]	characteristics[individual]	assay name	technology type	comment[proteomexchange accession number]	comment[datafile]	comment[file uri]	comment[fraction identifier]	comment[instrument]	comment[modification parameters]	comment[modification parameters]	comment[modification parameters]	comment[cleavage agent details]	comment[label]	comment[precursor mass tolerance]	comment[fragment mass tolerance]	comment[technical replicate]	factor value[disease]	factor value[organism part]
PXD037367-Sample-1-TMT126	Homo sapiens	Cerebrospinal fluid	Cerebrospinal fluid	not available	not available	68	not available	Male	Alzheimer's disease with dementia	adult	not available	not available	1	not available	not available	1	1 PXD037367-Sample-1	proteomic profiling by mass spectrometry	PXD037367	19080-001.raw	ftp://ftp.pride.ebi.ac.uk/pride/data/archive/2023/07/PXD037367/19080-001.raw	1	AC=MS:1002416;NT=Orbitrap Fusion	NT=Carbamidomethyl;AC=UNIMOD:4;TA=C;MT=Fixed	NT=Oxidation;MT=Variable;TA=M;AC=UNIMOD:35	NT=Acetyl;AC=UNIMOD:1;PP=Protein N-term;MT=variable		TMT126	10 ppm	0.02 Da	1	Alzheimer's disease with dementia	Cerebrospinal fluid
PXD037367-Sample-1-TMT127N	Homo sapiens	Cerebrospinal fluid	Cerebrospinal fluid	not available	not available	70	not available	Male	Alzheimer's disease with dementia	adult	not available	not available	2	not available	not available	2	2 PXD037367-Sample-1	proteomic profiling by mass spectrometry	PXD037367	19080-001.raw	ftp://ftp.pride.ebi.ac.uk/pride/data/archive/2023/07/PXD037367/19080-001.raw	1	AC=MS:1002416;NT=Orbitrap Fusion	NT=Carbamidomethyl;AC=UNIMOD:4;TA=C;MT=Fixed	NT=Oxidation;MT=Variable;TA=M;AC=UNIMOD:35	NT=Acetyl;AC=UNIMOD:1;PP=Protein N-term;MT=variable		TMT127N	10 ppm	0.02 Da	1	Alzheimer's disease with dementia	Cerebrospinal fluid
PXD037367-Sample-1-TMT127C	Homo sapiens	Cerebrospinal fluid	Cerebrospinal fluid	not available	not available	68	not available	Female	Alzheimer's disease with dementia	adult	not available	not available	3	not available	not available	3	3 PXD037367-Sample-1	proteomic profiling by mass spectrometry	PXD037367	19080-001.raw	ftp://ftp.pride.ebi.ac.uk/pride/data/archive/2023/07/PXD037367/19080-001.raw	1	AC=MS:1002416;NT=Orbitrap Fusion	NT=Carbamidomethyl;AC=UNIMOD:4;TA=C;MT=Fixed	NT=Oxidation;MT=Variable;TA=M;AC=UNIMOD:35	NT=Acetyl;AC=UNIMOD:1;PP=Protein N-term;MT=variable		TMT127C	10 ppm	0.02 Da	1	Alzheimer's disease with dementia	Cerebrospinal fluid
PXD037367-Sample-1-TMT128N	Homo sapiens	Cerebrospinal fluid	Cerebrospinal fluid	not available	not available	73	not available	Female	Alzheimer's disease with dementia	adult	not available	not available	4	not available	not available	4	4 PXD037367-Sample-1	proteomic profiling by mass spectrometry	PXD037367	19080-001.raw	ftp://ftp.pride.ebi.ac.uk/pride/data/archive/2023/07/PXD037367/19080-001.raw	1	AC=MS:1002416;NT=Orbitrap Fusion	NT=Carbamidomethyl;AC=UNIMOD:4;TA=C;MT=Fixed	NT=Oxidation;MT=Variable;TA=M;AC=UNIMOD:35	NT=Acetyl;AC=UNIMOD:1;PP=Protein N-term;MT=variable		TMT128N	10 ppm	0.02 Da	1	Alzheimer's disease with dementia	Cerebrospinal fluid
PXD037367-Sample-1-TMT128C	Homo sapiens	Cerebrospinal fluid	Cerebrospinal fluid	not available	not available	68	not available	Female	Alzheimer's disease with dementia	adult	not available	not available	5	not available	not available	5	5 PXD037367-Sample-1	proteomic profiling by mass spectrometry	PXD037367	19080-001.raw	ftp://ftp.pride.ebi.ac.uk/pride/data/archive/2023/07/PXD037367/19080-001.raw	1	AC=MS:1002416;NT=Orbitrap Fusion	NT=Carbamidomethyl;AC=UNIMOD:4;TA=C;MT=Fixed	NT=Oxidation;MT=Variable;TA=M;AC=UNIMOD:35	NT=Acetyl;AC=UNIMOD:1;PP=Protein N-term;MT=variable		TMT128C	10 ppm	0.02 Da	1	Alzheimer's disease with dementia	Cerebrospinal fluid
PXD037367-Sample-1-TMT129N	Homo sapiens	Cerebrospinal fluid	Cerebrospinal fluid	not available	not available	79	not available	Male	Control	adult	not available	not available	6	not available	not available	6	6 PXD037367-Sample-1	proteomic profiling by mass spectrometry	PXD037367	19080-001.raw	ftp://ftp.pride.ebi.ac.uk/pride/data/archive/2023/07/PXD037367/19080-001.raw	1	AC=MS:1002416;NT=Orbitrap Fusion	NT=Carbamidomethyl;AC=UNIMOD:4;TA=C;MT=Fixed	NT=Oxidation;MT=Variable;TA=M;AC=UNIMOD:35	NT=Acetyl;AC=UNIMOD:1;PP=Protein N-term;MT=variable		TMT129N	10 ppm	0.02 Da	1	Control	Cerebrospinal fluid
PXD037367-Sample-1-TMT129C	Homo sapiens	Cerebrospinal fluid	Cerebrospinal fluid	not available	not available	63	not available	Female	Control	adult	not available	not available	7	not available	not available	7	7 PXD037367-Sample-1	proteomic profiling by mass spectrometry	PXD037367	19080-001.raw	ftp://ftp.pride.ebi.ac.uk/pride/data/archive/2023/07/PXD037367/19080-001.raw	1	AC=MS:1002416;NT=Orbitrap Fusion	NT=Carbamidomethyl;AC=UNIMOD:4;TA=C;MT=Fixed	NT=Oxidation;MT=Variable;TA=M;AC=UNIMOD:35	NT=Acetyl;AC=UNIMOD:1;PP=Protein N-term;MT=variable		TMT129C	10 ppm	0.02 Da	1	Control	Cerebrospinal fluid
PXD037367-Sample-1-TMT130N	Homo sapiens	Cerebrospinal fluid	Cerebrospinal fluid	not available	not available	63	not available	Male	Control	adult	not available	not available	8	not available	not available	8	8 PXD037367-Sample-1	proteomic profiling by mass spectrometry	PXD037367	19080-001.raw	ftp://ftp.pride.ebi.ac.uk/pride/data/archive/2023/07/PXD037367/19080-001.raw	1	AC=MS:1002416;NT=Orbitrap Fusion	NT=Carbamidomethyl;AC=UNIMOD:4;TA=C;MT=Fixed	NT=Oxidation;MT=Variable;TA=M;AC=UNIMOD:35	NT=Acetyl;AC=UNIMOD:1;PP=Protein N-term;MT=variable		TMT130N	10 ppm	0.02 Da	1	Control	Cerebrospinal fluid
PXD037367-Sample-1-TMT130C	Homo sapiens	Cerebrospinal fluid	Cerebrospinal fluid	not available	not available	66	not available	Female	Control	adult	not available	not available	9	not available	not available	9	9 PXD037367-Sample-1	proteomic profiling by mass spectrometry	PXD037367	19080-001.raw	ftp://ftp.pride.ebi.ac.uk/pride/data/archive/2023/07/PXD037367/19080-001.raw	1	AC=MS:1002416;NT=Orbitrap Fusion	NT=Carbamidomethyl;AC=UNIMOD:4;TA=C;MT=Fixed	NT=Oxidation;MT=Variable;TA=M;AC=UNIMOD:35	NT=Acetyl;AC=UNIMOD:1;PP=Protein N-term;MT=variable		TMT130C	10 ppm	0.02 Da	1	Control	Cerebrospinal fluid
PXD037367-Sample-1-TMT131N	Homo sapiens	Cerebrospinal fluid	Cerebrospinal fluid	not available	not available	73	not available	Female	Control	adult	not available	not available	10	not available	not available	10	10 PXD037367-Sample-1	proteomic profiling by mass spectrometry	PXD037367	19080-001.raw	ftp://ftp.pride.ebi.ac.uk/pride/data/archive/2023/07/PXD037367/19080-001.raw	1	AC=MS:1002416;NT=Orbitrap Fusion	NT=Carbamidomethyl;AC=UNIMOD:4;TA=C;MT=Fixed	NT=Oxidation;MT=Variable;TA=M;AC=UNIMOD:35	NT=Acetyl;AC=UNIMOD:1;PP=Protein N-term;MT=variable		TMT131N	10 ppm	0.02 Da	1	Control	Cerebrospinal fluid
PXD037367-Sample-1-TMT131C	Homo sapiens	Global Internal Standard	Global Internal Standard	not applicable	not applicable	not applicable	not applicable	not applicable	Global Internal Standard	not applicable	not applicable	not applicable	not applicable	not applicable	not applicable	not applicable	11 PXD037367-Sample-1	proteomic profiling by mass spectrometry	PXD037367	19080-001.raw	ftp://ftp.pride.ebi.ac.uk/pride/data/archive/2023/07/PXD037367/19080-001.raw	1	AC=MS:1002416;NT=Orbitrap Fusion	NT=Carbamidomethyl;AC=UNIMOD:4;TA=C;MT=Fixed	NT=Oxidation;MT=Variable;TA=M;AC=UNIMOD:35	NT=Acetyl;AC=UNIMOD:1;PP=Protein N-term;MT=variable		TMT131C	10 ppm	0.02 Da	1	Global Internal Standard	Global Internal Standard
PXD037367-Sample-2-TMT126	Homo sapiens	Cerebrospinal fluid	Cerebrospinal fluid	not available	not available	68	not available	Male	Alzheimer's disease with dementia	adult	not available	not available	1	not available	not available	1	1 PXD037367-Sample-2	proteomic profiling by mass spectrometry	PXD037367	19080-002.raw	ftp://ftp.pride.ebi.ac.uk/pride/data/archive/2023/07/PXD037367/19080-002.raw	2	AC=MS:1002416;NT=Orbitrap Fusion	NT=Carbamidomethyl;AC=UNIMOD:4;TA=C;MT=Fixed	NT=Oxidation;MT=Variable;TA=M;AC=UNIMOD:35	NT=Acetyl;AC=UNIMOD:1;PP=Protein N-term;MT=variable		TMT126	10 ppm	0.02 Da	1	Alzheimer's disease with dementia	Cerebrospinal fluid
PXD037367-Sample-2-TMT127N	Homo sapiens	Cerebrospinal fluid	Cerebrospinal fluid	not available	not available	70	not available	Male	Alzheimer's disease with dementia	adult	not available	not available	2	not available	not available	2	2 PXD037367-Sample-2	proteomic profiling by mass spectrometry	PXD037367	19080-002.raw	ftp://ftp.pride.ebi.ac.uk/pride/data/archive/2023/07/PXD037367/19080-002.raw	2	AC=MS:1002416;NT=Orbitrap Fusion	NT=Carbamidomethyl;AC=UNIMOD:4;TA=C;MT=Fixed	NT=Oxidation;MT=Variable;TA=M;AC=UNIMOD:35	NT=Acetyl;AC=UNIMOD:1;PP=Protein N-term;MT=variable		TMT127N	10 ppm	0.02 Da	1	Alzheimer's disease with dementia	Cerebrospinal fluid
PXD037367-Sample-2-TMT127C	Homo sapiens	Cerebrospinal fluid	Cerebrospinal fluid	not available	not available	68	not available	Female	Alzheimer's disease with dementia	adult	not available	not available	3	not available	not available	3	3 PXD037367-Sample-2	proteomic profiling by mass spectrometry	PXD037367	19080-002.raw	ftp://ftp.pride.ebi.ac.uk/pride/data/archive/2023/07/PXD037367/19080-002.raw	2	AC=MS:1002416;NT=Orbitrap Fusion	NT=Carbamidomethyl;AC=UNIMOD:4;TA=C;MT=Fixed	NT=Oxidation;MT=Variable;TA=M;AC=UNIMOD:35	NT=Acetyl;AC=UNIMOD:1;PP=Protein N-term;MT=variable		TMT127C	10 ppm	0.02 Da	1	Alzheimer's disease with dementia	Cerebrospinal fluid
PXD037367-Sample-2-TMT128N	Homo sapiens	Cerebrospinal fluid	Cerebrospinal fluid	not available	not available	73	not available	Female	Alzheimer's disease with dementia	adult	not available	not available	4	not available	not available	4	4 PXD037367-Sample-2	proteomic profiling by mass spectrometry	PXD037367	19080-002.raw	ftp://ftp.pride.ebi.ac.uk/pride/data/archive/2023/07/PXD037367/19080-002.raw	2	AC=MS:1002416;NT=Orbitrap Fusion	NT=Carbamidomethyl;AC=UNIMOD:4;TA=C;MT=Fixed	NT=Oxidation;MT=Variable;TA=M;AC=UNIMOD:35	NT=Acetyl;AC=UNIMOD:1;PP=Protein N-term;MT=variable		TMT128N	10 ppm	0.02 Da	1	Alzheimer's disease with dementia	Cerebrospinal fluid
PXD037367-Sample-2-TMT128C	Homo sapiens	Cerebrospinal fluid	Cerebrospinal fluid	not available	not available	68	not available	Female	Alzheimer's disease with dementia	adult	not available	not available	5	not available	not available	5	5 PXD037367-Sample-2	proteomic profiling by mass spectrometry	PXD037367	19080-002.raw	ftp://ftp.pride.ebi.ac.uk/pride/data/archive/2023/07/PXD037367/19080-002.raw	2	AC=MS:1002416;NT=Orbitrap Fusion	NT=Carbamidomethyl;AC=UNIMOD:4;TA=C;MT=Fixed	NT=Oxidation;MT=Variable;TA=M;AC=UNIMOD:35	NT=Acetyl;AC=UNIMOD:1;PP=Protein N-term;MT=variable		TMT128C	10 ppm	0.02 Da	1	Alzheimer's disease with dementia	Cerebrospinal fluid
PXD037367-Sample-2-TMT129N	Homo sapiens	Cerebrospinal fluid	Cerebrospinal fluid	not available	not available	79	not available	Male	Control	adult	not available	not available	6	not available	not available	6	6 PXD037367-Sample-2	proteomic profiling by mass spectrometry	PXD037367	19080-002.raw	ftp://ftp.pride.ebi.ac.uk/pride/data/archive/2023/07/PXD037367/19080-002.raw	2	AC=MS:1002416;NT=Orbitrap Fusion	NT=Carbamidomethyl;AC=UNIMOD:4;TA=C;MT=Fixed	NT=Oxidation;MT=Variable;TA=M;AC=UNIMOD:35	NT=Acetyl;AC=UNIMOD:1;PP=Protein N-term;MT=variable		TMT129N	10 ppm	0.02 Da	1	Control	Cerebrospinal fluid
PXD037367-Sample-2-TMT129C	Homo sapiens	Cerebrospinal fluid	Cerebrospinal fluid	not available	not available	63	not available	Female	Control	adult	not available	not available	7	not available	not available	7	7 PXD037367-Sample-2	proteomic profiling by mass spectrometry	PXD037367	19080-002.raw	ftp://ftp.pride.ebi.ac.uk/pride/data/archive/2023/07/PXD037367/19080-002.raw	2	AC=MS:1002416;NT=Orbitrap Fusion	NT=Carbamidomethyl;AC=UNIMOD:4;TA=C;MT=Fixed	NT=Oxidation;MT=Variable;TA=M;AC=UNIMOD:35	NT=Acetyl;AC=UNIMOD:1;PP=Protein N-term;MT=variable		TMT129C	10 ppm	0.02 Da	1	Control	Cerebrospinal fluid
PXD037367-Sample-2-TMT130N	Homo sapiens	Cerebrospinal fluid	Cerebrospinal fluid	not available	not available	63	not available	Male	Control	adult	not available	not available	8	not available	not available	8	8 PXD037367-Sample-2	proteomic profiling by mass spectrometry	PXD037367	19080-002.raw	ftp://ftp.pride.ebi.ac.uk/pride/data/archive/2023/07/PXD037367/19080-002.raw	2	AC=MS:1002416;NT=Orbitrap Fusion	NT=Carbamidomethyl;AC=UNIMOD:4;TA=C;MT=Fixed	NT=Oxidation;MT=Variable;TA=M;AC=UNIMOD:35	NT=Acetyl;AC=UNIMOD:1;PP=Protein N-term;MT=variable		TMT130N	10 ppm	0.02 Da	1	Control	Cerebrospinal fluid
PXD037367-Sample-2-TMT130C	Homo sapiens	Cerebrospinal fluid	Cerebrospinal fluid	not available	not available	66	not available	Female	Control	adult	not available	not available	9	not available	not available	9	9 PXD037367-Sample-2	proteomic profiling by mass spectrometry	PXD037367	19080-002.raw	ftp://ftp.pride.ebi.ac.uk/pride/data/archive/2023/07/PXD037367/19080-002.raw	2	AC=MS:1002416;NT=Orbitrap Fusion	NT=Carbamidomethyl;AC=UNIMOD:4;TA=C;MT=Fixed	NT=Oxidation;MT=Variable;TA=M;AC=UNIMOD:35	NT=Acetyl;AC=UNIMOD:1;PP=Protein N-term;MT=variable		TMT130C	10 ppm	0.02 Da	1	Control	Cerebrospinal fluid
PXD037367-Sample-2-TMT131N	Homo sapiens	Cerebrospinal fluid	Cerebrospinal fluid	not available	not available	73	not available	Female	Control	adult	not available	not available	10	not available	not available	10	10 PXD037367-Sample-2	proteomic profiling by mass spectrometry	PXD037367	19080-002.raw	ftp://ftp.pride.ebi.ac.uk/pride/data/archive/2023/07/PXD037367/19080-002.raw	2	AC=MS:1002416;NT=Orbitrap Fusion	NT=Carbamidomethyl;AC=UNIMOD:4;TA=C;MT=Fixed	NT=Oxidation;MT=Variable;TA=M;AC=UNIMOD:35	NT=Acetyl;AC=UNIMOD:1;PP=Protein N-term;MT=variable		TMT131N	10 ppm	0.02 Da	1	Control	Cerebrospinal fluid
PXD037367-Sample-2-TMT131C	Homo sapiens	Global Internal Standard	Global Internal Standard	not applicable	not applicable	not applicable	not applicable	not applicable	Global Internal Standard	not applicable	not applicable	not applicable	not applicable	not applicable	not applicable	not applicable	11 PXD037367-Sample-2	proteomic profiling by mass spectrometry	PXD037367	19080-002.raw	ftp://ftp.pride.ebi.ac.uk/pride/data/archive/2023/07/PXD037367/19080-002.raw	2	AC=MS:1002416;NT=Orbitrap Fusion	NT=Carbamidomethyl;AC=UNIMOD:4;TA=C;MT=Fixed	NT=Oxidation;MT=Variable;TA=M;AC=UNIMOD:35	NT=Acetyl;AC=UNIMOD:1;PP=Protein N-term;MT=variable		TMT131C	10 ppm	0.02 Da	1	Global Internal Standard	Global Internal Standard
PXD037367-Sample-3-TMT126	Homo sapiens	Cerebrospinal fluid	Cerebrospinal fluid	not available	not available	68	not available	Male	Alzheimer's disease with dementia	adult	not available	not available	1	not available	not available	1	1 PXD037367-Sample-3	proteomic profiling by mass spectrometry	PXD037367	19080-003.raw	ftp://ftp.pride.ebi.ac.uk/pride/data/archive/2023/07/PXD037367/19080-003.raw	3	AC=MS:1002416;NT=Orbitrap Fusion	NT=Carbamidomethyl;AC=UNIMOD:4;TA=C;MT=Fixed	NT=Oxidation;MT=Variable;TA=M;AC=UNIMOD:35	NT=Acetyl;AC=UNIMOD:1;PP=Protein N-term;MT=variable		TMT126	10 ppm	0.02 Da	1	Alzheimer's disease with dementia	Cerebrospinal fluid
PXD037367-Sample-3-TMT127N	Homo sapiens	Cerebrospinal fluid	Cerebrospinal fluid	not available	not available	70	not available	Male	Alzheimer's disease with dementia	adult	not available	not available	2	not available	not available	2	2 PXD037367-Sample-3	proteomic profiling by mass spectrometry	PXD037367	19080-003.raw	ftp://ftp.pride.ebi.ac.uk/pride/data/archive/2023/07/PXD037367/19080-003.raw	3	AC=MS:1002416;NT=Orbitrap Fusion	NT=Carbamidomethyl;AC=UNIMOD:4;TA=C;MT=Fixed	NT=Oxidation;MT=Variable;TA=M;AC=UNIMOD:35	NT=Acetyl;AC=UNIMOD:1;PP=Protein N-term;MT=variable		TMT127N	10 ppm	0.02 Da	1	Alzheimer's disease with dementia	Cerebrospinal fluid
PXD037367-Sample-3-TMT127C	Homo sapiens	Cerebrospinal fluid	Cerebrospinal fluid	not available	not available	68	not available	Female	Alzheimer's disease with dementia	adult	not available	not available	3	not available	not available	3	3 PXD037367-Sample-3	proteomic profiling by mass spectrometry	PXD037367	19080-003.raw	ftp://ftp.pride.ebi.ac.uk/pride/data/archive/2023/07/PXD037367/19080-003.raw	3	AC=MS:1002416;NT=Orbitrap Fusion	NT=Carbamidomethyl;AC=UNIMOD:4;TA=C;MT=Fixed	NT=Oxidation;MT=Variable;TA=M;AC=UNIMOD:35	NT=Acetyl;AC=UNIMOD:1;PP=Protein N-term;MT=variable		TMT127C	10 ppm	0.02 Da	1	Alzheimer's disease with dementia	Cerebrospinal fluid
PXD037367-Sample-3-TMT128N	Homo sapiens	Cerebrospinal fluid	Cerebrospinal fluid	not available	not available	73	not available	Female	Alzheimer's disease with dementia	adult	not available	not available	4	not available	not available	4	4 PXD037367-Sample-3	proteomic profiling by mass spectrometry	PXD037367	19080-003.raw	ftp://ftp.pride.ebi.ac.uk/pride/data/archive/2023/07/PXD037367/19080-003.raw	3	AC=MS:1002416;NT=Orbitrap Fusion	NT=Carbamidomethyl;AC=UNIMOD:4;TA=C;MT=Fixed	NT=Oxidation;MT=Variable;TA=M;AC=UNIMOD:35	NT=Acetyl;AC=UNIMOD:1;PP=Protein N-term;MT=variable		TMT128N	10 ppm	0.02 Da	1	Alzheimer's disease with dementia	Cerebrospinal fluid
PXD037367-Sample-3-TMT128C	Homo sapiens	Cerebrospinal fluid	Cerebrospinal fluid	not available	not available	68	not available	Female	Alzheimer's disease with dementia	adult	not available	not available	5	not available	not available	5	5 PXD037367-Sample-3	proteomic profiling by mass spectrometry	PXD037367	19080-003.raw	ftp://ftp.pride.ebi.ac.uk/pride/data/archive/2023/07/PXD037367/19080-003.raw	3	AC=MS:1002416;NT=Orbitrap Fusion	NT=Carbamidomethyl;AC=UNIMOD:4;TA=C;MT=Fixed	NT=Oxidation;MT=Variable;TA=M;AC=UNIMOD:35	NT=Acetyl;AC=UNIMOD:1;PP=Protein N-term;MT=variable		TMT128C	10 ppm	0.02 Da	1	Alzheimer's disease with dementia	Cerebrospinal fluid
PXD037367-Sample-3-TMT129N	Homo sapiens	Cerebrospinal fluid	Cerebrospinal fluid	not available	not available	79	not available	Male	Control	adult	not available	not available	6	not available	not available	6	6 PXD037367-Sample-3	proteomic profiling by mass spectrometry	PXD037367	19080-003.raw	ftp://ftp.pride.ebi.ac.uk/pride/data/archive/2023/07/PXD037367/19080-003.raw	3	AC=MS:1002416;NT=Orbitrap Fusion	NT=Carbamidomethyl;AC=UNIMOD:4;TA=C;MT=Fixed	NT=Oxidation;MT=Variable;TA=M;AC=UNIMOD:35	NT=Acetyl;AC=UNIMOD:1;PP=Protein N-term;MT=variable		TMT129N	10 ppm	0.02 Da	1	Control	Cerebrospinal fluid
PXD037367-Sample-3-TMT129C	Homo sapiens	Cerebrospinal fluid	Cerebrospinal fluid	not available	not available	63	not available	Female	Control	adult	not available	not available	7	not available	not available	7	7 PXD037367-Sample-3	proteomic profiling by mass spectrometry	PXD037367	19080-003.raw	ftp://ftp.pride.ebi.ac.uk/pride/data/archive/2023/07/PXD037367/19080-003.raw	3	AC=MS:1002416;NT=Orbitrap Fusion	NT=Carbamidomethyl;AC=UNIMOD:4;TA=C;MT=Fixed	NT=Oxidation;MT=Variable;TA=M;AC=UNIMOD:35	NT=Acetyl;AC=UNIMOD:1;PP=Protein N-term;MT=variable		TMT129C	10 ppm	0.02 Da	1	Control	Cerebrospinal fluid
PXD037367-Sample-3-TMT130N	Homo sapiens	Cerebrospinal fluid	Cerebrospinal fluid	not available	not available	63	not available	Male	Control	adult	not available	not available	8	not available	not available	8	8 PXD037367-Sample-3	proteomic profiling by mass spectrometry	PXD037367	19080-003.raw	ftp://ftp.pride.ebi.ac.uk/pride/data/archive/2023/07/PXD037367/19080-003.raw	3	AC=MS:1002416;NT=Orbitrap Fusion	NT=Carbamidomethyl;AC=UNIMOD:4;TA=C;MT=Fixed	NT=Oxidation;MT=Variable;TA=M;AC=UNIMOD:35	NT=Acetyl;AC=UNIMOD:1;PP=Protein N-term;MT=variable		TMT130N	10 ppm	0.02 Da	1	Control	Cerebrospinal fluid
PXD037367-Sample-3-TMT130C	Homo sapiens	Cerebrospinal fluid	Cerebrospinal fluid	not available	not available	66	not available	Female	Control	adult	not available	not available	9	not available	not available	9	9 PXD037367-Sample-3	proteomic profiling by mass spectrometry	PXD037367	19080-003.raw	ftp://ftp.pride.ebi.ac.uk/pride/data/archive/2023/07/PXD037367/19080-003.raw	3	AC=MS:1002416;NT=Orbitrap Fusion	NT=Carbamidomethyl;AC=UNIMOD:4;TA=C;MT=Fixed	NT=Oxidation;MT=Variable;TA=M;AC=UNIMOD:35	NT=Acetyl;AC=UNIMOD:1;PP=Protein N-term;MT=variable		TMT130C	10 ppm	0.02 Da	1	Control	Cerebrospinal fluid
PXD037367-Sample-3-TMT131N	Homo sapiens	Cerebrospinal fluid	Cerebrospinal fluid	not available	not available	73	not available	Female	Control	adult	not available	not available	10	not available	not available	10	10 PXD037367-Sample-3	proteomic profiling by mass spectrometry	PXD037367	19080-003.raw	ftp://ftp.pride.ebi.ac.uk/pride/data/archive/2023/07/PXD037367/19080-003.raw	3	AC=MS:1002416;NT=Orbitrap Fusion	NT=Carbamidomethyl;AC=UNIMOD:4;TA=C;MT=Fixed	NT=Oxidation;MT=Variable;TA=M;AC=UNIMOD:35	NT=Acetyl;AC=UNIMOD:1;PP=Protein N-term;MT=variable		TMT131N	10 ppm	0.02 Da	1	Control	Cerebrospinal fluid
PXD037367-Sample-3-TMT131C	Homo sapiens	Global Internal Standard	Global Internal Standard	not applicable	not applicable	not applicable	not applicable	not applicable	Global Internal Standard	not applicable	not applicable	not applicable	not applicable	not applicable	not applicable	not applicable	11 PXD037367-Sample-3	proteomic profiling by mass spectrometry	PXD037367	19080-003.raw	ftp://ftp.pride.ebi.ac.uk/pride/data/archive/2023/07/PXD037367/19080-003.raw	3	AC=MS:1002416;NT=Orbitrap Fusion	NT=Carbamidomethyl;AC=UNIMOD:4;TA=C;MT=Fixed	NT=Oxidation;MT=Variable;TA=M;AC=UNIMOD:35	NT=Acetyl;AC=UNIMOD:1;PP=Protein N-term;MT=variable		TMT131C	10 ppm	0.02 Da	1	Global Internal Standard	Global Internal Standard
PXD037367-Sample-4-TMT126	Homo sapiens	Cerebrospinal fluid	Cerebrospinal fluid	not available	not available	68	not available	Male	Alzheimer's disease with dementia	adult	not available	not available	1	not available	not available	1	1 PXD037367-Sample-4	proteomic profiling by mass spectrometry	PXD037367	19080-004.raw	ftp://ftp.pride.ebi.ac.uk/pride/data/archive/2023/07/PXD037367/19080-004.raw	4	AC=MS:1002416;NT=Orbitrap Fusion	NT=Carbamidomethyl;AC=UNIMOD:4;TA=C;MT=Fixed	NT=Oxidation;MT=Variable;TA=M;AC=UNIMOD:35	NT=Acetyl;AC=UNIMOD:1;PP=Protein N-term;MT=variable		TMT126	10 ppm	0.02 Da	1	Alzheimer's disease with dementia	Cerebrospinal fluid
PXD037367-Sample-4-TMT127N	Homo sapiens	Cerebrospinal fluid	Cerebrospinal fluid	not available	not available	70	not available	Male	Alzheimer's disease with dementia	adult	not available	not available	2	not available	not available	2	2 PXD037367-Sample-4	proteomic profiling by mass spectrometry	PXD037367	19080-004.raw	ftp://ftp.pride.ebi.ac.uk/pride/data/archive/2023/07/PXD037367/19080-004.raw	4	AC=MS:1002416;NT=Orbitrap Fusion	NT=Carbamidomethyl;AC=UNIMOD:4;TA=C;MT=Fixed	NT=Oxidation;MT=Variable;TA=M;AC=UNIMOD:35	NT=Acetyl;AC=UNIMOD:1;PP=Protein N-term;MT=variable		TMT127N	10 ppm	0.02 Da	1	Alzheimer's disease with dementia	Cerebrospinal fluid
PXD037367-Sample-4-TMT127C	Homo sapiens	Cerebrospinal fluid	Cerebrospinal fluid	not available	not available	68	not available	Female	Alzheimer's disease with dementia	adult	not available	not available	3	not available	not available	3	3 PXD037367-Sample-4	proteomic profiling by mass spectrometry	PXD037367	19080-004.raw	ftp://ftp.pride.ebi.ac.uk/pride/data/archive/2023/07/PXD037367/19080-004.raw	4	AC=MS:1002416;NT=Orbitrap Fusion	NT=Carbamidomethyl;AC=UNIMOD:4;TA=C;MT=Fixed	NT=Oxidation;MT=Variable;TA=M;AC=UNIMOD:35	NT=Acetyl;AC=UNIMOD:1;PP=Protein N-term;MT=variable		TMT127C	10 ppm	0.02 Da	1	Alzheimer's disease with dementia	Cerebrospinal fluid
PXD037367-Sample-4-TMT128N	Homo sapiens	Cerebrospinal fluid	Cerebrospinal fluid	not available	not available	73	not available	Female	Alzheimer's disease with dementia	adult	not available	not available	4	not available	not available	4	4 PXD037367-Sample-4	proteomic profiling by mass spectrometry	PXD037367	19080-004.raw	ftp://ftp.pride.ebi.ac.uk/pride/data/archive/2023/07/PXD037367/19080-004.raw	4	AC=MS:1002416;NT=Orbitrap Fusion	NT=Carbamidomethyl;AC=UNIMOD:4;TA=C;MT=Fixed	NT=Oxidation;MT=Variable;TA=M;AC=UNIMOD:35	NT=Acetyl;AC=UNIMOD:1;PP=Protein N-term;MT=variable		TMT128N	10 ppm	0.02 Da	1	Alzheimer's disease with dementia	Cerebrospinal fluid
PXD037367-Sample-4-TMT128C	Homo sapiens	Cerebrospinal fluid	Cerebrospinal fluid	not available	not available	68	not available	Female	Alzheimer's disease with dementia	adult	not available	not available	5	not available	not available	5	5 PXD037367-Sample-4	proteomic profiling by mass spectrometry	PXD037367	19080-004.raw	ftp://ftp.pride.ebi.ac.uk/pride/data/archive/2023/07/PXD037367/19080-004.raw	4	AC=MS:1002416;NT=Orbitrap Fusion	NT=Carbamidomethyl;AC=UNIMOD:4;TA=C;MT=Fixed	NT=Oxidation;MT=Variable;TA=M;AC=UNIMOD:35	NT=Acetyl;AC=UNIMOD:1;PP=Protein N-term;MT=variable		TMT128C	10 ppm	0.02 Da	1	Alzheimer's disease with dementia	Cerebrospinal fluid
PXD037367-Sample-4-TMT129N	Homo sapiens	Cerebrospinal fluid	Cerebrospinal fluid	not available	not available	79	not available	Male	Control	adult	not available	not available	6	not available	not available	6	6 PXD037367-Sample-4	proteomic profiling by mass spectrometry	PXD037367	19080-004.raw	ftp://ftp.pride.ebi.ac.uk/pride/data/archive/2023/07/PXD037367/19080-004.raw	4	AC=MS:1002416;NT=Orbitrap Fusion	NT=Carbamidomethyl;AC=UNIMOD:4;TA=C;MT=Fixed	NT=Oxidation;MT=Variable;TA=M;AC=UNIMOD:35	NT=Acetyl;AC=UNIMOD:1;PP=Protein N-term;MT=variable		TMT129N	10 ppm	0.02 Da	1	Control	Cerebrospinal fluid
PXD037367-Sample-4-TMT129C	Homo sapiens	Cerebrospinal fluid	Cerebrospinal fluid	not available	not available	63	not available	Female	Control	adult	not available	not available	7	not available	not available	7	7 PXD037367-Sample-4	proteomic profiling by mass spectrometry	PXD037367	19080-004.raw	ftp://ftp.pride.ebi.ac.uk/pride/data/archive/2023/07/PXD037367/19080-004.raw	4	AC=MS:1002416;NT=Orbitrap Fusion	NT=Carbamidomethyl;AC=UNIMOD:4;TA=C;MT=Fixed	NT=Oxidation;MT=Variable;TA=M;AC=UNIMOD:35	NT=Acetyl;AC=UNIMOD:1;PP=Protein N-term;MT=variable		TMT129C	10 ppm	0.02 Da	1	Control	Cerebrospinal fluid
PXD037367-Sample-4-TMT130N	Homo sapiens	Cerebrospinal fluid	Cerebrospinal fluid	not available	not available	63	not available	Male	Control	adult	not available	not available	8	not available	not available	8	8 PXD037367-Sample-4	proteomic profiling by mass spectrometry	PXD037367	19080-004.raw	ftp://ftp.pride.ebi.ac.uk/pride/data/archive/2023/07/PXD037367/19080-004.raw	4	AC=MS:1002416;NT=Orbitrap Fusion	NT=Carbamidomethyl;AC=UNIMOD:4;TA=C;MT=Fixed	NT=Oxidation;MT=Variable;TA=M;AC=UNIMOD:35	NT=Acetyl;AC=UNIMOD:1;PP=Protein N-term;MT=variable		TMT130N	10 ppm	0.02 Da	1	Control	Cerebrospinal fluid
PXD037367-Sample-4-TMT130C	Homo sapiens	Cerebrospinal fluid	Cerebrospinal fluid	not available	not available	66	not available	Female	Control	adult	not available	not available	9	not available	not available	9	9 PXD037367-Sample-4	proteomic profiling by mass spectrometry	PXD037367	19080-004.raw	ftp://ftp.pride.ebi.ac.uk/pride/data/archive/2023/07/PXD037367/19080-004.raw	4	AC=MS:1002416;NT=Orbitrap Fusion	NT=Carbamidomethyl;AC=UNIMOD:4;TA=C;MT=Fixed	NT=Oxidation;MT=Variable;TA=M;AC=UNIMOD:35	NT=Acetyl;AC=UNIMOD:1;PP=Protein N-term;MT=variable		TMT130C	10 ppm	0.02 Da	1	Control	Cerebrospinal fluid
PXD037367-Sample-4-TMT131N	Homo sapiens	Cerebrospinal fluid	Cerebrospinal fluid	not available	not available	73	not available	Female	Control	adult	not available	not available	10	not available	not available	10	10 PXD037367-Sample-4	proteomic profiling by mass spectrometry	PXD037367	19080-004.raw	ftp://ftp.pride.ebi.ac.uk/pride/data/archive/2023/07/PXD037367/19080-004.raw	4	AC=MS:1002416;NT=Orbitrap Fusion	NT=Carbamidomethyl;AC=UNIMOD:4;TA=C;MT=Fixed	NT=Oxidation;MT=Variable;TA=M;AC=UNIMOD:35	NT=Acetyl;AC=UNIMOD:1;PP=Protein N-term;MT=variable		TMT131N	10 ppm	0.02 Da	1	Control	Cerebrospinal fluid
PXD037367-Sample-4-TMT131C	Homo sapiens	Global Internal Standard	Global Internal Standard	not applicable	not applicable	not applicable	not applicable	not applicable	Global Internal Standard	not applicable	not applicable	not applicable	not applicable	not applicable	not applicable	not applicable	11 PXD037367-Sample-4	proteomic profiling by mass spectrometry	PXD037367	19080-004.raw	ftp://ftp.pride.ebi.ac.uk/pride/data/archive/2023/07/PXD037367/19080-004.raw	4	AC=MS:1002416;NT=Orbitrap Fusion	NT=Carbamidomethyl;AC=UNIMOD:4;TA=C;MT=Fixed	NT=Oxidation;MT=Variable;TA=M;AC=UNIMOD:35	NT=Acetyl;AC=UNIMOD:1;PP=Protein N-term;MT=variable		TMT131C	10 ppm	0.02 Da	1	Global Internal Standard	Global Internal Standard
PXD037367-Sample-5-TMT126	Homo sapiens	Cerebrospinal fluid	Cerebrospinal fluid	not available	not available	68	not available	Male	Alzheimer's disease with dementia	adult	not available	not available	1	not available	not available	1	1 PXD037367-Sample-5	proteomic profiling by mass spectrometry	PXD037367	19080-005.raw	ftp://ftp.pride.ebi.ac.uk/pride/data/archive/2023/07/PXD037367/19080-005.raw	5	AC=MS:1002416;NT=Orbitrap Fusion	NT=Carbamidomethyl;AC=UNIMOD:4;TA=C;MT=Fixed	NT=Oxidation;MT=Variable;TA=M;AC=UNIMOD:35	NT=Acetyl;AC=UNIMOD:1;PP=Protein N-term;MT=variable		TMT126	10 ppm	0.02 Da	1	Alzheimer's disease with dementia	Cerebrospinal fluid
PXD037367-Sample-5-TMT127N	Homo sapiens	Cerebrospinal fluid	Cerebrospinal fluid	not available	not available	70	not available	Male	Alzheimer's disease with dementia	adult	not available	not available	2	not available	not available	2	2 PXD037367-Sample-5	proteomic profiling by mass spectrometry	PXD037367	19080-005.raw	ftp://ftp.pride.ebi.ac.uk/pride/data/archive/2023/07/PXD037367/19080-005.raw	5	AC=MS:1002416;NT=Orbitrap Fusion	NT=Carbamidomethyl;AC=UNIMOD:4;TA=C;MT=Fixed	NT=Oxidation;MT=Variable;TA=M;AC=UNIMOD:35	NT=Acetyl;AC=UNIMOD:1;PP=Protein N-term;MT=variable		TMT127N	10 ppm	0.02 Da	1	Alzheimer's disease with dementia	Cerebrospinal fluid
PXD037367-Sample-5-TMT127C	Homo sapiens	Cerebrospinal fluid	Cerebrospinal fluid	not available	not available	68	not available	Female	Alzheimer's disease with dementia	adult	not available	not available	3	not available	not available	3	3 PXD037367-Sample-5	proteomic profiling by mass spectrometry	PXD037367	19080-005.raw	ftp://ftp.pride.ebi.ac.uk/pride/data/archive/2023/07/PXD037367/19080-005.raw	5	AC=MS:1002416;NT=Orbitrap Fusion	NT=Carbamidomethyl;AC=UNIMOD:4;TA=C;MT=Fixed	NT=Oxidation;MT=Variable;TA=M;AC=UNIMOD:35	NT=Acetyl;AC=UNIMOD:1;PP=Protein N-term;MT=variable		TMT127C	10 ppm	0.02 Da	1	Alzheimer's disease with dementia	Cerebrospinal fluid
PXD037367-Sample-5-TMT128N	Homo sapiens	Cerebrospinal fluid	Cerebrospinal fluid	not available	not available	73	not available	Female	Alzheimer's disease with dementia	adult	not available	not available	4	not available	not available	4	4 PXD037367-Sample-5	proteomic profiling by mass spectrometry	PXD037367	19080-005.raw	ftp://ftp.pride.ebi.ac.uk/pride/data/archive/2023/07/PXD037367/19080-005.raw	5	AC=MS:1002416;NT=Orbitrap Fusion	NT=Carbamidomethyl;AC=UNIMOD:4;TA=C;MT=Fixed	NT=Oxidation;MT=Variable;TA=M;AC=UNIMOD:35	NT=Acetyl;AC=UNIMOD:1;PP=Protein N-term;MT=variable		TMT128N	10 ppm	0.02 Da	1	Alzheimer's disease with dementia	Cerebrospinal fluid
PXD037367-Sample-5-TMT128C	Homo sapiens	Cerebrospinal fluid	Cerebrospinal fluid	not available	not available	68	not available	Female	Alzheimer's disease with dementia	adult	not available	not available	5	not available	not available	5	5 PXD037367-Sample-5	proteomic profiling by mass spectrometry	PXD037367	19080-005.raw	ftp://ftp.pride.ebi.ac.uk/pride/data/archive/2023/07/PXD037367/19080-005.raw	5	AC=MS:1002416;NT=Orbitrap Fusion	NT=Carbamidomethyl;AC=UNIMOD:4;TA=C;MT=Fixed	NT=Oxidation;MT=Variable;TA=M;AC=UNIMOD:35	NT=Acetyl;AC=UNIMOD:1;PP=Protein N-term;MT=variable		TMT128C	10 ppm	0.02 Da	1	Alzheimer's disease with dementia	Cerebrospinal fluid
PXD037367-Sample-5-TMT129N	Homo sapiens	Cerebrospinal fluid	Cerebrospinal fluid	not available	not available	79	not available	Male	Control	adult	not available	not available	6	not available	not available	6	6 PXD037367-Sample-5	proteomic profiling by mass spectrometry	PXD037367	19080-005.raw	ftp://ftp.pride.ebi.ac.uk/pride/data/archive/2023/07/PXD037367/19080-005.raw	5	AC=MS:1002416;NT=Orbitrap Fusion	NT=Carbamidomethyl;AC=UNIMOD:4;TA=C;MT=Fixed	NT=Oxidation;MT=Variable;TA=M;AC=UNIMOD:35	NT=Acetyl;AC=UNIMOD:1;PP=Protein N-term;MT=variable		TMT129N	10 ppm	0.02 Da	1	Control	Cerebrospinal fluid
PXD037367-Sample-5-TMT129C	Homo sapiens	Cerebrospinal fluid	Cerebrospinal fluid	not available	not available	63	not available	Female	Control	adult	not available	not available	7	not available	not available	7	7 PXD037367-Sample-5	proteomic profiling by mass spectrometry	PXD037367	19080-005.raw	ftp://ftp.pride.ebi.ac.uk/pride/data/archive/2023/07/PXD037367/19080-005.raw	5	AC=MS:1002416;NT=Orbitrap Fusion	NT=Carbamidomethyl;AC=UNIMOD:4;TA=C;MT=Fixed	NT=Oxidation;MT=Variable;TA=M;AC=UNIMOD:35	NT=Acetyl;AC=UNIMOD:1;PP=Protein N-term;MT=variable		TMT129C	10 ppm	0.02 Da	1	Control	Cerebrospinal fluid
PXD037367-Sample-5-TMT130N	Homo sapiens	Cerebrospinal fluid	Cerebrospinal fluid	not available	not available	63	not available	Male	Control	adult	not available	not available	8	not available	not available	8	8 PXD037367-Sample-5	proteomic profiling by mass spectrometry	PXD037367	19080-005.raw	ftp://ftp.pride.ebi.ac.uk/pride/data/archive/2023/07/PXD037367/19080-005.raw	5	AC=MS:1002416;NT=Orbitrap Fusion	NT=Carbamidomethyl;AC=UNIMOD:4;TA=C;MT=Fixed	NT=Oxidation;MT=Variable;TA=M;AC=UNIMOD:35	NT=Acetyl;AC=UNIMOD:1;PP=Protein N-term;MT=variable		TMT130N	10 ppm	0.02 Da	1	Control	Cerebrospinal fluid
PXD037367-Sample-5-TMT130C	Homo sapiens	Cerebrospinal fluid	Cerebrospinal fluid	not available	not available	66	not available	Female	Control	adult	not available	not available	9	not available	not available	9	9 PXD037367-Sample-5	proteomic profiling by mass spectrometry	PXD037367	19080-005.raw	ftp://ftp.pride.ebi.ac.uk/pride/data/archive/2023/07/PXD037367/19080-005.raw	5	AC=MS:1002416;NT=Orbitrap Fusion	NT=Carbamidomethyl;AC=UNIMOD:4;TA=C;MT=Fixed	NT=Oxidation;MT=Variable;TA=M;AC=UNIMOD:35	NT=Acetyl;AC=UNIMOD:1;PP=Protein N-term;MT=variable		TMT130C	10 ppm	0.02 Da	1	Control	Cerebrospinal fluid
PXD037367-Sample-5-TMT131N	Homo sapiens	Cerebrospinal fluid	Cerebrospinal fluid	not available	not available	73	not available	Female	Control	adult	not available	not available	10	not available	not available	10	10 PXD037367-Sample-5	proteomic profiling by mass spectrometry	PXD037367	19080-005.raw	ftp://ftp.pride.ebi.ac.uk/pride/data/archive/2023/07/PXD037367/19080-005.raw	5	AC=MS:1002416;NT=Orbitrap Fusion	NT=Carbamidomethyl;AC=UNIMOD:4;TA=C;MT=Fixed	NT=Oxidation;MT=Variable;TA=M;AC=UNIMOD:35	NT=Acetyl;AC=UNIMOD:1;PP=Protein N-term;MT=variable		TMT131N	10 ppm	0.02 Da	1	Control	Cerebrospinal fluid
PXD037367-Sample-5-TMT131C	Homo sapiens	Global Internal Standard	Global Internal Standard	not applicable	not applicable	not applicable	not applicable	not applicable	Global Internal Standard	not applicable	not applicable	not applicable	not applicable	not applicable	not applicable	not applicable	11 PXD037367-Sample-5	proteomic profiling by mass spectrometry	PXD037367	19080-005.raw	ftp://ftp.pride.ebi.ac.uk/pride/data/archive/2023/07/PXD037367/19080-005.raw	5	AC=MS:1002416;NT=Orbitrap Fusion	NT=Carbamidomethyl;AC=UNIMOD:4;TA=C;MT=Fixed	NT=Oxidation;MT=Variable;TA=M;AC=UNIMOD:35	NT=Acetyl;AC=UNIMOD:1;PP=Protein N-term;MT=variable		TMT131C	10 ppm	0.02 Da	1	Global Internal Standard	Global Internal Standard
PXD037367-Sample-6-TMT126	Homo sapiens	Cerebrospinal fluid	Cerebrospinal fluid	not available	not available	68	not available	Male	Alzheimer's disease with dementia	adult	not available	not available	1	not available	not available	1	1 PXD037367-Sample-6	proteomic profiling by mass spectrometry	PXD037367	19080-006.raw	ftp://ftp.pride.ebi.ac.uk/pride/data/archive/2023/07/PXD037367/19080-006.raw	6	AC=MS:1002416;NT=Orbitrap Fusion	NT=Carbamidomethyl;AC=UNIMOD:4;TA=C;MT=Fixed	NT=Oxidation;MT=Variable;TA=M;AC=UNIMOD:35	NT=Acetyl;AC=UNIMOD:1;PP=Protein N-term;MT=variable		TMT126	10 ppm	0.02 Da	1	Alzheimer's disease with dementia	Cerebrospinal fluid
PXD037367-Sample-6-TMT127N	Homo sapiens	Cerebrospinal fluid	Cerebrospinal fluid	not available	not available	70	not available	Male	Alzheimer's disease with dementia	adult	not available	not available	2	not available	not available	2	2 PXD037367-Sample-6	proteomic profiling by mass spectrometry	PXD037367	19080-006.raw	ftp://ftp.pride.ebi.ac.uk/pride/data/archive/2023/07/PXD037367/19080-006.raw	6	AC=MS:1002416;NT=Orbitrap Fusion	NT=Carbamidomethyl;AC=UNIMOD:4;TA=C;MT=Fixed	NT=Oxidation;MT=Variable;TA=M;AC=UNIMOD:35	NT=Acetyl;AC=UNIMOD:1;PP=Protein N-term;MT=variable		TMT127N	10 ppm	0.02 Da	1	Alzheimer's disease with dementia	Cerebrospinal fluid
PXD037367-Sample-6-TMT127C	Homo sapiens	Cerebrospinal fluid	Cerebrospinal fluid	not available	not available	68	not available	Female	Alzheimer's disease with dementia	adult	not available	not available	3	not available	not available	3	3 PXD037367-Sample-6	proteomic profiling by mass spectrometry	PXD037367	19080-006.raw	ftp://ftp.pride.ebi.ac.uk/pride/data/archive/2023/07/PXD037367/19080-006.raw	6	AC=MS:1002416;NT=Orbitrap Fusion	NT=Carbamidomethyl;AC=UNIMOD:4;TA=C;MT=Fixed	NT=Oxidation;MT=Variable;TA=M;AC=UNIMOD:35	NT=Acetyl;AC=UNIMOD:1;PP=Protein N-term;MT=variable		TMT127C	10 ppm	0.02 Da	1	Alzheimer's disease with dementia	Cerebrospinal fluid
PXD037367-Sample-6-TMT128N	Homo sapiens	Cerebrospinal fluid	Cerebrospinal fluid	not available	not available	73	not available	Female	Alzheimer's disease with dementia	adult	not available	not available	4	not available	not available	4	4 PXD037367-Sample-6	proteomic profiling by mass spectrometry	PXD037367	19080-006.raw	ftp://ftp.pride.ebi.ac.uk/pride/data/archive/2023/07/PXD037367/19080-006.raw	6	AC=MS:1002416;NT=Orbitrap Fusion	NT=Carbamidomethyl;AC=UNIMOD:4;TA=C;MT=Fixed	NT=Oxidation;MT=Variable;TA=M;AC=UNIMOD:35	NT=Acetyl;AC=UNIMOD:1;PP=Protein N-term;MT=variable		TMT128N	10 ppm	0.02 Da	1	Alzheimer's disease with dementia	Cerebrospinal fluid
PXD037367-Sample-6-TMT128C	Homo sapiens	Cerebrospinal fluid	Cerebrospinal fluid	not available	not available	68	not available	Female	Alzheimer's disease with dementia	adult	not available	not available	5	not available	not available	5	5 PXD037367-Sample-6	proteomic profiling by mass spectrometry	PXD037367	19080-006.raw	ftp://ftp.pride.ebi.ac.uk/pride/data/archive/2023/07/PXD037367/19080-006.raw	6	AC=MS:1002416;NT=Orbitrap Fusion	NT=Carbamidomethyl;AC=UNIMOD:4;TA=C;MT=Fixed	NT=Oxidation;MT=Variable;TA=M;AC=UNIMOD:35	NT=Acetyl;AC=UNIMOD:1;PP=Protein N-term;MT=variable		TMT128C	10 ppm	0.02 Da	1	Alzheimer's disease with dementia	Cerebrospinal fluid
PXD037367-Sample-6-TMT129N	Homo sapiens	Cerebrospinal fluid	Cerebrospinal fluid	not available	not available	79	not available	Male	Control	adult	not available	not available	6	not available	not available	6	6 PXD037367-Sample-6	proteomic profiling by mass spectrometry	PXD037367	19080-006.raw	ftp://ftp.pride.ebi.ac.uk/pride/data/archive/2023/07/PXD037367/19080-006.raw	6	AC=MS:1002416;NT=Orbitrap Fusion	NT=Carbamidomethyl;AC=UNIMOD:4;TA=C;MT=Fixed	NT=Oxidation;MT=Variable;TA=M;AC=UNIMOD:35	NT=Acetyl;AC=UNIMOD:1;PP=Protein N-term;MT=variable		TMT129N	10 ppm	0.02 Da	1	Control	Cerebrospinal fluid
PXD037367-Sample-6-TMT129C	Homo sapiens	Cerebrospinal fluid	Cerebrospinal fluid	not available	not available	63	not available	Female	Control	adult	not available	not available	7	not available	not available	7	7 PXD037367-Sample-6	proteomic profiling by mass spectrometry	PXD037367	19080-006.raw	ftp://ftp.pride.ebi.ac.uk/pride/data/archive/2023/07/PXD037367/19080-006.raw	6	AC=MS:1002416;NT=Orbitrap Fusion	NT=Carbamidomethyl;AC=UNIMOD:4;TA=C;MT=Fixed	NT=Oxidation;MT=Variable;TA=M;AC=UNIMOD:35	NT=Acetyl;AC=UNIMOD:1;PP=Protein N-term;MT=variable		TMT129C	10 ppm	0.02 Da	1	Control	Cerebrospinal fluid
PXD037367-Sample-6-TMT130N	Homo sapiens	Cerebrospinal fluid	Cerebrospinal fluid	not available	not available	63	not available	Male	Control	adult	not available	not available	8	not available	not available	8	8 PXD037367-Sample-6	proteomic profiling by mass spectrometry	PXD037367	19080-006.raw	ftp://ftp.pride.ebi.ac.uk/pride/data/archive/2023/07/PXD037367/19080-006.raw	6	AC=MS:1002416;NT=Orbitrap Fusion	NT=Carbamidomethyl;AC=UNIMOD:4;TA=C;MT=Fixed	NT=Oxidation;MT=Variable;TA=M;AC=UNIMOD:35	NT=Acetyl;AC=UNIMOD:1;PP=Protein N-term;MT=variable		TMT130N	10 ppm	0.02 Da	1	Control	Cerebrospinal fluid
PXD037367-Sample-6-TMT130C	Homo sapiens	Cerebrospinal fluid	Cerebrospinal fluid	not available	not available	66	not available	Female	Control	adult	not available	not available	9	not available	not available	9	9 PXD037367-Sample-6	proteomic profiling by mass spectrometry	PXD037367	19080-006.raw	ftp://ftp.pride.ebi.ac.uk/pride/data/archive/2023/07/PXD037367/19080-006.raw	6	AC=MS:1002416;NT=Orbitrap Fusion	NT=Carbamidomethyl;AC=UNIMOD:4;TA=C;MT=Fixed	NT=Oxidation;MT=Variable;TA=M;AC=UNIMOD:35	NT=Acetyl;AC=UNIMOD:1;PP=Protein N-term;MT=variable		TMT130C	10 ppm	0.02 Da	1	Control	Cerebrospinal fluid
PXD037367-Sample-6-TMT131N	Homo sapiens	Cerebrospinal fluid	Cerebrospinal fluid	not available	not available	73	not available	Female	Control	adult	not available	not available	10	not available	not available	10	10 PXD037367-Sample-6	proteomic profiling by mass spectrometry	PXD037367	19080-006.raw	ftp://ftp.pride.ebi.ac.uk/pride/data/archive/2023/07/PXD037367/19080-006.raw	6	AC=MS:1002416;NT=Orbitrap Fusion	NT=Carbamidomethyl;AC=UNIMOD:4;TA=C;MT=Fixed	NT=Oxidation;MT=Variable;TA=M;AC=UNIMOD:35	NT=Acetyl;AC=UNIMOD:1;PP=Protein N-term;MT=variable		TMT131N	10 ppm	0.02 Da	1	Control	Cerebrospinal fluid
PXD037367-Sample-6-TMT131C	Homo sapiens	Global Internal Standard	Global Internal Standard	not applicable	not applicable	not applicable	not applicable	not applicable	Global Internal Standard	not applicable	not applicable	not applicable	not applicable	not applicable	not applicable	not applicable	11 PXD037367-Sample-6	proteomic profiling by mass spectrometry	PXD037367	19080-006.raw	ftp://ftp.pride.ebi.ac.uk/pride/data/archive/2023/07/PXD037367/19080-006.raw	6	AC=MS:1002416;NT=Orbitrap Fusion	NT=Carbamidomethyl;AC=UNIMOD:4;TA=C;MT=Fixed	NT=Oxidation;MT=Variable;TA=M;AC=UNIMOD:35	NT=Acetyl;AC=UNIMOD:1;PP=Protein N-term;MT=variable		TMT131C	10 ppm	0.02 Da	1	Global Internal Standard	Global Internal Standard
PXD037367-Sample-7-TMT126	Homo sapiens	Brain	Angular gyrus	Brodmann area 39	not available	83	not available	Female	Alzheimer's disease with dementia	adult	not available	not available	11	not available	not available	11	1 PXD037367-Sample-7	proteomic profiling by mass spectrometry	PXD037368	21323-001.raw	ftp://ftp.pride.ebi.ac.uk/pride/data/archive/2023/07/PXD037367/21323-001.raw	1	AC=MS:1002416;NT=Orbitrap Fusion	NT=Carbamidomethyl;AC=UNIMOD:4;TA=C;MT=Fixed	NT=Oxidation;MT=Variable;TA=M;AC=UNIMOD:35	NT=Acetyl;AC=UNIMOD:1;PP=Protein N-term;MT=variable		TMT126	10 ppm	0.02 Da	1	Alzheimer's disease with dementia	Angular gyrus
PXD037367-Sample-7-TMT127N	Homo sapiens	Brain	Angular gyrus	Brodmann area 39	not available	83	not available	Female	Alzheimer's disease resilient	adult	not available	not available	12	not available	not available	12	2 PXD037367-Sample-7	proteomic profiling by mass spectrometry	PXD037369	21323-001.raw	ftp://ftp.pride.ebi.ac.uk/pride/data/archive/2023/07/PXD037367/21323-001.raw	1	AC=MS:1002416;NT=Orbitrap Fusion	NT=Carbamidomethyl;AC=UNIMOD:4;TA=C;MT=Fixed	NT=Oxidation;MT=Variable;TA=M;AC=UNIMOD:35	NT=Acetyl;AC=UNIMOD:1;PP=Protein N-term;MT=variable		TMT127N	10 ppm	0.02 Da	1	Alzheimer's disease resilient	Angular gyrus
PXD037367-Sample-7-TMT127C	Homo sapiens	Brain	Angular gyrus	Brodmann area 39	not available	98	not available	Female	Alzheimer's disease frail	adult	not available	not available	13	not available	not available	13	3 PXD037367-Sample-7	proteomic profiling by mass spectrometry	PXD037370	21323-001.raw	ftp://ftp.pride.ebi.ac.uk/pride/data/archive/2023/07/PXD037367/21323-001.raw	1	AC=MS:1002416;NT=Orbitrap Fusion	NT=Carbamidomethyl;AC=UNIMOD:4;TA=C;MT=Fixed	NT=Oxidation;MT=Variable;TA=M;AC=UNIMOD:35	NT=Acetyl;AC=UNIMOD:1;PP=Protein N-term;MT=variable		TMT127C	10 ppm	0.02 Da	1	Alzheimer's disease frail	Angular gyrus
PXD037367-Sample-7-TMT128N	Homo sapiens	Brain	Angular gyrus	Brodmann area 39	not available	97	not available	Male	Control	adult	not available	not available	14	not available	not available	14	4 PXD037367-Sample-7	proteomic profiling by mass spectrometry	PXD037371	21323-001.raw	ftp://ftp.pride.ebi.ac.uk/pride/data/archive/2023/07/PXD037367/21323-001.raw	1	AC=MS:1002416;NT=Orbitrap Fusion	NT=Carbamidomethyl;AC=UNIMOD:4;TA=C;MT=Fixed	NT=Oxidation;MT=Variable;TA=M;AC=UNIMOD:35	NT=Acetyl;AC=UNIMOD:1;PP=Protein N-term;MT=variable		TMT128N	10 ppm	0.02 Da	1	Control	Angular gyrus
PXD037367-Sample-7-TMT128C	Homo sapiens	Brain	Angular gyrus	Brodmann area 39	not available	82	not available	Male	Alzheimer's disease with dementia	adult	not available	not available	15	not available	not available	15	5 PXD037367-Sample-7	proteomic profiling by mass spectrometry	PXD037372	21323-001.raw	ftp://ftp.pride.ebi.ac.uk/pride/data/archive/2023/07/PXD037367/21323-001.raw	1	AC=MS:1002416;NT=Orbitrap Fusion	NT=Carbamidomethyl;AC=UNIMOD:4;TA=C;MT=Fixed	NT=Oxidation;MT=Variable;TA=M;AC=UNIMOD:35	NT=Acetyl;AC=UNIMOD:1;PP=Protein N-term;MT=variable		TMT128C	10 ppm	0.02 Da	1	Alzheimer's disease with dementia	Angular gyrus
PXD037367-Sample-7-TMT129N	Homo sapiens	Brain	Angular gyrus	Brodmann area 39	not available	84	not available	Male	Alzheimer's disease resilient	adult	not available	not available	16	not available	not available	16	6 PXD037367-Sample-7	proteomic profiling by mass spectrometry	PXD037373	21323-001.raw	ftp://ftp.pride.ebi.ac.uk/pride/data/archive/2023/07/PXD037367/21323-001.raw	1	AC=MS:1002416;NT=Orbitrap Fusion	NT=Carbamidomethyl;AC=UNIMOD:4;TA=C;MT=Fixed	NT=Oxidation;MT=Variable;TA=M;AC=UNIMOD:35	NT=Acetyl;AC=UNIMOD:1;PP=Protein N-term;MT=variable		TMT129N	10 ppm	0.02 Da	1	Alzheimer's disease resilient	Angular gyrus
PXD037367-Sample-7-TMT129C	Homo sapiens	Brain	Angular gyrus	Brodmann area 39	not available	89	not available	Female	Alzheimer's disease frail	adult	not available	not available	17	not available	not available	17	7 PXD037367-Sample-7	proteomic profiling by mass spectrometry	PXD037374	21323-001.raw	ftp://ftp.pride.ebi.ac.uk/pride/data/archive/2023/07/PXD037367/21323-001.raw	1	AC=MS:1002416;NT=Orbitrap Fusion	NT=Carbamidomethyl;AC=UNIMOD:4;TA=C;MT=Fixed	NT=Oxidation;MT=Variable;TA=M;AC=UNIMOD:35	NT=Acetyl;AC=UNIMOD:1;PP=Protein N-term;MT=variable		TMT129C	10 ppm	0.02 Da	1	Alzheimer's disease frail	Angular gyrus
PXD037367-Sample-7-TMT130N	Homo sapiens	Brain	Angular gyrus	Brodmann area 39	not available	89	not available	Female	Control	adult	not available	not available	18	not available	not available	18	8 PXD037367-Sample-7	proteomic profiling by mass spectrometry	PXD037375	21323-001.raw	ftp://ftp.pride.ebi.ac.uk/pride/data/archive/2023/07/PXD037367/21323-001.raw	1	AC=MS:1002416;NT=Orbitrap Fusion	NT=Carbamidomethyl;AC=UNIMOD:4;TA=C;MT=Fixed	NT=Oxidation;MT=Variable;TA=M;AC=UNIMOD:35	NT=Acetyl;AC=UNIMOD:1;PP=Protein N-term;MT=variable		TMT130N	10 ppm	0.02 Da	1	Control	Angular gyrus
PXD037367-Sample-7-TMT130C	Homo sapiens	Brain	Angular gyrus	Brodmann area 39	not available	94	not available	Female	Alzheimer's disease with dementia	adult	not available	not available	19	not available	not available	19	9 PXD037367-Sample-7	proteomic profiling by mass spectrometry	PXD037376	21323-001.raw	ftp://ftp.pride.ebi.ac.uk/pride/data/archive/2023/07/PXD037367/21323-001.raw	1	AC=MS:1002416;NT=Orbitrap Fusion	NT=Carbamidomethyl;AC=UNIMOD:4;TA=C;MT=Fixed	NT=Oxidation;MT=Variable;TA=M;AC=UNIMOD:35	NT=Acetyl;AC=UNIMOD:1;PP=Protein N-term;MT=variable		TMT130C	10 ppm	0.02 Da	1	Alzheimer's disease with dementia	Angular gyrus
PXD037367-Sample-7-TMT131N	Homo sapiens	Brain	Angular gyrus	Brodmann area 39	not available	92	not available	Female	Alzheimer's disease resilient	adult	not available	not available	20	not available	not available	20	10 PXD037367-Sample-7	proteomic profiling by mass spectrometry	PXD037377	21323-001.raw	ftp://ftp.pride.ebi.ac.uk/pride/data/archive/2023/07/PXD037367/21323-001.raw	1	AC=MS:1002416;NT=Orbitrap Fusion	NT=Carbamidomethyl;AC=UNIMOD:4;TA=C;MT=Fixed	NT=Oxidation;MT=Variable;TA=M;AC=UNIMOD:35	NT=Acetyl;AC=UNIMOD:1;PP=Protein N-term;MT=variable		TMT131N	10 ppm	0.02 Da	1	Alzheimer's disease resilient	Angular gyrus
PXD037367-Sample-7-TMT131C	Homo sapiens	Brain	Angular gyrus	Brodmann area 39	not available	87	not available	Male	Alzheimer's disease frail	adult	not available	not available	21	not available	not available	21	11 PXD037367-Sample-7	proteomic profiling by mass spectrometry	PXD037378	21323-001.raw	ftp://ftp.pride.ebi.ac.uk/pride/data/archive/2023/07/PXD037367/21323-001.raw	1	AC=MS:1002416;NT=Orbitrap Fusion	NT=Carbamidomethyl;AC=UNIMOD:4;TA=C;MT=Fixed	NT=Oxidation;MT=Variable;TA=M;AC=UNIMOD:35	NT=Acetyl;AC=UNIMOD:1;PP=Protein N-term;MT=variable		TMT131C	10 ppm	0.02 Da	1	Alzheimer's disease frail	Angular gyrus
PXD037367-Sample-7-TMT132N	Homo sapiens	Brain	Angular gyrus	Brodmann area 39	not available	92	not available	Male	Control	adult	not available	not available	22	not available	not available	22	12 PXD037367-Sample-7	proteomic profiling by mass spectrometry	PXD037379	21323-001.raw	ftp://ftp.pride.ebi.ac.uk/pride/data/archive/2023/07/PXD037367/21323-001.raw	1	AC=MS:1002416;NT=Orbitrap Fusion	NT=Carbamidomethyl;AC=UNIMOD:4;TA=C;MT=Fixed	NT=Oxidation;MT=Variable;TA=M;AC=UNIMOD:35	NT=Acetyl;AC=UNIMOD:1;PP=Protein N-term;MT=variable		TMT132N	10 ppm	0.02 Da	1	Control	Angular gyrus
PXD037367-Sample-7-TMT132C	Homo sapiens	Brain	Angular gyrus	Brodmann area 39	not available	88	not available	Male	Alzheimer's disease with dementia	adult	not available	not available	23	not available	not available	23	13 PXD037367-Sample-7	proteomic profiling by mass spectrometry	PXD037380	21323-001.raw	ftp://ftp.pride.ebi.ac.uk/pride/data/archive/2023/07/PXD037367/21323-001.raw	1	AC=MS:1002416;NT=Orbitrap Fusion	NT=Carbamidomethyl;AC=UNIMOD:4;TA=C;MT=Fixed	NT=Oxidation;MT=Variable;TA=M;AC=UNIMOD:35	NT=Acetyl;AC=UNIMOD:1;PP=Protein N-term;MT=variable		TMT132C	10 ppm	0.02 Da	1	Alzheimer's disease with dementia	Angular gyrus
PXD037367-Sample-7-TMT133N	Homo sapiens	Brain	Angular gyrus	Brodmann area 39	not available	90	not available	Male	Alzheimer's disease resilient	adult	not available	not available	24	not available	not available	24	14 PXD037367-Sample-7	proteomic profiling by mass spectrometry	PXD037381	21323-001.raw	ftp://ftp.pride.ebi.ac.uk/pride/data/archive/2023/07/PXD037367/21323-001.raw	1	AC=MS:1002416;NT=Orbitrap Fusion	NT=Carbamidomethyl;AC=UNIMOD:4;TA=C;MT=Fixed	NT=Oxidation;MT=Variable;TA=M;AC=UNIMOD:35	NT=Acetyl;AC=UNIMOD:1;PP=Protein N-term;MT=variable		TMT133N	10 ppm	0.02 Da	1	Alzheimer's disease resilient	Angular gyrus
PXD037367-Sample-7-TMT133C	Homo sapiens	Brain	Angular gyrus	Brodmann area 39	not available	94	not available	Female	Alzheimer's disease frail	adult	not available	not available	25	not available	not available	25	15 PXD037367-Sample-7	proteomic profiling by mass spectrometry	PXD037382	21323-001.raw	ftp://ftp.pride.ebi.ac.uk/pride/data/archive/2023/07/PXD037367/21323-001.raw	1	AC=MS:1002416;NT=Orbitrap Fusion	NT=Carbamidomethyl;AC=UNIMOD:4;TA=C;MT=Fixed	NT=Oxidation;MT=Variable;TA=M;AC=UNIMOD:35	NT=Acetyl;AC=UNIMOD:1;PP=Protein N-term;MT=variable		TMT133C	10 ppm	0.02 Da	1	Alzheimer's disease frail	Angular gyrus
PXD037367-Sample-7-TMT134N	Homo sapiens	Brain	Angular gyrus	Brodmann area 39	not available	99	not available	Female	Control	adult	not available	not available	26	not available	not available	26	16 PXD037367-Sample-7	proteomic profiling by mass spectrometry	PXD037383	21323-001.raw	ftp://ftp.pride.ebi.ac.uk/pride/data/archive/2023/07/PXD037367/21323-001.raw	1	AC=MS:1002416;NT=Orbitrap Fusion	NT=Carbamidomethyl;AC=UNIMOD:4;TA=C;MT=Fixed	NT=Oxidation;MT=Variable;TA=M;AC=UNIMOD:35	NT=Acetyl;AC=UNIMOD:1;PP=Protein N-term;MT=variable		TMT134N	10 ppm	0.02 Da	1	Control	Angular gyrus
PXD037367-Sample-7-TMT134C	Homo sapiens	Brain	Angular gyrus	Brodmann area 39	not available	97	not available	Male	Alzheimer's disease resilient	adult	not available	not available	27	not available	not available	27	17 PXD037367-Sample-7	proteomic profiling by mass spectrometry	PXD037384	21323-001.raw	ftp://ftp.pride.ebi.ac.uk/pride/data/archive/2023/07/PXD037367/21323-001.raw	1	AC=MS:1002416;NT=Orbitrap Fusion	NT=Carbamidomethyl;AC=UNIMOD:4;TA=C;MT=Fixed	NT=Oxidation;MT=Variable;TA=M;AC=UNIMOD:35	NT=Acetyl;AC=UNIMOD:1;PP=Protein N-term;MT=variable		TMT134C	10 ppm	0.02 Da	1	Alzheimer's disease resilient	Angular gyrus
PXD037367-Sample-7-TMT135N	Homo sapiens	Global Internal Standard	Global Internal Standard	not applicable	not applicable	not applicable	not applicable	not applicable	Global Internal Standard	not applicable	not applicable	not applicable	not applicable	not applicable	not applicable	not applicable	18 PXD037367-Sample-7	proteomic profiling by mass spectrometry	PXD037385	21323-001.raw	ftp://ftp.pride.ebi.ac.uk/pride/data/archive/2023/07/PXD037367/21323-001.raw	1	AC=MS:1002416;NT=Orbitrap Fusion	NT=Carbamidomethyl;AC=UNIMOD:4;TA=C;MT=Fixed	NT=Oxidation;MT=Variable;TA=M;AC=UNIMOD:35	NT=Acetyl;AC=UNIMOD:1;PP=Protein N-term;MT=variable		TMT135N	10 ppm	0.02 Da	1	Global Internal Standard	Global Internal Standard
PXD037367-Sample-8-TMT126	Homo sapiens	Brain	Angular gyrus	Brodmann area 39	not available	83	not available	Female	Alzheimer's disease with dementia	adult	not available	not available	11	not available	not available	11	1 PXD037367-Sample-8	proteomic profiling by mass spectrometry	PXD037386	21323-002.raw	ftp://ftp.pride.ebi.ac.uk/pride/data/archive/2023/07/PXD037367/21323-002.raw	2	AC=MS:1002416;NT=Orbitrap Fusion	NT=Carbamidomethyl;AC=UNIMOD:4;TA=C;MT=Fixed	NT=Oxidation;MT=Variable;TA=M;AC=UNIMOD:35	NT=Acetyl;AC=UNIMOD:1;PP=Protein N-term;MT=variable		TMT126	10 ppm	0.02 Da	1	Alzheimer's disease with dementia	Angular gyrus
PXD037367-Sample-8-TMT127N	Homo sapiens	Brain	Angular gyrus	Brodmann area 39	not available	83	not available	Female	Alzheimer's disease resilient	adult	not available	not available	12	not available	not available	12	2 PXD037367-Sample-8	proteomic profiling by mass spectrometry	PXD037387	21323-002.raw	ftp://ftp.pride.ebi.ac.uk/pride/data/archive/2023/07/PXD037367/21323-002.raw	2	AC=MS:1002416;NT=Orbitrap Fusion	NT=Carbamidomethyl;AC=UNIMOD:4;TA=C;MT=Fixed	NT=Oxidation;MT=Variable;TA=M;AC=UNIMOD:35	NT=Acetyl;AC=UNIMOD:1;PP=Protein N-term;MT=variable		TMT127N	10 ppm	0.02 Da	1	Alzheimer's disease resilient	Angular gyrus
PXD037367-Sample-8-TMT127C	Homo sapiens	Brain	Angular gyrus	Brodmann area 39	not available	98	not available	Female	Alzheimer's disease frail	adult	not available	not available	13	not available	not available	13	3 PXD037367-Sample-8	proteomic profiling by mass spectrometry	PXD037388	21323-002.raw	ftp://ftp.pride.ebi.ac.uk/pride/data/archive/2023/07/PXD037367/21323-002.raw	2	AC=MS:1002416;NT=Orbitrap Fusion	NT=Carbamidomethyl;AC=UNIMOD:4;TA=C;MT=Fixed	NT=Oxidation;MT=Variable;TA=M;AC=UNIMOD:35	NT=Acetyl;AC=UNIMOD:1;PP=Protein N-term;MT=variable		TMT127C	10 ppm	0.02 Da	1	Alzheimer's disease frail	Angular gyrus
PXD037367-Sample-8-TMT128N	Homo sapiens	Brain	Angular gyrus	Brodmann area 39	not available	97	not available	Male	Control	adult	not available	not available	14	not available	not available	14	4 PXD037367-Sample-8	proteomic profiling by mass spectrometry	PXD037389	21323-002.raw	ftp://ftp.pride.ebi.ac.uk/pride/data/archive/2023/07/PXD037367/21323-002.raw	2	AC=MS:1002416;NT=Orbitrap Fusion	NT=Carbamidomethyl;AC=UNIMOD:4;TA=C;MT=Fixed	NT=Oxidation;MT=Variable;TA=M;AC=UNIMOD:35	NT=Acetyl;AC=UNIMOD:1;PP=Protein N-term;MT=variable		TMT128N	10 ppm	0.02 Da	1	Control	Angular gyrus
PXD037367-Sample-8-TMT128C	Homo sapiens	Brain	Angular gyrus	Brodmann area 39	not available	82	not available	Male	Alzheimer's disease with dementia	adult	not available	not available	15	not available	not available	15	5 PXD037367-Sample-8	proteomic profiling by mass spectrometry	PXD037390	21323-002.raw	ftp://ftp.pride.ebi.ac.uk/pride/data/archive/2023/07/PXD037367/21323-002.raw	2	AC=MS:1002416;NT=Orbitrap Fusion	NT=Carbamidomethyl;AC=UNIMOD:4;TA=C;MT=Fixed	NT=Oxidation;MT=Variable;TA=M;AC=UNIMOD:35	NT=Acetyl;AC=UNIMOD:1;PP=Protein N-term;MT=variable		TMT128C	10 ppm	0.02 Da	1	Alzheimer's disease with dementia	Angular gyrus
PXD037367-Sample-8-TMT129N	Homo sapiens	Brain	Angular gyrus	Brodmann area 39	not available	84	not available	Male	Alzheimer's disease resilient	adult	not available	not available	16	not available	not available	16	6 PXD037367-Sample-8	proteomic profiling by mass spectrometry	PXD037391	21323-002.raw	ftp://ftp.pride.ebi.ac.uk/pride/data/archive/2023/07/PXD037367/21323-002.raw	2	AC=MS:1002416;NT=Orbitrap Fusion	NT=Carbamidomethyl;AC=UNIMOD:4;TA=C;MT=Fixed	NT=Oxidation;MT=Variable;TA=M;AC=UNIMOD:35	NT=Acetyl;AC=UNIMOD:1;PP=Protein N-term;MT=variable		TMT129N	10 ppm	0.02 Da	1	Alzheimer's disease resilient	Angular gyrus
PXD037367-Sample-8-TMT129C	Homo sapiens	Brain	Angular gyrus	Brodmann area 39	not available	89	not available	Female	Alzheimer's disease frail	adult	not available	not available	17	not available	not available	17	7 PXD037367-Sample-8	proteomic profiling by mass spectrometry	PXD037392	21323-002.raw	ftp://ftp.pride.ebi.ac.uk/pride/data/archive/2023/07/PXD037367/21323-002.raw	2	AC=MS:1002416;NT=Orbitrap Fusion	NT=Carbamidomethyl;AC=UNIMOD:4;TA=C;MT=Fixed	NT=Oxidation;MT=Variable;TA=M;AC=UNIMOD:35	NT=Acetyl;AC=UNIMOD:1;PP=Protein N-term;MT=variable		TMT129C	10 ppm	0.02 Da	1	Alzheimer's disease frail	Angular gyrus
PXD037367-Sample-8-TMT130N	Homo sapiens	Brain	Angular gyrus	Brodmann area 39	not available	89	not available	Female	Control	adult	not available	not available	18	not available	not available	18	8 PXD037367-Sample-8	proteomic profiling by mass spectrometry	PXD037393	21323-002.raw	ftp://ftp.pride.ebi.ac.uk/pride/data/archive/2023/07/PXD037367/21323-002.raw	2	AC=MS:1002416;NT=Orbitrap Fusion	NT=Carbamidomethyl;AC=UNIMOD:4;TA=C;MT=Fixed	NT=Oxidation;MT=Variable;TA=M;AC=UNIMOD:35	NT=Acetyl;AC=UNIMOD:1;PP=Protein N-term;MT=variable		TMT130N	10 ppm	0.02 Da	1	Control	Angular gyrus
PXD037367-Sample-8-TMT130C	Homo sapiens	Brain	Angular gyrus	Brodmann area 39	not available	94	not available	Female	Alzheimer's disease with dementia	adult	not available	not available	19	not available	not available	19	9 PXD037367-Sample-8	proteomic profiling by mass spectrometry	PXD037394	21323-002.raw	ftp://ftp.pride.ebi.ac.uk/pride/data/archive/2023/07/PXD037367/21323-002.raw	2	AC=MS:1002416;NT=Orbitrap Fusion	NT=Carbamidomethyl;AC=UNIMOD:4;TA=C;MT=Fixed	NT=Oxidation;MT=Variable;TA=M;AC=UNIMOD:35	NT=Acetyl;AC=UNIMOD:1;PP=Protein N-term;MT=variable		TMT130C	10 ppm	0.02 Da	1	Alzheimer's disease with dementia	Angular gyrus
PXD037367-Sample-8-TMT131N	Homo sapiens	Brain	Angular gyrus	Brodmann area 39	not available	92	not available	Female	Alzheimer's disease resilient	adult	not available	not available	20	not available	not available	20	10 PXD037367-Sample-8	proteomic profiling by mass spectrometry	PXD037395	21323-002.raw	ftp://ftp.pride.ebi.ac.uk/pride/data/archive/2023/07/PXD037367/21323-002.raw	2	AC=MS:1002416;NT=Orbitrap Fusion	NT=Carbamidomethyl;AC=UNIMOD:4;TA=C;MT=Fixed	NT=Oxidation;MT=Variable;TA=M;AC=UNIMOD:35	NT=Acetyl;AC=UNIMOD:1;PP=Protein N-term;MT=variable		TMT131N	10 ppm	0.02 Da	1	Alzheimer's disease resilient	Angular gyrus
PXD037367-Sample-8-TMT131C	Homo sapiens	Brain	Angular gyrus	Brodmann area 39	not available	87	not available	Male	Alzheimer's disease frail	adult	not available	not available	21	not available	not available	21	11 PXD037367-Sample-8	proteomic profiling by mass spectrometry	PXD037396	21323-002.raw	ftp://ftp.pride.ebi.ac.uk/pride/data/archive/2023/07/PXD037367/21323-002.raw	2	AC=MS:1002416;NT=Orbitrap Fusion	NT=Carbamidomethyl;AC=UNIMOD:4;TA=C;MT=Fixed	NT=Oxidation;MT=Variable;TA=M;AC=UNIMOD:35	NT=Acetyl;AC=UNIMOD:1;PP=Protein N-term;MT=variable		TMT131C	10 ppm	0.02 Da	1	Alzheimer's disease frail	Angular gyrus
PXD037367-Sample-8-TMT132N	Homo sapiens	Brain	Angular gyrus	Brodmann area 39	not available	92	not available	Male	Control	adult	not available	not available	22	not available	not available	22	12 PXD037367-Sample-8	proteomic profiling by mass spectrometry	PXD037397	21323-002.raw	ftp://ftp.pride.ebi.ac.uk/pride/data/archive/2023/07/PXD037367/21323-002.raw	2	AC=MS:1002416;NT=Orbitrap Fusion	NT=Carbamidomethyl;AC=UNIMOD:4;TA=C;MT=Fixed	NT=Oxidation;MT=Variable;TA=M;AC=UNIMOD:35	NT=Acetyl;AC=UNIMOD:1;PP=Protein N-term;MT=variable		TMT132N	10 ppm	0.02 Da	1	Control	Angular gyrus
PXD037367-Sample-8-TMT132C	Homo sapiens	Brain	Angular gyrus	Brodmann area 39	not available	88	not available	Male	Alzheimer's disease with dementia	adult	not available	not available	23	not available	not available	23	13 PXD037367-Sample-8	proteomic profiling by mass spectrometry	PXD037398	21323-002.raw	ftp://ftp.pride.ebi.ac.uk/pride/data/archive/2023/07/PXD037367/21323-002.raw	2	AC=MS:1002416;NT=Orbitrap Fusion	NT=Carbamidomethyl;AC=UNIMOD:4;TA=C;MT=Fixed	NT=Oxidation;MT=Variable;TA=M;AC=UNIMOD:35	NT=Acetyl;AC=UNIMOD:1;PP=Protein N-term;MT=variable		TMT132C	10 ppm	0.02 Da	1	Alzheimer's disease with dementia	Angular gyrus
PXD037367-Sample-8-TMT133N	Homo sapiens	Brain	Angular gyrus	Brodmann area 39	not available	90	not available	Male	Alzheimer's disease resilient	adult	not available	not available	24	not available	not available	24	14 PXD037367-Sample-8	proteomic profiling by mass spectrometry	PXD037399	21323-002.raw	ftp://ftp.pride.ebi.ac.uk/pride/data/archive/2023/07/PXD037367/21323-002.raw	2	AC=MS:1002416;NT=Orbitrap Fusion	NT=Carbamidomethyl;AC=UNIMOD:4;TA=C;MT=Fixed	NT=Oxidation;MT=Variable;TA=M;AC=UNIMOD:35	NT=Acetyl;AC=UNIMOD:1;PP=Protein N-term;MT=variable		TMT133N	10 ppm	0.02 Da	1	Alzheimer's disease resilient	Angular gyrus
PXD037367-Sample-8-TMT133C	Homo sapiens	Brain	Angular gyrus	Brodmann area 39	not available	94	not available	Female	Alzheimer's disease frail	adult	not available	not available	25	not available	not available	25	15 PXD037367-Sample-8	proteomic profiling by mass spectrometry	PXD037400	21323-002.raw	ftp://ftp.pride.ebi.ac.uk/pride/data/archive/2023/07/PXD037367/21323-002.raw	2	AC=MS:1002416;NT=Orbitrap Fusion	NT=Carbamidomethyl;AC=UNIMOD:4;TA=C;MT=Fixed	NT=Oxidation;MT=Variable;TA=M;AC=UNIMOD:35	NT=Acetyl;AC=UNIMOD:1;PP=Protein N-term;MT=variable		TMT133C	10 ppm	0.02 Da	1	Alzheimer's disease frail	Angular gyrus
PXD037367-Sample-8-TMT134N	Homo sapiens	Brain	Angular gyrus	Brodmann area 39	not available	99	not available	Female	Control	adult	not available	not available	26	not available	not available	26	16 PXD037367-Sample-8	proteomic profiling by mass spectrometry	PXD037401	21323-002.raw	ftp://ftp.pride.ebi.ac.uk/pride/data/archive/2023/07/PXD037367/21323-002.raw	2	AC=MS:1002416;NT=Orbitrap Fusion	NT=Carbamidomethyl;AC=UNIMOD:4;TA=C;MT=Fixed	NT=Oxidation;MT=Variable;TA=M;AC=UNIMOD:35	NT=Acetyl;AC=UNIMOD:1;PP=Protein N-term;MT=variable		TMT134N	10 ppm	0.02 Da	1	Control	Angular gyrus
PXD037367-Sample-8-TMT134C	Homo sapiens	Brain	Angular gyrus	Brodmann area 39	not available	97	not available	Male	Alzheimer's disease resilient	adult	not available	not available	27	not available	not available	27	17 PXD037367-Sample-8	proteomic profiling by mass spectrometry	PXD037402	21323-002.raw	ftp://ftp.pride.ebi.ac.uk/pride/data/archive/2023/07/PXD037367/21323-002.raw	2	AC=MS:1002416;NT=Orbitrap Fusion	NT=Carbamidomethyl;AC=UNIMOD:4;TA=C;MT=Fixed	NT=Oxidation;MT=Variable;TA=M;AC=UNIMOD:35	NT=Acetyl;AC=UNIMOD:1;PP=Protein N-term;MT=variable		TMT134C	10 ppm	0.02 Da	1	Alzheimer's disease resilient	Angular gyrus
PXD037367-Sample-8-TMT135N	Homo sapiens	Global Internal Standard	Global Internal Standard	not applicable	not applicable	not applicable	not applicable	not applicable	Global Internal Standard	not applicable	not applicable	not applicable	not applicable	not applicable	not applicable	not applicable	18 PXD037367-Sample-8	proteomic profiling by mass spectrometry	PXD037403	21323-002.raw	ftp://ftp.pride.ebi.ac.uk/pride/data/archive/2023/07/PXD037367/21323-002.raw	2	AC=MS:1002416;NT=Orbitrap Fusion	NT=Carbamidomethyl;AC=UNIMOD:4;TA=C;MT=Fixed	NT=Oxidation;MT=Variable;TA=M;AC=UNIMOD:35	NT=Acetyl;AC=UNIMOD:1;PP=Protein N-term;MT=variable		TMT135N	10 ppm	0.02 Da	1	Global Internal Standard	Global Internal Standard
PXD037367-Sample-9-TMT126	Homo sapiens	Brain	Angular gyrus	Brodmann area 39	not available	83	not available	Female	Alzheimer's disease with dementia	adult	not available	not available	11	not available	not available	11	1 PXD037367-Sample-9	proteomic profiling by mass spectrometry	PXD037404	21323-003.raw	ftp://ftp.pride.ebi.ac.uk/pride/data/archive/2023/07/PXD037367/21323-003.raw	3	AC=MS:1002416;NT=Orbitrap Fusion	NT=Carbamidomethyl;AC=UNIMOD:4;TA=C;MT=Fixed	NT=Oxidation;MT=Variable;TA=M;AC=UNIMOD:35	NT=Acetyl;AC=UNIMOD:1;PP=Protein N-term;MT=variable		TMT126	10 ppm	0.02 Da	1	Alzheimer's disease with dementia	Angular gyrus
PXD037367-Sample-9-TMT127N	Homo sapiens	Brain	Angular gyrus	Brodmann area 39	not available	83	not available	Female	Alzheimer's disease resilient	adult	not available	not available	12	not available	not available	12	2 PXD037367-Sample-9	proteomic profiling by mass spectrometry	PXD037405	21323-003.raw	ftp://ftp.pride.ebi.ac.uk/pride/data/archive/2023/07/PXD037367/21323-003.raw	3	AC=MS:1002416;NT=Orbitrap Fusion	NT=Carbamidomethyl;AC=UNIMOD:4;TA=C;MT=Fixed	NT=Oxidation;MT=Variable;TA=M;AC=UNIMOD:35	NT=Acetyl;AC=UNIMOD:1;PP=Protein N-term;MT=variable		TMT127N	10 ppm	0.02 Da	1	Alzheimer's disease resilient	Angular gyrus
PXD037367-Sample-9-TMT127C	Homo sapiens	Brain	Angular gyrus	Brodmann area 39	not available	98	not available	Female	Alzheimer's disease frail	adult	not available	not available	13	not available	not available	13	3 PXD037367-Sample-9	proteomic profiling by mass spectrometry	PXD037406	21323-003.raw	ftp://ftp.pride.ebi.ac.uk/pride/data/archive/2023/07/PXD037367/21323-003.raw	3	AC=MS:1002416;NT=Orbitrap Fusion	NT=Carbamidomethyl;AC=UNIMOD:4;TA=C;MT=Fixed	NT=Oxidation;MT=Variable;TA=M;AC=UNIMOD:35	NT=Acetyl;AC=UNIMOD:1;PP=Protein N-term;MT=variable		TMT127C	10 ppm	0.02 Da	1	Alzheimer's disease frail	Angular gyrus
PXD037367-Sample-9-TMT128N	Homo sapiens	Brain	Angular gyrus	Brodmann area 39	not available	97	not available	Male	Control	adult	not available	not available	14	not available	not available	14	4 PXD037367-Sample-9	proteomic profiling by mass spectrometry	PXD037407	21323-003.raw	ftp://ftp.pride.ebi.ac.uk/pride/data/archive/2023/07/PXD037367/21323-003.raw	3	AC=MS:1002416;NT=Orbitrap Fusion	NT=Carbamidomethyl;AC=UNIMOD:4;TA=C;MT=Fixed	NT=Oxidation;MT=Variable;TA=M;AC=UNIMOD:35	NT=Acetyl;AC=UNIMOD:1;PP=Protein N-term;MT=variable		TMT128N	10 ppm	0.02 Da	1	Control	Angular gyrus
PXD037367-Sample-9-TMT128C	Homo sapiens	Brain	Angular gyrus	Brodmann area 39	not available	82	not available	Male	Alzheimer's disease with dementia	adult	not available	not available	15	not available	not available	15	5 PXD037367-Sample-9	proteomic profiling by mass spectrometry	PXD037408	21323-003.raw	ftp://ftp.pride.ebi.ac.uk/pride/data/archive/2023/07/PXD037367/21323-003.raw	3	AC=MS:1002416;NT=Orbitrap Fusion	NT=Carbamidomethyl;AC=UNIMOD:4;TA=C;MT=Fixed	NT=Oxidation;MT=Variable;TA=M;AC=UNIMOD:35	NT=Acetyl;AC=UNIMOD:1;PP=Protein N-term;MT=variable		TMT128C	10 ppm	0.02 Da	1	Alzheimer's disease with dementia	Angular gyrus
PXD037367-Sample-9-TMT129N	Homo sapiens	Brain	Angular gyrus	Brodmann area 39	not available	84	not available	Male	Alzheimer's disease resilient	adult	not available	not available	16	not available	not available	16	6 PXD037367-Sample-9	proteomic profiling by mass spectrometry	PXD037409	21323-003.raw	ftp://ftp.pride.ebi.ac.uk/pride/data/archive/2023/07/PXD037367/21323-003.raw	3	AC=MS:1002416;NT=Orbitrap Fusion	NT=Carbamidomethyl;AC=UNIMOD:4;TA=C;MT=Fixed	NT=Oxidation;MT=Variable;TA=M;AC=UNIMOD:35	NT=Acetyl;AC=UNIMOD:1;PP=Protein N-term;MT=variable		TMT129N	10 ppm	0.02 Da	1	Alzheimer's disease resilient	Angular gyrus
PXD037367-Sample-9-TMT129C	Homo sapiens	Brain	Angular gyrus	Brodmann area 39	not available	89	not available	Female	Alzheimer's disease frail	adult	not available	not available	17	not available	not available	17	7 PXD037367-Sample-9	proteomic profiling by mass spectrometry	PXD037410	21323-003.raw	ftp://ftp.pride.ebi.ac.uk/pride/data/archive/2023/07/PXD037367/21323-003.raw	3	AC=MS:1002416;NT=Orbitrap Fusion	NT=Carbamidomethyl;AC=UNIMOD:4;TA=C;MT=Fixed	NT=Oxidation;MT=Variable;TA=M;AC=UNIMOD:35	NT=Acetyl;AC=UNIMOD:1;PP=Protein N-term;MT=variable		TMT129C	10 ppm	0.02 Da	1	Alzheimer's disease frail	Angular gyrus
PXD037367-Sample-9-TMT130N	Homo sapiens	Brain	Angular gyrus	Brodmann area 39	not available	89	not available	Female	Control	adult	not available	not available	18	not available	not available	18	8 PXD037367-Sample-9	proteomic profiling by mass spectrometry	PXD037411	21323-003.raw	ftp://ftp.pride.ebi.ac.uk/pride/data/archive/2023/07/PXD037367/21323-003.raw	3	AC=MS:1002416;NT=Orbitrap Fusion	NT=Carbamidomethyl;AC=UNIMOD:4;TA=C;MT=Fixed	NT=Oxidation;MT=Variable;TA=M;AC=UNIMOD:35	NT=Acetyl;AC=UNIMOD:1;PP=Protein N-term;MT=variable		TMT130N	10 ppm	0.02 Da	1	Control	Angular gyrus
PXD037367-Sample-9-TMT130C	Homo sapiens	Brain	Angular gyrus	Brodmann area 39	not available	94	not available	Female	Alzheimer's disease with dementia	adult	not available	not available	19	not available	not available	19	9 PXD037367-Sample-9	proteomic profiling by mass spectrometry	PXD037412	21323-003.raw	ftp://ftp.pride.ebi.ac.uk/pride/data/archive/2023/07/PXD037367/21323-003.raw	3	AC=MS:1002416;NT=Orbitrap Fusion	NT=Carbamidomethyl;AC=UNIMOD:4;TA=C;MT=Fixed	NT=Oxidation;MT=Variable;TA=M;AC=UNIMOD:35	NT=Acetyl;AC=UNIMOD:1;PP=Protein N-term;MT=variable		TMT130C	10 ppm	0.02 Da	1	Alzheimer's disease with dementia	Angular gyrus
PXD037367-Sample-9-TMT131N	Homo sapiens	Brain	Angular gyrus	Brodmann area 39	not available	92	not available	Female	Alzheimer's disease resilient	adult	not available	not available	20	not available	not available	20	10 PXD037367-Sample-9	proteomic profiling by mass spectrometry	PXD037413	21323-003.raw	ftp://ftp.pride.ebi.ac.uk/pride/data/archive/2023/07/PXD037367/21323-003.raw	3	AC=MS:1002416;NT=Orbitrap Fusion	NT=Carbamidomethyl;AC=UNIMOD:4;TA=C;MT=Fixed	NT=Oxidation;MT=Variable;TA=M;AC=UNIMOD:35	NT=Acetyl;AC=UNIMOD:1;PP=Protein N-term;MT=variable		TMT131N	10 ppm	0.02 Da	1	Alzheimer's disease resilient	Angular gyrus
PXD037367-Sample-9-TMT131C	Homo sapiens	Brain	Angular gyrus	Brodmann area 39	not available	87	not available	Male	Alzheimer's disease frail	adult	not available	not available	21	not available	not available	21	11 PXD037367-Sample-9	proteomic profiling by mass spectrometry	PXD037414	21323-003.raw	ftp://ftp.pride.ebi.ac.uk/pride/data/archive/2023/07/PXD037367/21323-003.raw	3	AC=MS:1002416;NT=Orbitrap Fusion	NT=Carbamidomethyl;AC=UNIMOD:4;TA=C;MT=Fixed	NT=Oxidation;MT=Variable;TA=M;AC=UNIMOD:35	NT=Acetyl;AC=UNIMOD:1;PP=Protein N-term;MT=variable		TMT131C	10 ppm	0.02 Da	1	Alzheimer's disease frail	Angular gyrus
PXD037367-Sample-9-TMT132N	Homo sapiens	Brain	Angular gyrus	Brodmann area 39	not available	92	not available	Male	Control	adult	not available	not available	22	not available	not available	22	12 PXD037367-Sample-9	proteomic profiling by mass spectrometry	PXD037415	21323-003.raw	ftp://ftp.pride.ebi.ac.uk/pride/data/archive/2023/07/PXD037367/21323-003.raw	3	AC=MS:1002416;NT=Orbitrap Fusion	NT=Carbamidomethyl;AC=UNIMOD:4;TA=C;MT=Fixed	NT=Oxidation;MT=Variable;TA=M;AC=UNIMOD:35	NT=Acetyl;AC=UNIMOD:1;PP=Protein N-term;MT=variable		TMT132N	10 ppm	0.02 Da	1	Control	Angular gyrus
PXD037367-Sample-9-TMT132C	Homo sapiens	Brain	Angular gyrus	Brodmann area 39	not available	88	not available	Male	Alzheimer's disease with dementia	adult	not available	not available	23	not available	not available	23	13 PXD037367-Sample-9	proteomic profiling by mass spectrometry	PXD037416	21323-003.raw	ftp://ftp.pride.ebi.ac.uk/pride/data/archive/2023/07/PXD037367/21323-003.raw	3	AC=MS:1002416;NT=Orbitrap Fusion	NT=Carbamidomethyl;AC=UNIMOD:4;TA=C;MT=Fixed	NT=Oxidation;MT=Variable;TA=M;AC=UNIMOD:35	NT=Acetyl;AC=UNIMOD:1;PP=Protein N-term;MT=variable		TMT132C	10 ppm	0.02 Da	1	Alzheimer's disease with dementia	Angular gyrus
PXD037367-Sample-9-TMT133N	Homo sapiens	Brain	Angular gyrus	Brodmann area 39	not available	90	not available	Male	Alzheimer's disease resilient	adult	not available	not available	24	not available	not available	24	14 PXD037367-Sample-9	proteomic profiling by mass spectrometry	PXD037417	21323-003.raw	ftp://ftp.pride.ebi.ac.uk/pride/data/archive/2023/07/PXD037367/21323-003.raw	3	AC=MS:1002416;NT=Orbitrap Fusion	NT=Carbamidomethyl;AC=UNIMOD:4;TA=C;MT=Fixed	NT=Oxidation;MT=Variable;TA=M;AC=UNIMOD:35	NT=Acetyl;AC=UNIMOD:1;PP=Protein N-term;MT=variable		TMT133N	10 ppm	0.02 Da	1	Alzheimer's disease resilient	Angular gyrus
PXD037367-Sample-9-TMT133C	Homo sapiens	Brain	Angular gyrus	Brodmann area 39	not available	94	not available	Female	Alzheimer's disease frail	adult	not available	not available	25	not available	not available	25	15 PXD037367-Sample-9	proteomic profiling by mass spectrometry	PXD037418	21323-003.raw	ftp://ftp.pride.ebi.ac.uk/pride/data/archive/2023/07/PXD037367/21323-003.raw	3	AC=MS:1002416;NT=Orbitrap Fusion	NT=Carbamidomethyl;AC=UNIMOD:4;TA=C;MT=Fixed	NT=Oxidation;MT=Variable;TA=M;AC=UNIMOD:35	NT=Acetyl;AC=UNIMOD:1;PP=Protein N-term;MT=variable		TMT133C	10 ppm	0.02 Da	1	Alzheimer's disease frail	Angular gyrus
PXD037367-Sample-9-TMT134N	Homo sapiens	Brain	Angular gyrus	Brodmann area 39	not available	99	not available	Female	Control	adult	not available	not available	26	not available	not available	26	16 PXD037367-Sample-9	proteomic profiling by mass spectrometry	PXD037419	21323-003.raw	ftp://ftp.pride.ebi.ac.uk/pride/data/archive/2023/07/PXD037367/21323-003.raw	3	AC=MS:1002416;NT=Orbitrap Fusion	NT=Carbamidomethyl;AC=UNIMOD:4;TA=C;MT=Fixed	NT=Oxidation;MT=Variable;TA=M;AC=UNIMOD:35	NT=Acetyl;AC=UNIMOD:1;PP=Protein N-term;MT=variable		TMT134N	10 ppm	0.02 Da	1	Control	Angular gyrus
PXD037367-Sample-9-TMT134C	Homo sapiens	Brain	Angular gyrus	Brodmann area 39	not available	97	not available	Male	Alzheimer's disease resilient	adult	not available	not available	27	not available	not available	27	17 PXD037367-Sample-9	proteomic profiling by mass spectrometry	PXD037420	21323-003.raw	ftp://ftp.pride.ebi.ac.uk/pride/data/archive/2023/07/PXD037367/21323-003.raw	3	AC=MS:1002416;NT=Orbitrap Fusion	NT=Carbamidomethyl;AC=UNIMOD:4;TA=C;MT=Fixed	NT=Oxidation;MT=Variable;TA=M;AC=UNIMOD:35	NT=Acetyl;AC=UNIMOD:1;PP=Protein N-term;MT=variable		TMT134C	10 ppm	0.02 Da	1	Alzheimer's disease resilient	Angular gyrus
PXD037367-Sample-9-TMT135N	Homo sapiens	Global Internal Standard	Global Internal Standard	not applicable	not applicable	not applicable	not applicable	not applicable	Global Internal Standard	not applicable	not applicable	not applicable	not applicable	not applicable	not applicable	not applicable	18 PXD037367-Sample-9	proteomic profiling by mass spectrometry	PXD037421	21323-003.raw	ftp://ftp.pride.ebi.ac.uk/pride/data/archive/2023/07/PXD037367/21323-003.raw	3	AC=MS:1002416;NT=Orbitrap Fusion	NT=Carbamidomethyl;AC=UNIMOD:4;TA=C;MT=Fixed	NT=Oxidation;MT=Variable;TA=M;AC=UNIMOD:35	NT=Acetyl;AC=UNIMOD:1;PP=Protein N-term;MT=variable		TMT135N	10 ppm	0.02 Da	1	Global Internal Standard	Global Internal Standard
PXD037367-Sample-10-TMT126	Homo sapiens	Brain	Angular gyrus	Brodmann area 39	not available	83	not available	Female	Alzheimer's disease with dementia	adult	not available	not available	11	not available	not available	11	1 PXD037367-Sample-10	proteomic profiling by mass spectrometry	PXD037422	21323-004.raw	ftp://ftp.pride.ebi.ac.uk/pride/data/archive/2023/07/PXD037367/21323-004.raw	4	AC=MS:1002416;NT=Orbitrap Fusion	NT=Carbamidomethyl;AC=UNIMOD:4;TA=C;MT=Fixed	NT=Oxidation;MT=Variable;TA=M;AC=UNIMOD:35	NT=Acetyl;AC=UNIMOD:1;PP=Protein N-term;MT=variable		TMT126	10 ppm	0.02 Da	1	Alzheimer's disease with dementia	Angular gyrus
PXD037367-Sample-10-TMT127N	Homo sapiens	Brain	Angular gyrus	Brodmann area 39	not available	83	not available	Female	Alzheimer's disease resilient	adult	not available	not available	12	not available	not available	12	2 PXD037367-Sample-10	proteomic profiling by mass spectrometry	PXD037423	21323-004.raw	ftp://ftp.pride.ebi.ac.uk/pride/data/archive/2023/07/PXD037367/21323-004.raw	4	AC=MS:1002416;NT=Orbitrap Fusion	NT=Carbamidomethyl;AC=UNIMOD:4;TA=C;MT=Fixed	NT=Oxidation;MT=Variable;TA=M;AC=UNIMOD:35	NT=Acetyl;AC=UNIMOD:1;PP=Protein N-term;MT=variable		TMT127N	10 ppm	0.02 Da	1	Alzheimer's disease resilient	Angular gyrus
PXD037367-Sample-10-TMT127C	Homo sapiens	Brain	Angular gyrus	Brodmann area 39	not available	98	not available	Female	Alzheimer's disease frail	adult	not available	not available	13	not available	not available	13	3 PXD037367-Sample-10	proteomic profiling by mass spectrometry	PXD037424	21323-004.raw	ftp://ftp.pride.ebi.ac.uk/pride/data/archive/2023/07/PXD037367/21323-004.raw	4	AC=MS:1002416;NT=Orbitrap Fusion	NT=Carbamidomethyl;AC=UNIMOD:4;TA=C;MT=Fixed	NT=Oxidation;MT=Variable;TA=M;AC=UNIMOD:35	NT=Acetyl;AC=UNIMOD:1;PP=Protein N-term;MT=variable		TMT127C	10 ppm	0.02 Da	1	Alzheimer's disease frail	Angular gyrus
PXD037367-Sample-10-TMT128N	Homo sapiens	Brain	Angular gyrus	Brodmann area 39	not available	97	not available	Male	Control	adult	not available	not available	14	not available	not available	14	4 PXD037367-Sample-10	proteomic profiling by mass spectrometry	PXD037425	21323-004.raw	ftp://ftp.pride.ebi.ac.uk/pride/data/archive/2023/07/PXD037367/21323-004.raw	4	AC=MS:1002416;NT=Orbitrap Fusion	NT=Carbamidomethyl;AC=UNIMOD:4;TA=C;MT=Fixed	NT=Oxidation;MT=Variable;TA=M;AC=UNIMOD:35	NT=Acetyl;AC=UNIMOD:1;PP=Protein N-term;MT=variable		TMT128N	10 ppm	0.02 Da	1	Control	Angular gyrus
PXD037367-Sample-10-TMT128C	Homo sapiens	Brain	Angular gyrus	Brodmann area 39	not available	82	not available	Male	Alzheimer's disease with dementia	adult	not available	not available	15	not available	not available	15	5 PXD037367-Sample-10	proteomic profiling by mass spectrometry	PXD037426	21323-004.raw	ftp://ftp.pride.ebi.ac.uk/pride/data/archive/2023/07/PXD037367/21323-004.raw	4	AC=MS:1002416;NT=Orbitrap Fusion	NT=Carbamidomethyl;AC=UNIMOD:4;TA=C;MT=Fixed	NT=Oxidation;MT=Variable;TA=M;AC=UNIMOD:35	NT=Acetyl;AC=UNIMOD:1;PP=Protein N-term;MT=variable		TMT128C	10 ppm	0.02 Da	1	Alzheimer's disease with dementia	Angular gyrus
PXD037367-Sample-10-TMT129N	Homo sapiens	Brain	Angular gyrus	Brodmann area 39	not available	84	not available	Male	Alzheimer's disease resilient	adult	not available	not available	16	not available	not available	16	6 PXD037367-Sample-10	proteomic profiling by mass spectrometry	PXD037427	21323-004.raw	ftp://ftp.pride.ebi.ac.uk/pride/data/archive/2023/07/PXD037367/21323-004.raw	4	AC=MS:1002416;NT=Orbitrap Fusion	NT=Carbamidomethyl;AC=UNIMOD:4;TA=C;MT=Fixed	NT=Oxidation;MT=Variable;TA=M;AC=UNIMOD:35	NT=Acetyl;AC=UNIMOD:1;PP=Protein N-term;MT=variable		TMT129N	10 ppm	0.02 Da	1	Alzheimer's disease resilient	Angular gyrus
PXD037367-Sample-10-TMT129C	Homo sapiens	Brain	Angular gyrus	Brodmann area 39	not available	89	not available	Female	Alzheimer's disease frail	adult	not available	not available	17	not available	not available	17	7 PXD037367-Sample-10	proteomic profiling by mass spectrometry	PXD037428	21323-004.raw	ftp://ftp.pride.ebi.ac.uk/pride/data/archive/2023/07/PXD037367/21323-004.raw	4	AC=MS:1002416;NT=Orbitrap Fusion	NT=Carbamidomethyl;AC=UNIMOD:4;TA=C;MT=Fixed	NT=Oxidation;MT=Variable;TA=M;AC=UNIMOD:35	NT=Acetyl;AC=UNIMOD:1;PP=Protein N-term;MT=variable		TMT129C	10 ppm	0.02 Da	1	Alzheimer's disease frail	Angular gyrus
PXD037367-Sample-10-TMT130N	Homo sapiens	Brain	Angular gyrus	Brodmann area 39	not available	89	not available	Female	Control	adult	not available	not available	18	not available	not available	18	8 PXD037367-Sample-10	proteomic profiling by mass spectrometry	PXD037429	21323-004.raw	ftp://ftp.pride.ebi.ac.uk/pride/data/archive/2023/07/PXD037367/21323-004.raw	4	AC=MS:1002416;NT=Orbitrap Fusion	NT=Carbamidomethyl;AC=UNIMOD:4;TA=C;MT=Fixed	NT=Oxidation;MT=Variable;TA=M;AC=UNIMOD:35	NT=Acetyl;AC=UNIMOD:1;PP=Protein N-term;MT=variable		TMT130N	10 ppm	0.02 Da	1	Control	Angular gyrus
PXD037367-Sample-10-TMT130C	Homo sapiens	Brain	Angular gyrus	Brodmann area 39	not available	94	not available	Female	Alzheimer's disease with dementia	adult	not available	not available	19	not available	not available	19	9 PXD037367-Sample-10	proteomic profiling by mass spectrometry	PXD037430	21323-004.raw	ftp://ftp.pride.ebi.ac.uk/pride/data/archive/2023/07/PXD037367/21323-004.raw	4	AC=MS:1002416;NT=Orbitrap Fusion	NT=Carbamidomethyl;AC=UNIMOD:4;TA=C;MT=Fixed	NT=Oxidation;MT=Variable;TA=M;AC=UNIMOD:35	NT=Acetyl;AC=UNIMOD:1;PP=Protein N-term;MT=variable		TMT130C	10 ppm	0.02 Da	1	Alzheimer's disease with dementia	Angular gyrus
PXD037367-Sample-10-TMT131N	Homo sapiens	Brain	Angular gyrus	Brodmann area 39	not available	92	not available	Female	Alzheimer's disease resilient	adult	not available	not available	20	not available	not available	20	10 PXD037367-Sample-10	proteomic profiling by mass spectrometry	PXD037431	21323-004.raw	ftp://ftp.pride.ebi.ac.uk/pride/data/archive/2023/07/PXD037367/21323-004.raw	4	AC=MS:1002416;NT=Orbitrap Fusion	NT=Carbamidomethyl;AC=UNIMOD:4;TA=C;MT=Fixed	NT=Oxidation;MT=Variable;TA=M;AC=UNIMOD:35	NT=Acetyl;AC=UNIMOD:1;PP=Protein N-term;MT=variable		TMT131N	10 ppm	0.02 Da	1	Alzheimer's disease resilient	Angular gyrus
PXD037367-Sample-10-TMT131C	Homo sapiens	Brain	Angular gyrus	Brodmann area 39	not available	87	not available	Male	Alzheimer's disease frail	adult	not available	not available	21	not available	not available	21	11 PXD037367-Sample-10	proteomic profiling by mass spectrometry	PXD037432	21323-004.raw	ftp://ftp.pride.ebi.ac.uk/pride/data/archive/2023/07/PXD037367/21323-004.raw	4	AC=MS:1002416;NT=Orbitrap Fusion	NT=Carbamidomethyl;AC=UNIMOD:4;TA=C;MT=Fixed	NT=Oxidation;MT=Variable;TA=M;AC=UNIMOD:35	NT=Acetyl;AC=UNIMOD:1;PP=Protein N-term;MT=variable		TMT131C	10 ppm	0.02 Da	1	Alzheimer's disease frail	Angular gyrus
PXD037367-Sample-10-TMT132N	Homo sapiens	Brain	Angular gyrus	Brodmann area 39	not available	92	not available	Male	Control	adult	not available	not available	22	not available	not available	22	12 PXD037367-Sample-10	proteomic profiling by mass spectrometry	PXD037433	21323-004.raw	ftp://ftp.pride.ebi.ac.uk/pride/data/archive/2023/07/PXD037367/21323-004.raw	4	AC=MS:1002416;NT=Orbitrap Fusion	NT=Carbamidomethyl;AC=UNIMOD:4;TA=C;MT=Fixed	NT=Oxidation;MT=Variable;TA=M;AC=UNIMOD:35	NT=Acetyl;AC=UNIMOD:1;PP=Protein N-term;MT=variable		TMT132N	10 ppm	0.02 Da	1	Control	Angular gyrus
PXD037367-Sample-10-TMT132C	Homo sapiens	Brain	Angular gyrus	Brodmann area 39	not available	88	not available	Male	Alzheimer's disease with dementia	adult	not available	not available	23	not available	not available	23	13 PXD037367-Sample-10	proteomic profiling by mass spectrometry	PXD037434	21323-004.raw	ftp://ftp.pride.ebi.ac.uk/pride/data/archive/2023/07/PXD037367/21323-004.raw	4	AC=MS:1002416;NT=Orbitrap Fusion	NT=Carbamidomethyl;AC=UNIMOD:4;TA=C;MT=Fixed	NT=Oxidation;MT=Variable;TA=M;AC=UNIMOD:35	NT=Acetyl;AC=UNIMOD:1;PP=Protein N-term;MT=variable		TMT132C	10 ppm	0.02 Da	1	Alzheimer's disease with dementia	Angular gyrus
PXD037367-Sample-10-TMT133N	Homo sapiens	Brain	Angular gyrus	Brodmann area 39	not available	90	not available	Male	Alzheimer's disease resilient	adult	not available	not available	24	not available	not available	24	14 PXD037367-Sample-10	proteomic profiling by mass spectrometry	PXD037435	21323-004.raw	ftp://ftp.pride.ebi.ac.uk/pride/data/archive/2023/07/PXD037367/21323-004.raw	4	AC=MS:1002416;NT=Orbitrap Fusion	NT=Carbamidomethyl;AC=UNIMOD:4;TA=C;MT=Fixed	NT=Oxidation;MT=Variable;TA=M;AC=UNIMOD:35	NT=Acetyl;AC=UNIMOD:1;PP=Protein N-term;MT=variable		TMT133N	10 ppm	0.02 Da	1	Alzheimer's disease resilient	Angular gyrus
PXD037367-Sample-10-TMT133C	Homo sapiens	Brain	Angular gyrus	Brodmann area 39	not available	94	not available	Female	Alzheimer's disease frail	adult	not available	not available	25	not available	not available	25	15 PXD037367-Sample-10	proteomic profiling by mass spectrometry	PXD037436	21323-004.raw	ftp://ftp.pride.ebi.ac.uk/pride/data/archive/2023/07/PXD037367/21323-004.raw	4	AC=MS:1002416;NT=Orbitrap Fusion	NT=Carbamidomethyl;AC=UNIMOD:4;TA=C;MT=Fixed	NT=Oxidation;MT=Variable;TA=M;AC=UNIMOD:35	NT=Acetyl;AC=UNIMOD:1;PP=Protein N-term;MT=variable		TMT133C	10 ppm	0.02 Da	1	Alzheimer's disease frail	Angular gyrus
PXD037367-Sample-10-TMT134N	Homo sapiens	Brain	Angular gyrus	Brodmann area 39	not available	99	not available	Female	Control	adult	not available	not available	26	not available	not available	26	16 PXD037367-Sample-10	proteomic profiling by mass spectrometry	PXD037437	21323-004.raw	ftp://ftp.pride.ebi.ac.uk/pride/data/archive/2023/07/PXD037367/21323-004.raw	4	AC=MS:1002416;NT=Orbitrap Fusion	NT=Carbamidomethyl;AC=UNIMOD:4;TA=C;MT=Fixed	NT=Oxidation;MT=Variable;TA=M;AC=UNIMOD:35	NT=Acetyl;AC=UNIMOD:1;PP=Protein N-term;MT=variable		TMT134N	10 ppm	0.02 Da	1	Control	Angular gyrus
PXD037367-Sample-10-TMT134C	Homo sapiens	Brain	Angular gyrus	Brodmann area 39	not available	97	not available	Male	Alzheimer's disease resilient	adult	not available	not available	27	not available	not available	27	17 PXD037367-Sample-10	proteomic profiling by mass spectrometry	PXD037438	21323-004.raw	ftp://ftp.pride.ebi.ac.uk/pride/data/archive/2023/07/PXD037367/21323-004.raw	4	AC=MS:1002416;NT=Orbitrap Fusion	NT=Carbamidomethyl;AC=UNIMOD:4;TA=C;MT=Fixed	NT=Oxidation;MT=Variable;TA=M;AC=UNIMOD:35	NT=Acetyl;AC=UNIMOD:1;PP=Protein N-term;MT=variable		TMT134C	10 ppm	0.02 Da	1	Alzheimer's disease resilient	Angular gyrus
PXD037367-Sample-10-TMT135N	Homo sapiens	Global Internal Standard	Global Internal Standard	not applicable	not applicable	not applicable	not applicable	not applicable	Global Internal Standard	not applicable	not applicable	not applicable	not applicable	not applicable	not applicable	not applicable	18 PXD037367-Sample-10	proteomic profiling by mass spectrometry	PXD037439	21323-004.raw	ftp://ftp.pride.ebi.ac.uk/pride/data/archive/2023/07/PXD037367/21323-004.raw	4	AC=MS:1002416;NT=Orbitrap Fusion	NT=Carbamidomethyl;AC=UNIMOD:4;TA=C;MT=Fixed	NT=Oxidation;MT=Variable;TA=M;AC=UNIMOD:35	NT=Acetyl;AC=UNIMOD:1;PP=Protein N-term;MT=variable		TMT135N	10 ppm	0.02 Da	1	Global Internal Standard	Global Internal Standard
PXD037367-Sample-11-TMT126	Homo sapiens	Brain	Angular gyrus	Brodmann area 39	not available	83	not available	Female	Alzheimer's disease with dementia	adult	not available	not available	11	not available	not available	11	1 PXD037367-Sample-11	proteomic profiling by mass spectrometry	PXD037440	21323-005.raw	ftp://ftp.pride.ebi.ac.uk/pride/data/archive/2023/07/PXD037367/21323-005.raw	5	AC=MS:1002416;NT=Orbitrap Fusion	NT=Carbamidomethyl;AC=UNIMOD:4;TA=C;MT=Fixed	NT=Oxidation;MT=Variable;TA=M;AC=UNIMOD:35	NT=Acetyl;AC=UNIMOD:1;PP=Protein N-term;MT=variable		TMT126	10 ppm	0.02 Da	1	Alzheimer's disease with dementia	Angular gyrus
PXD037367-Sample-11-TMT127N	Homo sapiens	Brain	Angular gyrus	Brodmann area 39	not available	83	not available	Female	Alzheimer's disease resilient	adult	not available	not available	12	not available	not available	12	2 PXD037367-Sample-11	proteomic profiling by mass spectrometry	PXD037441	21323-005.raw	ftp://ftp.pride.ebi.ac.uk/pride/data/archive/2023/07/PXD037367/21323-005.raw	5	AC=MS:1002416;NT=Orbitrap Fusion	NT=Carbamidomethyl;AC=UNIMOD:4;TA=C;MT=Fixed	NT=Oxidation;MT=Variable;TA=M;AC=UNIMOD:35	NT=Acetyl;AC=UNIMOD:1;PP=Protein N-term;MT=variable		TMT127N	10 ppm	0.02 Da	1	Alzheimer's disease resilient	Angular gyrus
PXD037367-Sample-11-TMT127C	Homo sapiens	Brain	Angular gyrus	Brodmann area 39	not available	98	not available	Female	Alzheimer's disease frail	adult	not available	not available	13	not available	not available	13	3 PXD037367-Sample-11	proteomic profiling by mass spectrometry	PXD037442	21323-005.raw	ftp://ftp.pride.ebi.ac.uk/pride/data/archive/2023/07/PXD037367/21323-005.raw	5	AC=MS:1002416;NT=Orbitrap Fusion	NT=Carbamidomethyl;AC=UNIMOD:4;TA=C;MT=Fixed	NT=Oxidation;MT=Variable;TA=M;AC=UNIMOD:35	NT=Acetyl;AC=UNIMOD:1;PP=Protein N-term;MT=variable		TMT127C	10 ppm	0.02 Da	1	Alzheimer's disease frail	Angular gyrus
PXD037367-Sample-11-TMT128N	Homo sapiens	Brain	Angular gyrus	Brodmann area 39	not available	97	not available	Male	Control	adult	not available	not available	14	not available	not available	14	4 PXD037367-Sample-11	proteomic profiling by mass spectrometry	PXD037443	21323-005.raw	ftp://ftp.pride.ebi.ac.uk/pride/data/archive/2023/07/PXD037367/21323-005.raw	5	AC=MS:1002416;NT=Orbitrap Fusion	NT=Carbamidomethyl;AC=UNIMOD:4;TA=C;MT=Fixed	NT=Oxidation;MT=Variable;TA=M;AC=UNIMOD:35	NT=Acetyl;AC=UNIMOD:1;PP=Protein N-term;MT=variable		TMT128N	10 ppm	0.02 Da	1	Control	Angular gyrus
PXD037367-Sample-11-TMT128C	Homo sapiens	Brain	Angular gyrus	Brodmann area 39	not available	82	not available	Male	Alzheimer's disease with dementia	adult	not available	not available	15	not available	not available	15	5 PXD037367-Sample-11	proteomic profiling by mass spectrometry	PXD037444	21323-005.raw	ftp://ftp.pride.ebi.ac.uk/pride/data/archive/2023/07/PXD037367/21323-005.raw	5	AC=MS:1002416;NT=Orbitrap Fusion	NT=Carbamidomethyl;AC=UNIMOD:4;TA=C;MT=Fixed	NT=Oxidation;MT=Variable;TA=M;AC=UNIMOD:35	NT=Acetyl;AC=UNIMOD:1;PP=Protein N-term;MT=variable		TMT128C	10 ppm	0.02 Da	1	Alzheimer's disease with dementia	Angular gyrus
PXD037367-Sample-11-TMT129N	Homo sapiens	Brain	Angular gyrus	Brodmann area 39	not available	84	not available	Male	Alzheimer's disease resilient	adult	not available	not available	16	not available	not available	16	6 PXD037367-Sample-11	proteomic profiling by mass spectrometry	PXD037445	21323-005.raw	ftp://ftp.pride.ebi.ac.uk/pride/data/archive/2023/07/PXD037367/21323-005.raw	5	AC=MS:1002416;NT=Orbitrap Fusion	NT=Carbamidomethyl;AC=UNIMOD:4;TA=C;MT=Fixed	NT=Oxidation;MT=Variable;TA=M;AC=UNIMOD:35	NT=Acetyl;AC=UNIMOD:1;PP=Protein N-term;MT=variable		TMT129N	10 ppm	0.02 Da	1	Alzheimer's disease resilient	Angular gyrus
PXD037367-Sample-11-TMT129C	Homo sapiens	Brain	Angular gyrus	Brodmann area 39	not available	89	not available	Female	Alzheimer's disease frail	adult	not available	not available	17	not available	not available	17	7 PXD037367-Sample-11	proteomic profiling by mass spectrometry	PXD037446	21323-005.raw	ftp://ftp.pride.ebi.ac.uk/pride/data/archive/2023/07/PXD037367/21323-005.raw	5	AC=MS:1002416;NT=Orbitrap Fusion	NT=Carbamidomethyl;AC=UNIMOD:4;TA=C;MT=Fixed	NT=Oxidation;MT=Variable;TA=M;AC=UNIMOD:35	NT=Acetyl;AC=UNIMOD:1;PP=Protein N-term;MT=variable		TMT129C	10 ppm	0.02 Da	1	Alzheimer's disease frail	Angular gyrus
PXD037367-Sample-11-TMT130N	Homo sapiens	Brain	Angular gyrus	Brodmann area 39	not available	89	not available	Female	Control	adult	not available	not available	18	not available	not available	18	8 PXD037367-Sample-11	proteomic profiling by mass spectrometry	PXD037447	21323-005.raw	ftp://ftp.pride.ebi.ac.uk/pride/data/archive/2023/07/PXD037367/21323-005.raw	5	AC=MS:1002416;NT=Orbitrap Fusion	NT=Carbamidomethyl;AC=UNIMOD:4;TA=C;MT=Fixed	NT=Oxidation;MT=Variable;TA=M;AC=UNIMOD:35	NT=Acetyl;AC=UNIMOD:1;PP=Protein N-term;MT=variable		TMT130N	10 ppm	0.02 Da	1	Control	Angular gyrus
PXD037367-Sample-11-TMT130C	Homo sapiens	Brain	Angular gyrus	Brodmann area 39	not available	94	not available	Female	Alzheimer's disease with dementia	adult	not available	not available	19	not available	not available	19	9 PXD037367-Sample-11	proteomic profiling by mass spectrometry	PXD037448	21323-005.raw	ftp://ftp.pride.ebi.ac.uk/pride/data/archive/2023/07/PXD037367/21323-005.raw	5	AC=MS:1002416;NT=Orbitrap Fusion	NT=Carbamidomethyl;AC=UNIMOD:4;TA=C;MT=Fixed	NT=Oxidation;MT=Variable;TA=M;AC=UNIMOD:35	NT=Acetyl;AC=UNIMOD:1;PP=Protein N-term;MT=variable		TMT130C	10 ppm	0.02 Da	1	Alzheimer's disease with dementia	Angular gyrus
PXD037367-Sample-11-TMT131N	Homo sapiens	Brain	Angular gyrus	Brodmann area 39	not available	92	not available	Female	Alzheimer's disease resilient	adult	not available	not available	20	not available	not available	20	10 PXD037367-Sample-11	proteomic profiling by mass spectrometry	PXD037449	21323-005.raw	ftp://ftp.pride.ebi.ac.uk/pride/data/archive/2023/07/PXD037367/21323-005.raw	5	AC=MS:1002416;NT=Orbitrap Fusion	NT=Carbamidomethyl;AC=UNIMOD:4;TA=C;MT=Fixed	NT=Oxidation;MT=Variable;TA=M;AC=UNIMOD:35	NT=Acetyl;AC=UNIMOD:1;PP=Protein N-term;MT=variable		TMT131N	10 ppm	0.02 Da	1	Alzheimer's disease resilient	Angular gyrus
PXD037367-Sample-11-TMT131C	Homo sapiens	Brain	Angular gyrus	Brodmann area 39	not available	87	not available	Male	Alzheimer's disease frail	adult	not available	not available	21	not available	not available	21	11 PXD037367-Sample-11	proteomic profiling by mass spectrometry	PXD037450	21323-005.raw	ftp://ftp.pride.ebi.ac.uk/pride/data/archive/2023/07/PXD037367/21323-005.raw	5	AC=MS:1002416;NT=Orbitrap Fusion	NT=Carbamidomethyl;AC=UNIMOD:4;TA=C;MT=Fixed	NT=Oxidation;MT=Variable;TA=M;AC=UNIMOD:35	NT=Acetyl;AC=UNIMOD:1;PP=Protein N-term;MT=variable		TMT131C	10 ppm	0.02 Da	1	Alzheimer's disease frail	Angular gyrus
PXD037367-Sample-11-TMT132N	Homo sapiens	Brain	Angular gyrus	Brodmann area 39	not available	92	not available	Male	Control	adult	not available	not available	22	not available	not available	22	12 PXD037367-Sample-11	proteomic profiling by mass spectrometry	PXD037451	21323-005.raw	ftp://ftp.pride.ebi.ac.uk/pride/data/archive/2023/07/PXD037367/21323-005.raw	5	AC=MS:1002416;NT=Orbitrap Fusion	NT=Carbamidomethyl;AC=UNIMOD:4;TA=C;MT=Fixed	NT=Oxidation;MT=Variable;TA=M;AC=UNIMOD:35	NT=Acetyl;AC=UNIMOD:1;PP=Protein N-term;MT=variable		TMT132N	10 ppm	0.02 Da	1	Control	Angular gyrus
PXD037367-Sample-11-TMT132C	Homo sapiens	Brain	Angular gyrus	Brodmann area 39	not available	88	not available	Male	Alzheimer's disease with dementia	adult	not available	not available	23	not available	not available	23	13 PXD037367-Sample-11	proteomic profiling by mass spectrometry	PXD037452	21323-005.raw	ftp://ftp.pride.ebi.ac.uk/pride/data/archive/2023/07/PXD037367/21323-005.raw	5	AC=MS:1002416;NT=Orbitrap Fusion	NT=Carbamidomethyl;AC=UNIMOD:4;TA=C;MT=Fixed	NT=Oxidation;MT=Variable;TA=M;AC=UNIMOD:35	NT=Acetyl;AC=UNIMOD:1;PP=Protein N-term;MT=variable		TMT132C	10 ppm	0.02 Da	1	Alzheimer's disease with dementia	Angular gyrus
PXD037367-Sample-11-TMT133N	Homo sapiens	Brain	Angular gyrus	Brodmann area 39	not available	90	not available	Male	Alzheimer's disease resilient	adult	not available	not available	24	not available	not available	24	14 PXD037367-Sample-11	proteomic profiling by mass spectrometry	PXD037453	21323-005.raw	ftp://ftp.pride.ebi.ac.uk/pride/data/archive/2023/07/PXD037367/21323-005.raw	5	AC=MS:1002416;NT=Orbitrap Fusion	NT=Carbamidomethyl;AC=UNIMOD:4;TA=C;MT=Fixed	NT=Oxidation;MT=Variable;TA=M;AC=UNIMOD:35	NT=Acetyl;AC=UNIMOD:1;PP=Protein N-term;MT=variable		TMT133N	10 ppm	0.02 Da	1	Alzheimer's disease resilient	Angular gyrus
PXD037367-Sample-11-TMT133C	Homo sapiens	Brain	Angular gyrus	Brodmann area 39	not available	94	not available	Female	Alzheimer's disease frail	adult	not available	not available	25	not available	not available	25	15 PXD037367-Sample-11	proteomic profiling by mass spectrometry	PXD037454	21323-005.raw	ftp://ftp.pride.ebi.ac.uk/pride/data/archive/2023/07/PXD037367/21323-005.raw	5	AC=MS:1002416;NT=Orbitrap Fusion	NT=Carbamidomethyl;AC=UNIMOD:4;TA=C;MT=Fixed	NT=Oxidation;MT=Variable;TA=M;AC=UNIMOD:35	NT=Acetyl;AC=UNIMOD:1;PP=Protein N-term;MT=variable		TMT133C	10 ppm	0.02 Da	1	Alzheimer's disease frail	Angular gyrus
PXD037367-Sample-11-TMT134N	Homo sapiens	Brain	Angular gyrus	Brodmann area 39	not available	99	not available	Female	Control	adult	not available	not available	26	not available	not available	26	16 PXD037367-Sample-11	proteomic profiling by mass spectrometry	PXD037455	21323-005.raw	ftp://ftp.pride.ebi.ac.uk/pride/data/archive/2023/07/PXD037367/21323-005.raw	5	AC=MS:1002416;NT=Orbitrap Fusion	NT=Carbamidomethyl;AC=UNIMOD:4;TA=C;MT=Fixed	NT=Oxidation;MT=Variable;TA=M;AC=UNIMOD:35	NT=Acetyl;AC=UNIMOD:1;PP=Protein N-term;MT=variable		TMT134N	10 ppm	0.02 Da	1	Control	Angular gyrus
PXD037367-Sample-11-TMT134C	Homo sapiens	Brain	Angular gyrus	Brodmann area 39	not available	97	not available	Male	Alzheimer's disease resilient	adult	not available	not available	27	not available	not available	27	17 PXD037367-Sample-11	proteomic profiling by mass spectrometry	PXD037456	21323-005.raw	ftp://ftp.pride.ebi.ac.uk/pride/data/archive/2023/07/PXD037367/21323-005.raw	5	AC=MS:1002416;NT=Orbitrap Fusion	NT=Carbamidomethyl;AC=UNIMOD:4;TA=C;MT=Fixed	NT=Oxidation;MT=Variable;TA=M;AC=UNIMOD:35	NT=Acetyl;AC=UNIMOD:1;PP=Protein N-term;MT=variable		TMT134C	10 ppm	0.02 Da	1	Alzheimer's disease resilient	Angular gyrus
PXD037367-Sample-11-TMT135N	Homo sapiens	Global Internal Standard	Global Internal Standard	not applicable	not applicable	not applicable	not applicable	not applicable	Global Internal Standard	not applicable	not applicable	not applicable	not applicable	not applicable	not applicable	not applicable	18 PXD037367-Sample-11	proteomic profiling by mass spectrometry	PXD037457	21323-005.raw	ftp://ftp.pride.ebi.ac.uk/pride/data/archive/2023/07/PXD037367/21323-005.raw	5	AC=MS:1002416;NT=Orbitrap Fusion	NT=Carbamidomethyl;AC=UNIMOD:4;TA=C;MT=Fixed	NT=Oxidation;MT=Variable;TA=M;AC=UNIMOD:35	NT=Acetyl;AC=UNIMOD:1;PP=Protein N-term;MT=variable		TMT135N	10 ppm	0.02 Da	1	Global Internal Standard	Global Internal Standard
PXD037367-Sample-12-TMT126	Homo sapiens	Brain	Angular gyrus	Brodmann area 39	not available	83	not available	Female	Alzheimer's disease with dementia	adult	not available	not available	11	not available	not available	11	1 PXD037367-Sample-12	proteomic profiling by mass spectrometry	PXD037458	21323-006.raw	ftp://ftp.pride.ebi.ac.uk/pride/data/archive/2023/07/PXD037367/21323-006.raw	6	AC=MS:1002416;NT=Orbitrap Fusion	NT=Carbamidomethyl;AC=UNIMOD:4;TA=C;MT=Fixed	NT=Oxidation;MT=Variable;TA=M;AC=UNIMOD:35	NT=Acetyl;AC=UNIMOD:1;PP=Protein N-term;MT=variable		TMT126	10 ppm	0.02 Da	1	Alzheimer's disease with dementia	Angular gyrus
PXD037367-Sample-12-TMT127N	Homo sapiens	Brain	Angular gyrus	Brodmann area 39	not available	83	not available	Female	Alzheimer's disease resilient	adult	not available	not available	12	not available	not available	12	2 PXD037367-Sample-12	proteomic profiling by mass spectrometry	PXD037459	21323-006.raw	ftp://ftp.pride.ebi.ac.uk/pride/data/archive/2023/07/PXD037367/21323-006.raw	6	AC=MS:1002416;NT=Orbitrap Fusion	NT=Carbamidomethyl;AC=UNIMOD:4;TA=C;MT=Fixed	NT=Oxidation;MT=Variable;TA=M;AC=UNIMOD:35	NT=Acetyl;AC=UNIMOD:1;PP=Protein N-term;MT=variable		TMT127N	10 ppm	0.02 Da	1	Alzheimer's disease resilient	Angular gyrus
PXD037367-Sample-12-TMT127C	Homo sapiens	Brain	Angular gyrus	Brodmann area 39	not available	98	not available	Female	Alzheimer's disease frail	adult	not available	not available	13	not available	not available	13	3 PXD037367-Sample-12	proteomic profiling by mass spectrometry	PXD037460	21323-006.raw	ftp://ftp.pride.ebi.ac.uk/pride/data/archive/2023/07/PXD037367/21323-006.raw	6	AC=MS:1002416;NT=Orbitrap Fusion	NT=Carbamidomethyl;AC=UNIMOD:4;TA=C;MT=Fixed	NT=Oxidation;MT=Variable;TA=M;AC=UNIMOD:35	NT=Acetyl;AC=UNIMOD:1;PP=Protein N-term;MT=variable		TMT127C	10 ppm	0.02 Da	1	Alzheimer's disease frail	Angular gyrus
PXD037367-Sample-12-TMT128N	Homo sapiens	Brain	Angular gyrus	Brodmann area 39	not available	97	not available	Male	Control	adult	not available	not available	14	not available	not available	14	4 PXD037367-Sample-12	proteomic profiling by mass spectrometry	PXD037461	21323-006.raw	ftp://ftp.pride.ebi.ac.uk/pride/data/archive/2023/07/PXD037367/21323-006.raw	6	AC=MS:1002416;NT=Orbitrap Fusion	NT=Carbamidomethyl;AC=UNIMOD:4;TA=C;MT=Fixed	NT=Oxidation;MT=Variable;TA=M;AC=UNIMOD:35	NT=Acetyl;AC=UNIMOD:1;PP=Protein N-term;MT=variable		TMT128N	10 ppm	0.02 Da	1	Control	Angular gyrus
PXD037367-Sample-12-TMT128C	Homo sapiens	Brain	Angular gyrus	Brodmann area 39	not available	82	not available	Male	Alzheimer's disease with dementia	adult	not available	not available	15	not available	not available	15	5 PXD037367-Sample-12	proteomic profiling by mass spectrometry	PXD037462	21323-006.raw	ftp://ftp.pride.ebi.ac.uk/pride/data/archive/2023/07/PXD037367/21323-006.raw	6	AC=MS:1002416;NT=Orbitrap Fusion	NT=Carbamidomethyl;AC=UNIMOD:4;TA=C;MT=Fixed	NT=Oxidation;MT=Variable;TA=M;AC=UNIMOD:35	NT=Acetyl;AC=UNIMOD:1;PP=Protein N-term;MT=variable		TMT128C	10 ppm	0.02 Da	1	Alzheimer's disease with dementia	Angular gyrus
PXD037367-Sample-12-TMT129N	Homo sapiens	Brain	Angular gyrus	Brodmann area 39	not available	84	not available	Male	Alzheimer's disease resilient	adult	not available	not available	16	not available	not available	16	6 PXD037367-Sample-12	proteomic profiling by mass spectrometry	PXD037463	21323-006.raw	ftp://ftp.pride.ebi.ac.uk/pride/data/archive/2023/07/PXD037367/21323-006.raw	6	AC=MS:1002416;NT=Orbitrap Fusion	NT=Carbamidomethyl;AC=UNIMOD:4;TA=C;MT=Fixed	NT=Oxidation;MT=Variable;TA=M;AC=UNIMOD:35	NT=Acetyl;AC=UNIMOD:1;PP=Protein N-term;MT=variable		TMT129N	10 ppm	0.02 Da	1	Alzheimer's disease resilient	Angular gyrus
PXD037367-Sample-12-TMT129C	Homo sapiens	Brain	Angular gyrus	Brodmann area 39	not available	89	not available	Female	Alzheimer's disease frail	adult	not available	not available	17	not available	not available	17	7 PXD037367-Sample-12	proteomic profiling by mass spectrometry	PXD037464	21323-006.raw	ftp://ftp.pride.ebi.ac.uk/pride/data/archive/2023/07/PXD037367/21323-006.raw	6	AC=MS:1002416;NT=Orbitrap Fusion	NT=Carbamidomethyl;AC=UNIMOD:4;TA=C;MT=Fixed	NT=Oxidation;MT=Variable;TA=M;AC=UNIMOD:35	NT=Acetyl;AC=UNIMOD:1;PP=Protein N-term;MT=variable		TMT129C	10 ppm	0.02 Da	1	Alzheimer's disease frail	Angular gyrus
PXD037367-Sample-12-TMT130N	Homo sapiens	Brain	Angular gyrus	Brodmann area 39	not available	89	not available	Female	Control	adult	not available	not available	18	not available	not available	18	8 PXD037367-Sample-12	proteomic profiling by mass spectrometry	PXD037465	21323-006.raw	ftp://ftp.pride.ebi.ac.uk/pride/data/archive/2023/07/PXD037367/21323-006.raw	6	AC=MS:1002416;NT=Orbitrap Fusion	NT=Carbamidomethyl;AC=UNIMOD:4;TA=C;MT=Fixed	NT=Oxidation;MT=Variable;TA=M;AC=UNIMOD:35	NT=Acetyl;AC=UNIMOD:1;PP=Protein N-term;MT=variable		TMT130N	10 ppm	0.02 Da	1	Control	Angular gyrus
PXD037367-Sample-12-TMT130C	Homo sapiens	Brain	Angular gyrus	Brodmann area 39	not available	94	not available	Female	Alzheimer's disease with dementia	adult	not available	not available	19	not available	not available	19	9 PXD037367-Sample-12	proteomic profiling by mass spectrometry	PXD037466	21323-006.raw	ftp://ftp.pride.ebi.ac.uk/pride/data/archive/2023/07/PXD037367/21323-006.raw	6	AC=MS:1002416;NT=Orbitrap Fusion	NT=Carbamidomethyl;AC=UNIMOD:4;TA=C;MT=Fixed	NT=Oxidation;MT=Variable;TA=M;AC=UNIMOD:35	NT=Acetyl;AC=UNIMOD:1;PP=Protein N-term;MT=variable		TMT130C	10 ppm	0.02 Da	1	Alzheimer's disease with dementia	Angular gyrus
PXD037367-Sample-12-TMT131N	Homo sapiens	Brain	Angular gyrus	Brodmann area 39	not available	92	not available	Female	Alzheimer's disease resilient	adult	not available	not available	20	not available	not available	20	10 PXD037367-Sample-12	proteomic profiling by mass spectrometry	PXD037467	21323-006.raw	ftp://ftp.pride.ebi.ac.uk/pride/data/archive/2023/07/PXD037367/21323-006.raw	6	AC=MS:1002416;NT=Orbitrap Fusion	NT=Carbamidomethyl;AC=UNIMOD:4;TA=C;MT=Fixed	NT=Oxidation;MT=Variable;TA=M;AC=UNIMOD:35	NT=Acetyl;AC=UNIMOD:1;PP=Protein N-term;MT=variable		TMT131N	10 ppm	0.02 Da	1	Alzheimer's disease resilient	Angular gyrus
PXD037367-Sample-12-TMT131C	Homo sapiens	Brain	Angular gyrus	Brodmann area 39	not available	87	not available	Male	Alzheimer's disease frail	adult	not available	not available	21	not available	not available	21	11 PXD037367-Sample-12	proteomic profiling by mass spectrometry	PXD037468	21323-006.raw	ftp://ftp.pride.ebi.ac.uk/pride/data/archive/2023/07/PXD037367/21323-006.raw	6	AC=MS:1002416;NT=Orbitrap Fusion	NT=Carbamidomethyl;AC=UNIMOD:4;TA=C;MT=Fixed	NT=Oxidation;MT=Variable;TA=M;AC=UNIMOD:35	NT=Acetyl;AC=UNIMOD:1;PP=Protein N-term;MT=variable		TMT131C	10 ppm	0.02 Da	1	Alzheimer's disease frail	Angular gyrus
PXD037367-Sample-12-TMT132N	Homo sapiens	Brain	Angular gyrus	Brodmann area 39	not available	92	not available	Male	Control	adult	not available	not available	22	not available	not available	22	12 PXD037367-Sample-12	proteomic profiling by mass spectrometry	PXD037469	21323-006.raw	ftp://ftp.pride.ebi.ac.uk/pride/data/archive/2023/07/PXD037367/21323-006.raw	6	AC=MS:1002416;NT=Orbitrap Fusion	NT=Carbamidomethyl;AC=UNIMOD:4;TA=C;MT=Fixed	NT=Oxidation;MT=Variable;TA=M;AC=UNIMOD:35	NT=Acetyl;AC=UNIMOD:1;PP=Protein N-term;MT=variable		TMT132N	10 ppm	0.02 Da	1	Control	Angular gyrus
PXD037367-Sample-12-TMT132C	Homo sapiens	Brain	Angular gyrus	Brodmann area 39	not available	88	not available	Male	Alzheimer's disease with dementia	adult	not available	not available	23	not available	not available	23	13 PXD037367-Sample-12	proteomic profiling by mass spectrometry	PXD037470	21323-006.raw	ftp://ftp.pride.ebi.ac.uk/pride/data/archive/2023/07/PXD037367/21323-006.raw	6	AC=MS:1002416;NT=Orbitrap Fusion	NT=Carbamidomethyl;AC=UNIMOD:4;TA=C;MT=Fixed	NT=Oxidation;MT=Variable;TA=M;AC=UNIMOD:35	NT=Acetyl;AC=UNIMOD:1;PP=Protein N-term;MT=variable		TMT132C	10 ppm	0.02 Da	1	Alzheimer's disease with dementia	Angular gyrus
PXD037367-Sample-12-TMT133N	Homo sapiens	Brain	Angular gyrus	Brodmann area 39	not available	90	not available	Male	Alzheimer's disease resilient	adult	not available	not available	24	not available	not available	24	14 PXD037367-Sample-12	proteomic profiling by mass spectrometry	PXD037471	21323-006.raw	ftp://ftp.pride.ebi.ac.uk/pride/data/archive/2023/07/PXD037367/21323-006.raw	6	AC=MS:1002416;NT=Orbitrap Fusion	NT=Carbamidomethyl;AC=UNIMOD:4;TA=C;MT=Fixed	NT=Oxidation;MT=Variable;TA=M;AC=UNIMOD:35	NT=Acetyl;AC=UNIMOD:1;PP=Protein N-term;MT=variable		TMT133N	10 ppm	0.02 Da	1	Alzheimer's disease resilient	Angular gyrus
PXD037367-Sample-12-TMT133C	Homo sapiens	Brain	Angular gyrus	Brodmann area 39	not available	94	not available	Female	Alzheimer's disease frail	adult	not available	not available	25	not available	not available	25	15 PXD037367-Sample-12	proteomic profiling by mass spectrometry	PXD037472	21323-006.raw	ftp://ftp.pride.ebi.ac.uk/pride/data/archive/2023/07/PXD037367/21323-006.raw	6	AC=MS:1002416;NT=Orbitrap Fusion	NT=Carbamidomethyl;AC=UNIMOD:4;TA=C;MT=Fixed	NT=Oxidation;MT=Variable;TA=M;AC=UNIMOD:35	NT=Acetyl;AC=UNIMOD:1;PP=Protein N-term;MT=variable		TMT133C	10 ppm	0.02 Da	1	Alzheimer's disease frail	Angular gyrus
PXD037367-Sample-12-TMT134N	Homo sapiens	Brain	Angular gyrus	Brodmann area 39	not available	99	not available	Female	Control	adult	not available	not available	26	not available	not available	26	16 PXD037367-Sample-12	proteomic profiling by mass spectrometry	PXD037473	21323-006.raw	ftp://ftp.pride.ebi.ac.uk/pride/data/archive/2023/07/PXD037367/21323-006.raw	6	AC=MS:1002416;NT=Orbitrap Fusion	NT=Carbamidomethyl;AC=UNIMOD:4;TA=C;MT=Fixed	NT=Oxidation;MT=Variable;TA=M;AC=UNIMOD:35	NT=Acetyl;AC=UNIMOD:1;PP=Protein N-term;MT=variable		TMT134N	10 ppm	0.02 Da	1	Control	Angular gyrus
PXD037367-Sample-12-TMT134C	Homo sapiens	Brain	Angular gyrus	Brodmann area 39	not available	97	not available	Male	Alzheimer's disease resilient	adult	not available	not available	27	not available	not available	27	17 PXD037367-Sample-12	proteomic profiling by mass spectrometry	PXD037474	21323-006.raw	ftp://ftp.pride.ebi.ac.uk/pride/data/archive/2023/07/PXD037367/21323-006.raw	6	AC=MS:1002416;NT=Orbitrap Fusion	NT=Carbamidomethyl;AC=UNIMOD:4;TA=C;MT=Fixed	NT=Oxidation;MT=Variable;TA=M;AC=UNIMOD:35	NT=Acetyl;AC=UNIMOD:1;PP=Protein N-term;MT=variable		TMT134C	10 ppm	0.02 Da	1	Alzheimer's disease resilient	Angular gyrus
PXD037367-Sample-12-TMT135N	Homo sapiens	Global Internal Standard	Global Internal Standard	not applicable	not applicable	not applicable	not applicable	not applicable	Global Internal Standard	not applicable	not applicable	not applicable	not applicable	not applicable	not applicable	not applicable	18 PXD037367-Sample-12	proteomic profiling by mass spectrometry	PXD037475	21323-006.raw	ftp://ftp.pride.ebi.ac.uk/pride/data/archive/2023/07/PXD037367/21323-006.raw	6	AC=MS:1002416;NT=Orbitrap Fusion	NT=Carbamidomethyl;AC=UNIMOD:4;TA=C;MT=Fixed	NT=Oxidation;MT=Variable;TA=M;AC=UNIMOD:35	NT=Acetyl;AC=UNIMOD:1;PP=Protein N-term;MT=variable		TMT135N	10 ppm	0.02 Da	1	Global Internal Standard	Global Internal Standard
PXD037367-Sample-13-TMT126	Homo sapiens	Brain	Angular gyrus	Brodmann area 39	not available	86	not available	Male	Alzheimer's disease resilient	adult	not available	not available	28	not available	not available	28	1 PXD037367-Sample-13	proteomic profiling by mass spectrometry	PXD037476	21323-008.raw	ftp://ftp.pride.ebi.ac.uk/pride/data/archive/2023/07/PXD037367/21323-008.raw	1	AC=MS:1002416;NT=Orbitrap Fusion	NT=Carbamidomethyl;AC=UNIMOD:4;TA=C;MT=Fixed	NT=Oxidation;MT=Variable;TA=M;AC=UNIMOD:35	NT=Acetyl;AC=UNIMOD:1;PP=Protein N-term;MT=variable		TMT126	10 ppm	0.02 Da	1	Alzheimer's disease resilient	Angular gyrus
PXD037367-Sample-13-TMT127N	Homo sapiens	Brain	Angular gyrus	Brodmann area 39	not available	79	not available	Male	Alzheimer's disease frail	adult	not available	not available	29	not available	not available	29	2 PXD037367-Sample-13	proteomic profiling by mass spectrometry	PXD037477	21323-008.raw	ftp://ftp.pride.ebi.ac.uk/pride/data/archive/2023/07/PXD037367/21323-008.raw	1	AC=MS:1002416;NT=Orbitrap Fusion	NT=Carbamidomethyl;AC=UNIMOD:4;TA=C;MT=Fixed	NT=Oxidation;MT=Variable;TA=M;AC=UNIMOD:35	NT=Acetyl;AC=UNIMOD:1;PP=Protein N-term;MT=variable		TMT127N	10 ppm	0.02 Da	1	Alzheimer's disease frail	Angular gyrus
PXD037367-Sample-13-TMT127C	Homo sapiens	Brain	Angular gyrus	Brodmann area 39	not available	91	not available	Female	Control	adult	not available	not available	30	not available	not available	30	3 PXD037367-Sample-13	proteomic profiling by mass spectrometry	PXD037478	21323-008.raw	ftp://ftp.pride.ebi.ac.uk/pride/data/archive/2023/07/PXD037367/21323-008.raw	1	AC=MS:1002416;NT=Orbitrap Fusion	NT=Carbamidomethyl;AC=UNIMOD:4;TA=C;MT=Fixed	NT=Oxidation;MT=Variable;TA=M;AC=UNIMOD:35	NT=Acetyl;AC=UNIMOD:1;PP=Protein N-term;MT=variable		TMT127C	10 ppm	0.02 Da	1	Control	Angular gyrus
PXD037367-Sample-13-TMT128N	Homo sapiens	Brain	Angular gyrus	Brodmann area 39	not available	86	not available	Female	Alzheimer's disease with dementia	adult	not available	not available	31	not available	not available	31	4 PXD037367-Sample-13	proteomic profiling by mass spectrometry	PXD037479	21323-008.raw	ftp://ftp.pride.ebi.ac.uk/pride/data/archive/2023/07/PXD037367/21323-008.raw	1	AC=MS:1002416;NT=Orbitrap Fusion	NT=Carbamidomethyl;AC=UNIMOD:4;TA=C;MT=Fixed	NT=Oxidation;MT=Variable;TA=M;AC=UNIMOD:35	NT=Acetyl;AC=UNIMOD:1;PP=Protein N-term;MT=variable		TMT128N	10 ppm	0.02 Da	1	Alzheimer's disease with dementia	Angular gyrus
PXD037367-Sample-13-TMT128C	Homo sapiens	Brain	Angular gyrus	Brodmann area 39	not available	90	not available	Female	Alzheimer's disease resilient	adult	not available	not available	32	not available	not available	32	5 PXD037367-Sample-13	proteomic profiling by mass spectrometry	PXD037480	21323-008.raw	ftp://ftp.pride.ebi.ac.uk/pride/data/archive/2023/07/PXD037367/21323-008.raw	1	AC=MS:1002416;NT=Orbitrap Fusion	NT=Carbamidomethyl;AC=UNIMOD:4;TA=C;MT=Fixed	NT=Oxidation;MT=Variable;TA=M;AC=UNIMOD:35	NT=Acetyl;AC=UNIMOD:1;PP=Protein N-term;MT=variable		TMT128C	10 ppm	0.02 Da	1	Alzheimer's disease resilient	Angular gyrus
PXD037367-Sample-13-TMT129N	Homo sapiens	Brain	Angular gyrus	Brodmann area 39	not available	88	not available	Female	Alzheimer's disease frail	adult	not available	not available	33	not available	not available	33	6 PXD037367-Sample-13	proteomic profiling by mass spectrometry	PXD037481	21323-008.raw	ftp://ftp.pride.ebi.ac.uk/pride/data/archive/2023/07/PXD037367/21323-008.raw	1	AC=MS:1002416;NT=Orbitrap Fusion	NT=Carbamidomethyl;AC=UNIMOD:4;TA=C;MT=Fixed	NT=Oxidation;MT=Variable;TA=M;AC=UNIMOD:35	NT=Acetyl;AC=UNIMOD:1;PP=Protein N-term;MT=variable		TMT129N	10 ppm	0.02 Da	1	Alzheimer's disease frail	Angular gyrus
PXD037367-Sample-13-TMT129C	Homo sapiens	Brain	Angular gyrus	Brodmann area 39	not available	88	not available	Male	Control	adult	not available	not available	34	not available	not available	34	7 PXD037367-Sample-13	proteomic profiling by mass spectrometry	PXD037482	21323-008.raw	ftp://ftp.pride.ebi.ac.uk/pride/data/archive/2023/07/PXD037367/21323-008.raw	1	AC=MS:1002416;NT=Orbitrap Fusion	NT=Carbamidomethyl;AC=UNIMOD:4;TA=C;MT=Fixed	NT=Oxidation;MT=Variable;TA=M;AC=UNIMOD:35	NT=Acetyl;AC=UNIMOD:1;PP=Protein N-term;MT=variable		TMT129C	10 ppm	0.02 Da	1	Control	Angular gyrus
PXD037367-Sample-13-TMT130N	Homo sapiens	Brain	Angular gyrus	Brodmann area 39	not available	88	not available	Male	Alzheimer's disease with dementia	adult	not available	not available	35	not available	not available	35	8 PXD037367-Sample-13	proteomic profiling by mass spectrometry	PXD037483	21323-008.raw	ftp://ftp.pride.ebi.ac.uk/pride/data/archive/2023/07/PXD037367/21323-008.raw	1	AC=MS:1002416;NT=Orbitrap Fusion	NT=Carbamidomethyl;AC=UNIMOD:4;TA=C;MT=Fixed	NT=Oxidation;MT=Variable;TA=M;AC=UNIMOD:35	NT=Acetyl;AC=UNIMOD:1;PP=Protein N-term;MT=variable		TMT130N	10 ppm	0.02 Da	1	Alzheimer's disease with dementia	Angular gyrus
PXD037367-Sample-13-TMT130C	Homo sapiens	Brain	Angular gyrus	Brodmann area 39	not available	88	not available	Male	Alzheimer's disease resilient	adult	not available	not available	36	not available	not available	36	9 PXD037367-Sample-13	proteomic profiling by mass spectrometry	PXD037484	21323-008.raw	ftp://ftp.pride.ebi.ac.uk/pride/data/archive/2023/07/PXD037367/21323-008.raw	1	AC=MS:1002416;NT=Orbitrap Fusion	NT=Carbamidomethyl;AC=UNIMOD:4;TA=C;MT=Fixed	NT=Oxidation;MT=Variable;TA=M;AC=UNIMOD:35	NT=Acetyl;AC=UNIMOD:1;PP=Protein N-term;MT=variable		TMT130C	10 ppm	0.02 Da	1	Alzheimer's disease resilient	Angular gyrus
PXD037367-Sample-13-TMT131N	Homo sapiens	Brain	Angular gyrus	Brodmann area 39	not available	84	not available	Male	Alzheimer's disease frail	adult	not available	not available	37	not available	not available	37	10 PXD037367-Sample-13	proteomic profiling by mass spectrometry	PXD037485	21323-008.raw	ftp://ftp.pride.ebi.ac.uk/pride/data/archive/2023/07/PXD037367/21323-008.raw	1	AC=MS:1002416;NT=Orbitrap Fusion	NT=Carbamidomethyl;AC=UNIMOD:4;TA=C;MT=Fixed	NT=Oxidation;MT=Variable;TA=M;AC=UNIMOD:35	NT=Acetyl;AC=UNIMOD:1;PP=Protein N-term;MT=variable		TMT131N	10 ppm	0.02 Da	1	Alzheimer's disease frail	Angular gyrus
PXD037367-Sample-13-TMT131C	Homo sapiens	Brain	Angular gyrus	Brodmann area 39	not available	90	not available	Female	Control	adult	not available	not available	38	not available	not available	38	11 PXD037367-Sample-13	proteomic profiling by mass spectrometry	PXD037486	21323-008.raw	ftp://ftp.pride.ebi.ac.uk/pride/data/archive/2023/07/PXD037367/21323-008.raw	1	AC=MS:1002416;NT=Orbitrap Fusion	NT=Carbamidomethyl;AC=UNIMOD:4;TA=C;MT=Fixed	NT=Oxidation;MT=Variable;TA=M;AC=UNIMOD:35	NT=Acetyl;AC=UNIMOD:1;PP=Protein N-term;MT=variable		TMT131C	10 ppm	0.02 Da	1	Control	Angular gyrus
PXD037367-Sample-13-TMT132N	Homo sapiens	Brain	Angular gyrus	Brodmann area 39	not available	90	not available	Female	Alzheimer's disease with dementia	adult	not available	not available	39	not available	not available	39	12 PXD037367-Sample-13	proteomic profiling by mass spectrometry	PXD037487	21323-008.raw	ftp://ftp.pride.ebi.ac.uk/pride/data/archive/2023/07/PXD037367/21323-008.raw	1	AC=MS:1002416;NT=Orbitrap Fusion	NT=Carbamidomethyl;AC=UNIMOD:4;TA=C;MT=Fixed	NT=Oxidation;MT=Variable;TA=M;AC=UNIMOD:35	NT=Acetyl;AC=UNIMOD:1;PP=Protein N-term;MT=variable		TMT132N	10 ppm	0.02 Da	1	Alzheimer's disease with dementia	Angular gyrus
PXD037367-Sample-13-TMT132C	Homo sapiens	Brain	Angular gyrus	Brodmann area 39	not available	89	not available	Female	Alzheimer's disease resilient	adult	not available	not available	40	not available	not available	40	13 PXD037367-Sample-13	proteomic profiling by mass spectrometry	PXD037488	21323-008.raw	ftp://ftp.pride.ebi.ac.uk/pride/data/archive/2023/07/PXD037367/21323-008.raw	1	AC=MS:1002416;NT=Orbitrap Fusion	NT=Carbamidomethyl;AC=UNIMOD:4;TA=C;MT=Fixed	NT=Oxidation;MT=Variable;TA=M;AC=UNIMOD:35	NT=Acetyl;AC=UNIMOD:1;PP=Protein N-term;MT=variable		TMT132C	10 ppm	0.02 Da	1	Alzheimer's disease resilient	Angular gyrus
PXD037367-Sample-13-TMT133N	Homo sapiens	Brain	Angular gyrus	Brodmann area 39	not available	93	not available	Female	Alzheimer's disease frail	adult	not available	not available	41	not available	not available	41	14 PXD037367-Sample-13	proteomic profiling by mass spectrometry	PXD037489	21323-008.raw	ftp://ftp.pride.ebi.ac.uk/pride/data/archive/2023/07/PXD037367/21323-008.raw	1	AC=MS:1002416;NT=Orbitrap Fusion	NT=Carbamidomethyl;AC=UNIMOD:4;TA=C;MT=Fixed	NT=Oxidation;MT=Variable;TA=M;AC=UNIMOD:35	NT=Acetyl;AC=UNIMOD:1;PP=Protein N-term;MT=variable		TMT133N	10 ppm	0.02 Da	1	Alzheimer's disease frail	Angular gyrus
PXD037367-Sample-13-TMT133C	Homo sapiens	Brain	Angular gyrus	Brodmann area 39	not available	86	not available	Male	Control	adult	not available	not available	42	not available	not available	42	15 PXD037367-Sample-13	proteomic profiling by mass spectrometry	PXD037490	21323-008.raw	ftp://ftp.pride.ebi.ac.uk/pride/data/archive/2023/07/PXD037367/21323-008.raw	1	AC=MS:1002416;NT=Orbitrap Fusion	NT=Carbamidomethyl;AC=UNIMOD:4;TA=C;MT=Fixed	NT=Oxidation;MT=Variable;TA=M;AC=UNIMOD:35	NT=Acetyl;AC=UNIMOD:1;PP=Protein N-term;MT=variable		TMT133C	10 ppm	0.02 Da	1	Control	Angular gyrus
PXD037367-Sample-13-TMT134N	Homo sapiens	Brain	Angular gyrus	Brodmann area 39	not available	90	not available	Male	Alzheimer's disease with dementia	adult	not available	not available	43	not available	not available	43	16 PXD037367-Sample-13	proteomic profiling by mass spectrometry	PXD037491	21323-008.raw	ftp://ftp.pride.ebi.ac.uk/pride/data/archive/2023/07/PXD037367/21323-008.raw	1	AC=MS:1002416;NT=Orbitrap Fusion	NT=Carbamidomethyl;AC=UNIMOD:4;TA=C;MT=Fixed	NT=Oxidation;MT=Variable;TA=M;AC=UNIMOD:35	NT=Acetyl;AC=UNIMOD:1;PP=Protein N-term;MT=variable		TMT134N	10 ppm	0.02 Da	1	Alzheimer's disease with dementia	Angular gyrus
PXD037367-Sample-13-TMT134C	Homo sapiens	Brain	Angular gyrus	Brodmann area 39	not available	83	not available	Female	Control	adult	not available	not available	44	not available	not available	44	17 PXD037367-Sample-13	proteomic profiling by mass spectrometry	PXD037492	21323-008.raw	ftp://ftp.pride.ebi.ac.uk/pride/data/archive/2023/07/PXD037367/21323-008.raw	1	AC=MS:1002416;NT=Orbitrap Fusion	NT=Carbamidomethyl;AC=UNIMOD:4;TA=C;MT=Fixed	NT=Oxidation;MT=Variable;TA=M;AC=UNIMOD:35	NT=Acetyl;AC=UNIMOD:1;PP=Protein N-term;MT=variable		TMT134C	10 ppm	0.02 Da	1	Control	Angular gyrus
PXD037367-Sample-13-TMT135N	Homo sapiens	Global Internal Standard	Global Internal Standard	not applicable	not applicable	not applicable	not applicable	not applicable	Global Internal Standard	not applicable	not applicable	not applicable	not applicable	not applicable	not applicable	not applicable	18 PXD037367-Sample-13	proteomic profiling by mass spectrometry	PXD037493	21323-008.raw	ftp://ftp.pride.ebi.ac.uk/pride/data/archive/2023/07/PXD037367/21323-008.raw	1	AC=MS:1002416;NT=Orbitrap Fusion	NT=Carbamidomethyl;AC=UNIMOD:4;TA=C;MT=Fixed	NT=Oxidation;MT=Variable;TA=M;AC=UNIMOD:35	NT=Acetyl;AC=UNIMOD:1;PP=Protein N-term;MT=variable		TMT135N	10 ppm	0.02 Da	1	Global Internal Standard	Global Internal Standard
PXD037367-Sample-14-TMT126	Homo sapiens	Brain	Angular gyrus	Brodmann area 39	not available	86	not available	Male	Alzheimer's disease resilient	adult	not available	not available	28	not available	not available	28	1 PXD037367-Sample-14	proteomic profiling by mass spectrometry	PXD037494	21323-009.raw	ftp://ftp.pride.ebi.ac.uk/pride/data/archive/2023/07/PXD037367/21323-009.raw	2	AC=MS:1002416;NT=Orbitrap Fusion	NT=Carbamidomethyl;AC=UNIMOD:4;TA=C;MT=Fixed	NT=Oxidation;MT=Variable;TA=M;AC=UNIMOD:35	NT=Acetyl;AC=UNIMOD:1;PP=Protein N-term;MT=variable		TMT126	10 ppm	0.02 Da	1	Alzheimer's disease resilient	Angular gyrus
PXD037367-Sample-14-TMT127N	Homo sapiens	Brain	Angular gyrus	Brodmann area 39	not available	79	not available	Male	Alzheimer's disease frail	adult	not available	not available	29	not available	not available	29	2 PXD037367-Sample-14	proteomic profiling by mass spectrometry	PXD037495	21323-009.raw	ftp://ftp.pride.ebi.ac.uk/pride/data/archive/2023/07/PXD037367/21323-009.raw	2	AC=MS:1002416;NT=Orbitrap Fusion	NT=Carbamidomethyl;AC=UNIMOD:4;TA=C;MT=Fixed	NT=Oxidation;MT=Variable;TA=M;AC=UNIMOD:35	NT=Acetyl;AC=UNIMOD:1;PP=Protein N-term;MT=variable		TMT127N	10 ppm	0.02 Da	1	Alzheimer's disease frail	Angular gyrus
PXD037367-Sample-14-TMT127C	Homo sapiens	Brain	Angular gyrus	Brodmann area 39	not available	91	not available	Female	Control	adult	not available	not available	30	not available	not available	30	3 PXD037367-Sample-14	proteomic profiling by mass spectrometry	PXD037496	21323-009.raw	ftp://ftp.pride.ebi.ac.uk/pride/data/archive/2023/07/PXD037367/21323-009.raw	2	AC=MS:1002416;NT=Orbitrap Fusion	NT=Carbamidomethyl;AC=UNIMOD:4;TA=C;MT=Fixed	NT=Oxidation;MT=Variable;TA=M;AC=UNIMOD:35	NT=Acetyl;AC=UNIMOD:1;PP=Protein N-term;MT=variable		TMT127C	10 ppm	0.02 Da	1	Control	Angular gyrus
PXD037367-Sample-14-TMT128N	Homo sapiens	Brain	Angular gyrus	Brodmann area 39	not available	86	not available	Female	Alzheimer's disease with dementia	adult	not available	not available	31	not available	not available	31	4 PXD037367-Sample-14	proteomic profiling by mass spectrometry	PXD037497	21323-009.raw	ftp://ftp.pride.ebi.ac.uk/pride/data/archive/2023/07/PXD037367/21323-009.raw	2	AC=MS:1002416;NT=Orbitrap Fusion	NT=Carbamidomethyl;AC=UNIMOD:4;TA=C;MT=Fixed	NT=Oxidation;MT=Variable;TA=M;AC=UNIMOD:35	NT=Acetyl;AC=UNIMOD:1;PP=Protein N-term;MT=variable		TMT128N	10 ppm	0.02 Da	1	Alzheimer's disease with dementia	Angular gyrus
PXD037367-Sample-14-TMT128C	Homo sapiens	Brain	Angular gyrus	Brodmann area 39	not available	90	not available	Female	Alzheimer's disease resilient	adult	not available	not available	32	not available	not available	32	5 PXD037367-Sample-14	proteomic profiling by mass spectrometry	PXD037498	21323-009.raw	ftp://ftp.pride.ebi.ac.uk/pride/data/archive/2023/07/PXD037367/21323-009.raw	2	AC=MS:1002416;NT=Orbitrap Fusion	NT=Carbamidomethyl;AC=UNIMOD:4;TA=C;MT=Fixed	NT=Oxidation;MT=Variable;TA=M;AC=UNIMOD:35	NT=Acetyl;AC=UNIMOD:1;PP=Protein N-term;MT=variable		TMT128C	10 ppm	0.02 Da	1	Alzheimer's disease resilient	Angular gyrus
PXD037367-Sample-14-TMT129N	Homo sapiens	Brain	Angular gyrus	Brodmann area 39	not available	88	not available	Female	Alzheimer's disease frail	adult	not available	not available	33	not available	not available	33	6 PXD037367-Sample-14	proteomic profiling by mass spectrometry	PXD037499	21323-009.raw	ftp://ftp.pride.ebi.ac.uk/pride/data/archive/2023/07/PXD037367/21323-009.raw	2	AC=MS:1002416;NT=Orbitrap Fusion	NT=Carbamidomethyl;AC=UNIMOD:4;TA=C;MT=Fixed	NT=Oxidation;MT=Variable;TA=M;AC=UNIMOD:35	NT=Acetyl;AC=UNIMOD:1;PP=Protein N-term;MT=variable		TMT129N	10 ppm	0.02 Da	1	Alzheimer's disease frail	Angular gyrus
PXD037367-Sample-14-TMT129C	Homo sapiens	Brain	Angular gyrus	Brodmann area 39	not available	88	not available	Male	Control	adult	not available	not available	34	not available	not available	34	7 PXD037367-Sample-14	proteomic profiling by mass spectrometry	PXD037500	21323-009.raw	ftp://ftp.pride.ebi.ac.uk/pride/data/archive/2023/07/PXD037367/21323-009.raw	2	AC=MS:1002416;NT=Orbitrap Fusion	NT=Carbamidomethyl;AC=UNIMOD:4;TA=C;MT=Fixed	NT=Oxidation;MT=Variable;TA=M;AC=UNIMOD:35	NT=Acetyl;AC=UNIMOD:1;PP=Protein N-term;MT=variable		TMT129C	10 ppm	0.02 Da	1	Control	Angular gyrus
PXD037367-Sample-14-TMT130N	Homo sapiens	Brain	Angular gyrus	Brodmann area 39	not available	88	not available	Male	Alzheimer's disease with dementia	adult	not available	not available	35	not available	not available	35	8 PXD037367-Sample-14	proteomic profiling by mass spectrometry	PXD037501	21323-009.raw	ftp://ftp.pride.ebi.ac.uk/pride/data/archive/2023/07/PXD037367/21323-009.raw	2	AC=MS:1002416;NT=Orbitrap Fusion	NT=Carbamidomethyl;AC=UNIMOD:4;TA=C;MT=Fixed	NT=Oxidation;MT=Variable;TA=M;AC=UNIMOD:35	NT=Acetyl;AC=UNIMOD:1;PP=Protein N-term;MT=variable		TMT130N	10 ppm	0.02 Da	1	Alzheimer's disease with dementia	Angular gyrus
PXD037367-Sample-14-TMT130C	Homo sapiens	Brain	Angular gyrus	Brodmann area 39	not available	88	not available	Male	Alzheimer's disease resilient	adult	not available	not available	36	not available	not available	36	9 PXD037367-Sample-14	proteomic profiling by mass spectrometry	PXD037502	21323-009.raw	ftp://ftp.pride.ebi.ac.uk/pride/data/archive/2023/07/PXD037367/21323-009.raw	2	AC=MS:1002416;NT=Orbitrap Fusion	NT=Carbamidomethyl;AC=UNIMOD:4;TA=C;MT=Fixed	NT=Oxidation;MT=Variable;TA=M;AC=UNIMOD:35	NT=Acetyl;AC=UNIMOD:1;PP=Protein N-term;MT=variable		TMT130C	10 ppm	0.02 Da	1	Alzheimer's disease resilient	Angular gyrus
PXD037367-Sample-14-TMT131N	Homo sapiens	Brain	Angular gyrus	Brodmann area 39	not available	84	not available	Male	Alzheimer's disease frail	adult	not available	not available	37	not available	not available	37	10 PXD037367-Sample-14	proteomic profiling by mass spectrometry	PXD037503	21323-009.raw	ftp://ftp.pride.ebi.ac.uk/pride/data/archive/2023/07/PXD037367/21323-009.raw	2	AC=MS:1002416;NT=Orbitrap Fusion	NT=Carbamidomethyl;AC=UNIMOD:4;TA=C;MT=Fixed	NT=Oxidation;MT=Variable;TA=M;AC=UNIMOD:35	NT=Acetyl;AC=UNIMOD:1;PP=Protein N-term;MT=variable		TMT131N	10 ppm	0.02 Da	1	Alzheimer's disease frail	Angular gyrus
PXD037367-Sample-14-TMT131C	Homo sapiens	Brain	Angular gyrus	Brodmann area 39	not available	90	not available	Female	Control	adult	not available	not available	38	not available	not available	38	11 PXD037367-Sample-14	proteomic profiling by mass spectrometry	PXD037504	21323-009.raw	ftp://ftp.pride.ebi.ac.uk/pride/data/archive/2023/07/PXD037367/21323-009.raw	2	AC=MS:1002416;NT=Orbitrap Fusion	NT=Carbamidomethyl;AC=UNIMOD:4;TA=C;MT=Fixed	NT=Oxidation;MT=Variable;TA=M;AC=UNIMOD:35	NT=Acetyl;AC=UNIMOD:1;PP=Protein N-term;MT=variable		TMT131C	10 ppm	0.02 Da	1	Control	Angular gyrus
PXD037367-Sample-14-TMT132N	Homo sapiens	Brain	Angular gyrus	Brodmann area 39	not available	90	not available	Female	Alzheimer's disease with dementia	adult	not available	not available	39	not available	not available	39	12 PXD037367-Sample-14	proteomic profiling by mass spectrometry	PXD037505	21323-009.raw	ftp://ftp.pride.ebi.ac.uk/pride/data/archive/2023/07/PXD037367/21323-009.raw	2	AC=MS:1002416;NT=Orbitrap Fusion	NT=Carbamidomethyl;AC=UNIMOD:4;TA=C;MT=Fixed	NT=Oxidation;MT=Variable;TA=M;AC=UNIMOD:35	NT=Acetyl;AC=UNIMOD:1;PP=Protein N-term;MT=variable		TMT132N	10 ppm	0.02 Da	1	Alzheimer's disease with dementia	Angular gyrus
PXD037367-Sample-14-TMT132C	Homo sapiens	Brain	Angular gyrus	Brodmann area 39	not available	89	not available	Female	Alzheimer's disease resilient	adult	not available	not available	40	not available	not available	40	13 PXD037367-Sample-14	proteomic profiling by mass spectrometry	PXD037506	21323-009.raw	ftp://ftp.pride.ebi.ac.uk/pride/data/archive/2023/07/PXD037367/21323-009.raw	2	AC=MS:1002416;NT=Orbitrap Fusion	NT=Carbamidomethyl;AC=UNIMOD:4;TA=C;MT=Fixed	NT=Oxidation;MT=Variable;TA=M;AC=UNIMOD:35	NT=Acetyl;AC=UNIMOD:1;PP=Protein N-term;MT=variable		TMT132C	10 ppm	0.02 Da	1	Alzheimer's disease resilient	Angular gyrus
PXD037367-Sample-14-TMT133N	Homo sapiens	Brain	Angular gyrus	Brodmann area 39	not available	93	not available	Female	Alzheimer's disease frail	adult	not available	not available	41	not available	not available	41	14 PXD037367-Sample-14	proteomic profiling by mass spectrometry	PXD037507	21323-009.raw	ftp://ftp.pride.ebi.ac.uk/pride/data/archive/2023/07/PXD037367/21323-009.raw	2	AC=MS:1002416;NT=Orbitrap Fusion	NT=Carbamidomethyl;AC=UNIMOD:4;TA=C;MT=Fixed	NT=Oxidation;MT=Variable;TA=M;AC=UNIMOD:35	NT=Acetyl;AC=UNIMOD:1;PP=Protein N-term;MT=variable		TMT133N	10 ppm	0.02 Da	1	Alzheimer's disease frail	Angular gyrus
PXD037367-Sample-14-TMT133C	Homo sapiens	Brain	Angular gyrus	Brodmann area 39	not available	86	not available	Male	Control	adult	not available	not available	42	not available	not available	42	15 PXD037367-Sample-14	proteomic profiling by mass spectrometry	PXD037508	21323-009.raw	ftp://ftp.pride.ebi.ac.uk/pride/data/archive/2023/07/PXD037367/21323-009.raw	2	AC=MS:1002416;NT=Orbitrap Fusion	NT=Carbamidomethyl;AC=UNIMOD:4;TA=C;MT=Fixed	NT=Oxidation;MT=Variable;TA=M;AC=UNIMOD:35	NT=Acetyl;AC=UNIMOD:1;PP=Protein N-term;MT=variable		TMT133C	10 ppm	0.02 Da	1	Control	Angular gyrus
PXD037367-Sample-14-TMT134N	Homo sapiens	Brain	Angular gyrus	Brodmann area 39	not available	90	not available	Male	Alzheimer's disease with dementia	adult	not available	not available	43	not available	not available	43	16 PXD037367-Sample-14	proteomic profiling by mass spectrometry	PXD037509	21323-009.raw	ftp://ftp.pride.ebi.ac.uk/pride/data/archive/2023/07/PXD037367/21323-009.raw	2	AC=MS:1002416;NT=Orbitrap Fusion	NT=Carbamidomethyl;AC=UNIMOD:4;TA=C;MT=Fixed	NT=Oxidation;MT=Variable;TA=M;AC=UNIMOD:35	NT=Acetyl;AC=UNIMOD:1;PP=Protein N-term;MT=variable		TMT134N	10 ppm	0.02 Da	1	Alzheimer's disease with dementia	Angular gyrus
PXD037367-Sample-14-TMT134C	Homo sapiens	Brain	Angular gyrus	Brodmann area 39	not available	83	not available	Female	Control	adult	not available	not available	44	not available	not available	44	17 PXD037367-Sample-14	proteomic profiling by mass spectrometry	PXD037510	21323-009.raw	ftp://ftp.pride.ebi.ac.uk/pride/data/archive/2023/07/PXD037367/21323-009.raw	2	AC=MS:1002416;NT=Orbitrap Fusion	NT=Carbamidomethyl;AC=UNIMOD:4;TA=C;MT=Fixed	NT=Oxidation;MT=Variable;TA=M;AC=UNIMOD:35	NT=Acetyl;AC=UNIMOD:1;PP=Protein N-term;MT=variable		TMT134C	10 ppm	0.02 Da	1	Control	Angular gyrus
PXD037367-Sample-14-TMT135N	Homo sapiens	Global Internal Standard	Global Internal Standard	not applicable	not applicable	not applicable	not applicable	not applicable	Global Internal Standard	not applicable	not applicable	not applicable	not applicable	not applicable	not applicable	not applicable	18 PXD037367-Sample-14	proteomic profiling by mass spectrometry	PXD037511	21323-009.raw	ftp://ftp.pride.ebi.ac.uk/pride/data/archive/2023/07/PXD037367/21323-009.raw	2	AC=MS:1002416;NT=Orbitrap Fusion	NT=Carbamidomethyl;AC=UNIMOD:4;TA=C;MT=Fixed	NT=Oxidation;MT=Variable;TA=M;AC=UNIMOD:35	NT=Acetyl;AC=UNIMOD:1;PP=Protein N-term;MT=variable		TMT135N	10 ppm	0.02 Da	1	Global Internal Standard	Global Internal Standard
PXD037367-Sample-15-TMT126	Homo sapiens	Brain	Angular gyrus	Brodmann area 39	not available	86	not available	Male	Alzheimer's disease resilient	adult	not available	not available	28	not available	not available	28	1 PXD037367-Sample-15	proteomic profiling by mass spectrometry	PXD037512	21323-010.raw	ftp://ftp.pride.ebi.ac.uk/pride/data/archive/2023/07/PXD037367/21323-010.raw	3	AC=MS:1002416;NT=Orbitrap Fusion	NT=Carbamidomethyl;AC=UNIMOD:4;TA=C;MT=Fixed	NT=Oxidation;MT=Variable;TA=M;AC=UNIMOD:35	NT=Acetyl;AC=UNIMOD:1;PP=Protein N-term;MT=variable		TMT126	10 ppm	0.02 Da	1	Alzheimer's disease resilient	Angular gyrus
PXD037367-Sample-15-TMT127N	Homo sapiens	Brain	Angular gyrus	Brodmann area 39	not available	79	not available	Male	Alzheimer's disease frail	adult	not available	not available	29	not available	not available	29	2 PXD037367-Sample-15	proteomic profiling by mass spectrometry	PXD037513	21323-010.raw	ftp://ftp.pride.ebi.ac.uk/pride/data/archive/2023/07/PXD037367/21323-010.raw	3	AC=MS:1002416;NT=Orbitrap Fusion	NT=Carbamidomethyl;AC=UNIMOD:4;TA=C;MT=Fixed	NT=Oxidation;MT=Variable;TA=M;AC=UNIMOD:35	NT=Acetyl;AC=UNIMOD:1;PP=Protein N-term;MT=variable		TMT127N	10 ppm	0.02 Da	1	Alzheimer's disease frail	Angular gyrus
PXD037367-Sample-15-TMT127C	Homo sapiens	Brain	Angular gyrus	Brodmann area 39	not available	91	not available	Female	Control	adult	not available	not available	30	not available	not available	30	3 PXD037367-Sample-15	proteomic profiling by mass spectrometry	PXD037514	21323-010.raw	ftp://ftp.pride.ebi.ac.uk/pride/data/archive/2023/07/PXD037367/21323-010.raw	3	AC=MS:1002416;NT=Orbitrap Fusion	NT=Carbamidomethyl;AC=UNIMOD:4;TA=C;MT=Fixed	NT=Oxidation;MT=Variable;TA=M;AC=UNIMOD:35	NT=Acetyl;AC=UNIMOD:1;PP=Protein N-term;MT=variable		TMT127C	10 ppm	0.02 Da	1	Control	Angular gyrus
PXD037367-Sample-15-TMT128N	Homo sapiens	Brain	Angular gyrus	Brodmann area 39	not available	86	not available	Female	Alzheimer's disease with dementia	adult	not available	not available	31	not available	not available	31	4 PXD037367-Sample-15	proteomic profiling by mass spectrometry	PXD037515	21323-010.raw	ftp://ftp.pride.ebi.ac.uk/pride/data/archive/2023/07/PXD037367/21323-010.raw	3	AC=MS:1002416;NT=Orbitrap Fusion	NT=Carbamidomethyl;AC=UNIMOD:4;TA=C;MT=Fixed	NT=Oxidation;MT=Variable;TA=M;AC=UNIMOD:35	NT=Acetyl;AC=UNIMOD:1;PP=Protein N-term;MT=variable		TMT128N	10 ppm	0.02 Da	1	Alzheimer's disease with dementia	Angular gyrus
PXD037367-Sample-15-TMT128C	Homo sapiens	Brain	Angular gyrus	Brodmann area 39	not available	90	not available	Female	Alzheimer's disease resilient	adult	not available	not available	32	not available	not available	32	5 PXD037367-Sample-15	proteomic profiling by mass spectrometry	PXD037516	21323-010.raw	ftp://ftp.pride.ebi.ac.uk/pride/data/archive/2023/07/PXD037367/21323-010.raw	3	AC=MS:1002416;NT=Orbitrap Fusion	NT=Carbamidomethyl;AC=UNIMOD:4;TA=C;MT=Fixed	NT=Oxidation;MT=Variable;TA=M;AC=UNIMOD:35	NT=Acetyl;AC=UNIMOD:1;PP=Protein N-term;MT=variable		TMT128C	10 ppm	0.02 Da	1	Alzheimer's disease resilient	Angular gyrus
PXD037367-Sample-15-TMT129N	Homo sapiens	Brain	Angular gyrus	Brodmann area 39	not available	88	not available	Female	Alzheimer's disease frail	adult	not available	not available	33	not available	not available	33	6 PXD037367-Sample-15	proteomic profiling by mass spectrometry	PXD037517	21323-010.raw	ftp://ftp.pride.ebi.ac.uk/pride/data/archive/2023/07/PXD037367/21323-010.raw	3	AC=MS:1002416;NT=Orbitrap Fusion	NT=Carbamidomethyl;AC=UNIMOD:4;TA=C;MT=Fixed	NT=Oxidation;MT=Variable;TA=M;AC=UNIMOD:35	NT=Acetyl;AC=UNIMOD:1;PP=Protein N-term;MT=variable		TMT129N	10 ppm	0.02 Da	1	Alzheimer's disease frail	Angular gyrus
PXD037367-Sample-15-TMT129C	Homo sapiens	Brain	Angular gyrus	Brodmann area 39	not available	88	not available	Male	Control	adult	not available	not available	34	not available	not available	34	7 PXD037367-Sample-15	proteomic profiling by mass spectrometry	PXD037518	21323-010.raw	ftp://ftp.pride.ebi.ac.uk/pride/data/archive/2023/07/PXD037367/21323-010.raw	3	AC=MS:1002416;NT=Orbitrap Fusion	NT=Carbamidomethyl;AC=UNIMOD:4;TA=C;MT=Fixed	NT=Oxidation;MT=Variable;TA=M;AC=UNIMOD:35	NT=Acetyl;AC=UNIMOD:1;PP=Protein N-term;MT=variable		TMT129C	10 ppm	0.02 Da	1	Control	Angular gyrus
PXD037367-Sample-15-TMT130N	Homo sapiens	Brain	Angular gyrus	Brodmann area 39	not available	88	not available	Male	Alzheimer's disease with dementia	adult	not available	not available	35	not available	not available	35	8 PXD037367-Sample-15	proteomic profiling by mass spectrometry	PXD037519	21323-010.raw	ftp://ftp.pride.ebi.ac.uk/pride/data/archive/2023/07/PXD037367/21323-010.raw	3	AC=MS:1002416;NT=Orbitrap Fusion	NT=Carbamidomethyl;AC=UNIMOD:4;TA=C;MT=Fixed	NT=Oxidation;MT=Variable;TA=M;AC=UNIMOD:35	NT=Acetyl;AC=UNIMOD:1;PP=Protein N-term;MT=variable		TMT130N	10 ppm	0.02 Da	1	Alzheimer's disease with dementia	Angular gyrus
PXD037367-Sample-15-TMT130C	Homo sapiens	Brain	Angular gyrus	Brodmann area 39	not available	88	not available	Male	Alzheimer's disease resilient	adult	not available	not available	36	not available	not available	36	9 PXD037367-Sample-15	proteomic profiling by mass spectrometry	PXD037520	21323-010.raw	ftp://ftp.pride.ebi.ac.uk/pride/data/archive/2023/07/PXD037367/21323-010.raw	3	AC=MS:1002416;NT=Orbitrap Fusion	NT=Carbamidomethyl;AC=UNIMOD:4;TA=C;MT=Fixed	NT=Oxidation;MT=Variable;TA=M;AC=UNIMOD:35	NT=Acetyl;AC=UNIMOD:1;PP=Protein N-term;MT=variable		TMT130C	10 ppm	0.02 Da	1	Alzheimer's disease resilient	Angular gyrus
PXD037367-Sample-15-TMT131N	Homo sapiens	Brain	Angular gyrus	Brodmann area 39	not available	84	not available	Male	Alzheimer's disease frail	adult	not available	not available	37	not available	not available	37	10 PXD037367-Sample-15	proteomic profiling by mass spectrometry	PXD037521	21323-010.raw	ftp://ftp.pride.ebi.ac.uk/pride/data/archive/2023/07/PXD037367/21323-010.raw	3	AC=MS:1002416;NT=Orbitrap Fusion	NT=Carbamidomethyl;AC=UNIMOD:4;TA=C;MT=Fixed	NT=Oxidation;MT=Variable;TA=M;AC=UNIMOD:35	NT=Acetyl;AC=UNIMOD:1;PP=Protein N-term;MT=variable		TMT131N	10 ppm	0.02 Da	1	Alzheimer's disease frail	Angular gyrus
PXD037367-Sample-15-TMT131C	Homo sapiens	Brain	Angular gyrus	Brodmann area 39	not available	90	not available	Female	Control	adult	not available	not available	38	not available	not available	38	11 PXD037367-Sample-15	proteomic profiling by mass spectrometry	PXD037522	21323-010.raw	ftp://ftp.pride.ebi.ac.uk/pride/data/archive/2023/07/PXD037367/21323-010.raw	3	AC=MS:1002416;NT=Orbitrap Fusion	NT=Carbamidomethyl;AC=UNIMOD:4;TA=C;MT=Fixed	NT=Oxidation;MT=Variable;TA=M;AC=UNIMOD:35	NT=Acetyl;AC=UNIMOD:1;PP=Protein N-term;MT=variable		TMT131C	10 ppm	0.02 Da	1	Control	Angular gyrus
PXD037367-Sample-15-TMT132N	Homo sapiens	Brain	Angular gyrus	Brodmann area 39	not available	90	not available	Female	Alzheimer's disease with dementia	adult	not available	not available	39	not available	not available	39	12 PXD037367-Sample-15	proteomic profiling by mass spectrometry	PXD037523	21323-010.raw	ftp://ftp.pride.ebi.ac.uk/pride/data/archive/2023/07/PXD037367/21323-010.raw	3	AC=MS:1002416;NT=Orbitrap Fusion	NT=Carbamidomethyl;AC=UNIMOD:4;TA=C;MT=Fixed	NT=Oxidation;MT=Variable;TA=M;AC=UNIMOD:35	NT=Acetyl;AC=UNIMOD:1;PP=Protein N-term;MT=variable		TMT132N	10 ppm	0.02 Da	1	Alzheimer's disease with dementia	Angular gyrus
PXD037367-Sample-15-TMT132C	Homo sapiens	Brain	Angular gyrus	Brodmann area 39	not available	89	not available	Female	Alzheimer's disease resilient	adult	not available	not available	40	not available	not available	40	13 PXD037367-Sample-15	proteomic profiling by mass spectrometry	PXD037524	21323-010.raw	ftp://ftp.pride.ebi.ac.uk/pride/data/archive/2023/07/PXD037367/21323-010.raw	3	AC=MS:1002416;NT=Orbitrap Fusion	NT=Carbamidomethyl;AC=UNIMOD:4;TA=C;MT=Fixed	NT=Oxidation;MT=Variable;TA=M;AC=UNIMOD:35	NT=Acetyl;AC=UNIMOD:1;PP=Protein N-term;MT=variable		TMT132C	10 ppm	0.02 Da	1	Alzheimer's disease resilient	Angular gyrus
PXD037367-Sample-15-TMT133N	Homo sapiens	Brain	Angular gyrus	Brodmann area 39	not available	93	not available	Female	Alzheimer's disease frail	adult	not available	not available	41	not available	not available	41	14 PXD037367-Sample-15	proteomic profiling by mass spectrometry	PXD037525	21323-010.raw	ftp://ftp.pride.ebi.ac.uk/pride/data/archive/2023/07/PXD037367/21323-010.raw	3	AC=MS:1002416;NT=Orbitrap Fusion	NT=Carbamidomethyl;AC=UNIMOD:4;TA=C;MT=Fixed	NT=Oxidation;MT=Variable;TA=M;AC=UNIMOD:35	NT=Acetyl;AC=UNIMOD:1;PP=Protein N-term;MT=variable		TMT133N	10 ppm	0.02 Da	1	Alzheimer's disease frail	Angular gyrus
PXD037367-Sample-15-TMT133C	Homo sapiens	Brain	Angular gyrus	Brodmann area 39	not available	86	not available	Male	Control	adult	not available	not available	42	not available	not available	42	15 PXD037367-Sample-15	proteomic profiling by mass spectrometry	PXD037526	21323-010.raw	ftp://ftp.pride.ebi.ac.uk/pride/data/archive/2023/07/PXD037367/21323-010.raw	3	AC=MS:1002416;NT=Orbitrap Fusion	NT=Carbamidomethyl;AC=UNIMOD:4;TA=C;MT=Fixed	NT=Oxidation;MT=Variable;TA=M;AC=UNIMOD:35	NT=Acetyl;AC=UNIMOD:1;PP=Protein N-term;MT=variable		TMT133C	10 ppm	0.02 Da	1	Control	Angular gyrus
PXD037367-Sample-15-TMT134N	Homo sapiens	Brain	Angular gyrus	Brodmann area 39	not available	90	not available	Male	Alzheimer's disease with dementia	adult	not available	not available	43	not available	not available	43	16 PXD037367-Sample-15	proteomic profiling by mass spectrometry	PXD037527	21323-010.raw	ftp://ftp.pride.ebi.ac.uk/pride/data/archive/2023/07/PXD037367/21323-010.raw	3	AC=MS:1002416;NT=Orbitrap Fusion	NT=Carbamidomethyl;AC=UNIMOD:4;TA=C;MT=Fixed	NT=Oxidation;MT=Variable;TA=M;AC=UNIMOD:35	NT=Acetyl;AC=UNIMOD:1;PP=Protein N-term;MT=variable		TMT134N	10 ppm	0.02 Da	1	Alzheimer's disease with dementia	Angular gyrus
PXD037367-Sample-15-TMT134C	Homo sapiens	Brain	Angular gyrus	Brodmann area 39	not available	83	not available	Female	Control	adult	not available	not available	44	not available	not available	44	17 PXD037367-Sample-15	proteomic profiling by mass spectrometry	PXD037528	21323-010.raw	ftp://ftp.pride.ebi.ac.uk/pride/data/archive/2023/07/PXD037367/21323-010.raw	3	AC=MS:1002416;NT=Orbitrap Fusion	NT=Carbamidomethyl;AC=UNIMOD:4;TA=C;MT=Fixed	NT=Oxidation;MT=Variable;TA=M;AC=UNIMOD:35	NT=Acetyl;AC=UNIMOD:1;PP=Protein N-term;MT=variable		TMT134C	10 ppm	0.02 Da	1	Control	Angular gyrus
PXD037367-Sample-15-TMT135N	Homo sapiens	Global Internal Standard	Global Internal Standard	not applicable	not applicable	not applicable	not applicable	not applicable	Global Internal Standard	not applicable	not applicable	not applicable	not applicable	not applicable	not applicable	not applicable	18 PXD037367-Sample-15	proteomic profiling by mass spectrometry	PXD037529	21323-010.raw	ftp://ftp.pride.ebi.ac.uk/pride/data/archive/2023/07/PXD037367/21323-010.raw	3	AC=MS:1002416;NT=Orbitrap Fusion	NT=Carbamidomethyl;AC=UNIMOD:4;TA=C;MT=Fixed	NT=Oxidation;MT=Variable;TA=M;AC=UNIMOD:35	NT=Acetyl;AC=UNIMOD:1;PP=Protein N-term;MT=variable		TMT135N	10 ppm	0.02 Da	1	Global Internal Standard	Global Internal Standard
PXD037367-Sample-16-TMT126	Homo sapiens	Brain	Angular gyrus	Brodmann area 39	not available	86	not available	Male	Alzheimer's disease resilient	adult	not available	not available	28	not available	not available	28	1 PXD037367-Sample-16	proteomic profiling by mass spectrometry	PXD037530	21323-011.raw	ftp://ftp.pride.ebi.ac.uk/pride/data/archive/2023/07/PXD037367/21323-011.raw	4	AC=MS:1002416;NT=Orbitrap Fusion	NT=Carbamidomethyl;AC=UNIMOD:4;TA=C;MT=Fixed	NT=Oxidation;MT=Variable;TA=M;AC=UNIMOD:35	NT=Acetyl;AC=UNIMOD:1;PP=Protein N-term;MT=variable		TMT126	10 ppm	0.02 Da	1	Alzheimer's disease resilient	Angular gyrus
PXD037367-Sample-16-TMT127N	Homo sapiens	Brain	Angular gyrus	Brodmann area 39	not available	79	not available	Male	Alzheimer's disease frail	adult	not available	not available	29	not available	not available	29	2 PXD037367-Sample-16	proteomic profiling by mass spectrometry	PXD037531	21323-011.raw	ftp://ftp.pride.ebi.ac.uk/pride/data/archive/2023/07/PXD037367/21323-011.raw	4	AC=MS:1002416;NT=Orbitrap Fusion	NT=Carbamidomethyl;AC=UNIMOD:4;TA=C;MT=Fixed	NT=Oxidation;MT=Variable;TA=M;AC=UNIMOD:35	NT=Acetyl;AC=UNIMOD:1;PP=Protein N-term;MT=variable		TMT127N	10 ppm	0.02 Da	1	Alzheimer's disease frail	Angular gyrus
PXD037367-Sample-16-TMT127C	Homo sapiens	Brain	Angular gyrus	Brodmann area 39	not available	91	not available	Female	Control	adult	not available	not available	30	not available	not available	30	3 PXD037367-Sample-16	proteomic profiling by mass spectrometry	PXD037532	21323-011.raw	ftp://ftp.pride.ebi.ac.uk/pride/data/archive/2023/07/PXD037367/21323-011.raw	4	AC=MS:1002416;NT=Orbitrap Fusion	NT=Carbamidomethyl;AC=UNIMOD:4;TA=C;MT=Fixed	NT=Oxidation;MT=Variable;TA=M;AC=UNIMOD:35	NT=Acetyl;AC=UNIMOD:1;PP=Protein N-term;MT=variable		TMT127C	10 ppm	0.02 Da	1	Control	Angular gyrus
PXD037367-Sample-16-TMT128N	Homo sapiens	Brain	Angular gyrus	Brodmann area 39	not available	86	not available	Female	Alzheimer's disease with dementia	adult	not available	not available	31	not available	not available	31	4 PXD037367-Sample-16	proteomic profiling by mass spectrometry	PXD037533	21323-011.raw	ftp://ftp.pride.ebi.ac.uk/pride/data/archive/2023/07/PXD037367/21323-011.raw	4	AC=MS:1002416;NT=Orbitrap Fusion	NT=Carbamidomethyl;AC=UNIMOD:4;TA=C;MT=Fixed	NT=Oxidation;MT=Variable;TA=M;AC=UNIMOD:35	NT=Acetyl;AC=UNIMOD:1;PP=Protein N-term;MT=variable		TMT128N	10 ppm	0.02 Da	1	Alzheimer's disease with dementia	Angular gyrus
PXD037367-Sample-16-TMT128C	Homo sapiens	Brain	Angular gyrus	Brodmann area 39	not available	90	not available	Female	Alzheimer's disease resilient	adult	not available	not available	32	not available	not available	32	5 PXD037367-Sample-16	proteomic profiling by mass spectrometry	PXD037534	21323-011.raw	ftp://ftp.pride.ebi.ac.uk/pride/data/archive/2023/07/PXD037367/21323-011.raw	4	AC=MS:1002416;NT=Orbitrap Fusion	NT=Carbamidomethyl;AC=UNIMOD:4;TA=C;MT=Fixed	NT=Oxidation;MT=Variable;TA=M;AC=UNIMOD:35	NT=Acetyl;AC=UNIMOD:1;PP=Protein N-term;MT=variable		TMT128C	10 ppm	0.02 Da	1	Alzheimer's disease resilient	Angular gyrus
PXD037367-Sample-16-TMT129N	Homo sapiens	Brain	Angular gyrus	Brodmann area 39	not available	88	not available	Female	Alzheimer's disease frail	adult	not available	not available	33	not available	not available	33	6 PXD037367-Sample-16	proteomic profiling by mass spectrometry	PXD037535	21323-011.raw	ftp://ftp.pride.ebi.ac.uk/pride/data/archive/2023/07/PXD037367/21323-011.raw	4	AC=MS:1002416;NT=Orbitrap Fusion	NT=Carbamidomethyl;AC=UNIMOD:4;TA=C;MT=Fixed	NT=Oxidation;MT=Variable;TA=M;AC=UNIMOD:35	NT=Acetyl;AC=UNIMOD:1;PP=Protein N-term;MT=variable		TMT129N	10 ppm	0.02 Da	1	Alzheimer's disease frail	Angular gyrus
PXD037367-Sample-16-TMT129C	Homo sapiens	Brain	Angular gyrus	Brodmann area 39	not available	88	not available	Male	Control	adult	not available	not available	34	not available	not available	34	7 PXD037367-Sample-16	proteomic profiling by mass spectrometry	PXD037536	21323-011.raw	ftp://ftp.pride.ebi.ac.uk/pride/data/archive/2023/07/PXD037367/21323-011.raw	4	AC=MS:1002416;NT=Orbitrap Fusion	NT=Carbamidomethyl;AC=UNIMOD:4;TA=C;MT=Fixed	NT=Oxidation;MT=Variable;TA=M;AC=UNIMOD:35	NT=Acetyl;AC=UNIMOD:1;PP=Protein N-term;MT=variable		TMT129C	10 ppm	0.02 Da	1	Control	Angular gyrus
PXD037367-Sample-16-TMT130N	Homo sapiens	Brain	Angular gyrus	Brodmann area 39	not available	88	not available	Male	Alzheimer's disease with dementia	adult	not available	not available	35	not available	not available	35	8 PXD037367-Sample-16	proteomic profiling by mass spectrometry	PXD037537	21323-011.raw	ftp://ftp.pride.ebi.ac.uk/pride/data/archive/2023/07/PXD037367/21323-011.raw	4	AC=MS:1002416;NT=Orbitrap Fusion	NT=Carbamidomethyl;AC=UNIMOD:4;TA=C;MT=Fixed	NT=Oxidation;MT=Variable;TA=M;AC=UNIMOD:35	NT=Acetyl;AC=UNIMOD:1;PP=Protein N-term;MT=variable		TMT130N	10 ppm	0.02 Da	1	Alzheimer's disease with dementia	Angular gyrus
PXD037367-Sample-16-TMT130C	Homo sapiens	Brain	Angular gyrus	Brodmann area 39	not available	88	not available	Male	Alzheimer's disease resilient	adult	not available	not available	36	not available	not available	36	9 PXD037367-Sample-16	proteomic profiling by mass spectrometry	PXD037538	21323-011.raw	ftp://ftp.pride.ebi.ac.uk/pride/data/archive/2023/07/PXD037367/21323-011.raw	4	AC=MS:1002416;NT=Orbitrap Fusion	NT=Carbamidomethyl;AC=UNIMOD:4;TA=C;MT=Fixed	NT=Oxidation;MT=Variable;TA=M;AC=UNIMOD:35	NT=Acetyl;AC=UNIMOD:1;PP=Protein N-term;MT=variable		TMT130C	10 ppm	0.02 Da	1	Alzheimer's disease resilient	Angular gyrus
PXD037367-Sample-16-TMT131N	Homo sapiens	Brain	Angular gyrus	Brodmann area 39	not available	84	not available	Male	Alzheimer's disease frail	adult	not available	not available	37	not available	not available	37	10 PXD037367-Sample-16	proteomic profiling by mass spectrometry	PXD037539	21323-011.raw	ftp://ftp.pride.ebi.ac.uk/pride/data/archive/2023/07/PXD037367/21323-011.raw	4	AC=MS:1002416;NT=Orbitrap Fusion	NT=Carbamidomethyl;AC=UNIMOD:4;TA=C;MT=Fixed	NT=Oxidation;MT=Variable;TA=M;AC=UNIMOD:35	NT=Acetyl;AC=UNIMOD:1;PP=Protein N-term;MT=variable		TMT131N	10 ppm	0.02 Da	1	Alzheimer's disease frail	Angular gyrus
PXD037367-Sample-16-TMT131C	Homo sapiens	Brain	Angular gyrus	Brodmann area 39	not available	90	not available	Female	Control	adult	not available	not available	38	not available	not available	38	11 PXD037367-Sample-16	proteomic profiling by mass spectrometry	PXD037540	21323-011.raw	ftp://ftp.pride.ebi.ac.uk/pride/data/archive/2023/07/PXD037367/21323-011.raw	4	AC=MS:1002416;NT=Orbitrap Fusion	NT=Carbamidomethyl;AC=UNIMOD:4;TA=C;MT=Fixed	NT=Oxidation;MT=Variable;TA=M;AC=UNIMOD:35	NT=Acetyl;AC=UNIMOD:1;PP=Protein N-term;MT=variable		TMT131C	10 ppm	0.02 Da	1	Control	Angular gyrus
PXD037367-Sample-16-TMT132N	Homo sapiens	Brain	Angular gyrus	Brodmann area 39	not available	90	not available	Female	Alzheimer's disease with dementia	adult	not available	not available	39	not available	not available	39	12 PXD037367-Sample-16	proteomic profiling by mass spectrometry	PXD037541	21323-011.raw	ftp://ftp.pride.ebi.ac.uk/pride/data/archive/2023/07/PXD037367/21323-011.raw	4	AC=MS:1002416;NT=Orbitrap Fusion	NT=Carbamidomethyl;AC=UNIMOD:4;TA=C;MT=Fixed	NT=Oxidation;MT=Variable;TA=M;AC=UNIMOD:35	NT=Acetyl;AC=UNIMOD:1;PP=Protein N-term;MT=variable		TMT132N	10 ppm	0.02 Da	1	Alzheimer's disease with dementia	Angular gyrus
PXD037367-Sample-16-TMT132C	Homo sapiens	Brain	Angular gyrus	Brodmann area 39	not available	89	not available	Female	Alzheimer's disease resilient	adult	not available	not available	40	not available	not available	40	13 PXD037367-Sample-16	proteomic profiling by mass spectrometry	PXD037542	21323-011.raw	ftp://ftp.pride.ebi.ac.uk/pride/data/archive/2023/07/PXD037367/21323-011.raw	4	AC=MS:1002416;NT=Orbitrap Fusion	NT=Carbamidomethyl;AC=UNIMOD:4;TA=C;MT=Fixed	NT=Oxidation;MT=Variable;TA=M;AC=UNIMOD:35	NT=Acetyl;AC=UNIMOD:1;PP=Protein N-term;MT=variable		TMT132C	10 ppm	0.02 Da	1	Alzheimer's disease resilient	Angular gyrus
PXD037367-Sample-16-TMT133N	Homo sapiens	Brain	Angular gyrus	Brodmann area 39	not available	93	not available	Female	Alzheimer's disease frail	adult	not available	not available	41	not available	not available	41	14 PXD037367-Sample-16	proteomic profiling by mass spectrometry	PXD037543	21323-011.raw	ftp://ftp.pride.ebi.ac.uk/pride/data/archive/2023/07/PXD037367/21323-011.raw	4	AC=MS:1002416;NT=Orbitrap Fusion	NT=Carbamidomethyl;AC=UNIMOD:4;TA=C;MT=Fixed	NT=Oxidation;MT=Variable;TA=M;AC=UNIMOD:35	NT=Acetyl;AC=UNIMOD:1;PP=Protein N-term;MT=variable		TMT133N	10 ppm	0.02 Da	1	Alzheimer's disease frail	Angular gyrus
PXD037367-Sample-16-TMT133C	Homo sapiens	Brain	Angular gyrus	Brodmann area 39	not available	86	not available	Male	Control	adult	not available	not available	42	not available	not available	42	15 PXD037367-Sample-16	proteomic profiling by mass spectrometry	PXD037544	21323-011.raw	ftp://ftp.pride.ebi.ac.uk/pride/data/archive/2023/07/PXD037367/21323-011.raw	4	AC=MS:1002416;NT=Orbitrap Fusion	NT=Carbamidomethyl;AC=UNIMOD:4;TA=C;MT=Fixed	NT=Oxidation;MT=Variable;TA=M;AC=UNIMOD:35	NT=Acetyl;AC=UNIMOD:1;PP=Protein N-term;MT=variable		TMT133C	10 ppm	0.02 Da	1	Control	Angular gyrus
PXD037367-Sample-16-TMT134N	Homo sapiens	Brain	Angular gyrus	Brodmann area 39	not available	90	not available	Male	Alzheimer's disease with dementia	adult	not available	not available	43	not available	not available	43	16 PXD037367-Sample-16	proteomic profiling by mass spectrometry	PXD037545	21323-011.raw	ftp://ftp.pride.ebi.ac.uk/pride/data/archive/2023/07/PXD037367/21323-011.raw	4	AC=MS:1002416;NT=Orbitrap Fusion	NT=Carbamidomethyl;AC=UNIMOD:4;TA=C;MT=Fixed	NT=Oxidation;MT=Variable;TA=M;AC=UNIMOD:35	NT=Acetyl;AC=UNIMOD:1;PP=Protein N-term;MT=variable		TMT134N	10 ppm	0.02 Da	1	Alzheimer's disease with dementia	Angular gyrus
PXD037367-Sample-16-TMT134C	Homo sapiens	Brain	Angular gyrus	Brodmann area 39	not available	83	not available	Female	Control	adult	not available	not available	44	not available	not available	44	17 PXD037367-Sample-16	proteomic profiling by mass spectrometry	PXD037546	21323-011.raw	ftp://ftp.pride.ebi.ac.uk/pride/data/archive/2023/07/PXD037367/21323-011.raw	4	AC=MS:1002416;NT=Orbitrap Fusion	NT=Carbamidomethyl;AC=UNIMOD:4;TA=C;MT=Fixed	NT=Oxidation;MT=Variable;TA=M;AC=UNIMOD:35	NT=Acetyl;AC=UNIMOD:1;PP=Protein N-term;MT=variable		TMT134C	10 ppm	0.02 Da	1	Control	Angular gyrus
PXD037367-Sample-16-TMT135N	Homo sapiens	Global Internal Standard	Global Internal Standard	not applicable	not applicable	not applicable	not applicable	not applicable	Global Internal Standard	not applicable	not applicable	not applicable	not applicable	not applicable	not applicable	not applicable	18 PXD037367-Sample-16	proteomic profiling by mass spectrometry	PXD037547	21323-011.raw	ftp://ftp.pride.ebi.ac.uk/pride/data/archive/2023/07/PXD037367/21323-011.raw	4	AC=MS:1002416;NT=Orbitrap Fusion	NT=Carbamidomethyl;AC=UNIMOD:4;TA=C;MT=Fixed	NT=Oxidation;MT=Variable;TA=M;AC=UNIMOD:35	NT=Acetyl;AC=UNIMOD:1;PP=Protein N-term;MT=variable		TMT135N	10 ppm	0.02 Da	1	Global Internal Standard	Global Internal Standard
PXD037367-Sample-17-TMT126	Homo sapiens	Brain	Angular gyrus	Brodmann area 39	not available	86	not available	Male	Alzheimer's disease resilient	adult	not available	not available	28	not available	not available	28	1 PXD037367-Sample-17	proteomic profiling by mass spectrometry	PXD037548	21323-012.raw	ftp://ftp.pride.ebi.ac.uk/pride/data/archive/2023/07/PXD037367/21323-012.raw	5	AC=MS:1002416;NT=Orbitrap Fusion	NT=Carbamidomethyl;AC=UNIMOD:4;TA=C;MT=Fixed	NT=Oxidation;MT=Variable;TA=M;AC=UNIMOD:35	NT=Acetyl;AC=UNIMOD:1;PP=Protein N-term;MT=variable		TMT126	10 ppm	0.02 Da	1	Alzheimer's disease resilient	Angular gyrus
PXD037367-Sample-17-TMT127N	Homo sapiens	Brain	Angular gyrus	Brodmann area 39	not available	79	not available	Male	Alzheimer's disease frail	adult	not available	not available	29	not available	not available	29	2 PXD037367-Sample-17	proteomic profiling by mass spectrometry	PXD037549	21323-012.raw	ftp://ftp.pride.ebi.ac.uk/pride/data/archive/2023/07/PXD037367/21323-012.raw	5	AC=MS:1002416;NT=Orbitrap Fusion	NT=Carbamidomethyl;AC=UNIMOD:4;TA=C;MT=Fixed	NT=Oxidation;MT=Variable;TA=M;AC=UNIMOD:35	NT=Acetyl;AC=UNIMOD:1;PP=Protein N-term;MT=variable		TMT127N	10 ppm	0.02 Da	1	Alzheimer's disease frail	Angular gyrus
PXD037367-Sample-17-TMT127C	Homo sapiens	Brain	Angular gyrus	Brodmann area 39	not available	91	not available	Female	Control	adult	not available	not available	30	not available	not available	30	3 PXD037367-Sample-17	proteomic profiling by mass spectrometry	PXD037550	21323-012.raw	ftp://ftp.pride.ebi.ac.uk/pride/data/archive/2023/07/PXD037367/21323-012.raw	5	AC=MS:1002416;NT=Orbitrap Fusion	NT=Carbamidomethyl;AC=UNIMOD:4;TA=C;MT=Fixed	NT=Oxidation;MT=Variable;TA=M;AC=UNIMOD:35	NT=Acetyl;AC=UNIMOD:1;PP=Protein N-term;MT=variable		TMT127C	10 ppm	0.02 Da	1	Control	Angular gyrus
PXD037367-Sample-17-TMT128N	Homo sapiens	Brain	Angular gyrus	Brodmann area 39	not available	86	not available	Female	Alzheimer's disease with dementia	adult	not available	not available	31	not available	not available	31	4 PXD037367-Sample-17	proteomic profiling by mass spectrometry	PXD037551	21323-012.raw	ftp://ftp.pride.ebi.ac.uk/pride/data/archive/2023/07/PXD037367/21323-012.raw	5	AC=MS:1002416;NT=Orbitrap Fusion	NT=Carbamidomethyl;AC=UNIMOD:4;TA=C;MT=Fixed	NT=Oxidation;MT=Variable;TA=M;AC=UNIMOD:35	NT=Acetyl;AC=UNIMOD:1;PP=Protein N-term;MT=variable		TMT128N	10 ppm	0.02 Da	1	Alzheimer's disease with dementia	Angular gyrus
PXD037367-Sample-17-TMT128C	Homo sapiens	Brain	Angular gyrus	Brodmann area 39	not available	90	not available	Female	Alzheimer's disease resilient	adult	not available	not available	32	not available	not available	32	5 PXD037367-Sample-17	proteomic profiling by mass spectrometry	PXD037552	21323-012.raw	ftp://ftp.pride.ebi.ac.uk/pride/data/archive/2023/07/PXD037367/21323-012.raw	5	AC=MS:1002416;NT=Orbitrap Fusion	NT=Carbamidomethyl;AC=UNIMOD:4;TA=C;MT=Fixed	NT=Oxidation;MT=Variable;TA=M;AC=UNIMOD:35	NT=Acetyl;AC=UNIMOD:1;PP=Protein N-term;MT=variable		TMT128C	10 ppm	0.02 Da	1	Alzheimer's disease resilient	Angular gyrus
PXD037367-Sample-17-TMT129N	Homo sapiens	Brain	Angular gyrus	Brodmann area 39	not available	88	not available	Female	Alzheimer's disease frail	adult	not available	not available	33	not available	not available	33	6 PXD037367-Sample-17	proteomic profiling by mass spectrometry	PXD037553	21323-012.raw	ftp://ftp.pride.ebi.ac.uk/pride/data/archive/2023/07/PXD037367/21323-012.raw	5	AC=MS:1002416;NT=Orbitrap Fusion	NT=Carbamidomethyl;AC=UNIMOD:4;TA=C;MT=Fixed	NT=Oxidation;MT=Variable;TA=M;AC=UNIMOD:35	NT=Acetyl;AC=UNIMOD:1;PP=Protein N-term;MT=variable		TMT129N	10 ppm	0.02 Da	1	Alzheimer's disease frail	Angular gyrus
PXD037367-Sample-17-TMT129C	Homo sapiens	Brain	Angular gyrus	Brodmann area 39	not available	88	not available	Male	Control	adult	not available	not available	34	not available	not available	34	7 PXD037367-Sample-17	proteomic profiling by mass spectrometry	PXD037554	21323-012.raw	ftp://ftp.pride.ebi.ac.uk/pride/data/archive/2023/07/PXD037367/21323-012.raw	5	AC=MS:1002416;NT=Orbitrap Fusion	NT=Carbamidomethyl;AC=UNIMOD:4;TA=C;MT=Fixed	NT=Oxidation;MT=Variable;TA=M;AC=UNIMOD:35	NT=Acetyl;AC=UNIMOD:1;PP=Protein N-term;MT=variable		TMT129C	10 ppm	0.02 Da	1	Control	Angular gyrus
PXD037367-Sample-17-TMT130N	Homo sapiens	Brain	Angular gyrus	Brodmann area 39	not available	88	not available	Male	Alzheimer's disease with dementia	adult	not available	not available	35	not available	not available	35	8 PXD037367-Sample-17	proteomic profiling by mass spectrometry	PXD037555	21323-012.raw	ftp://ftp.pride.ebi.ac.uk/pride/data/archive/2023/07/PXD037367/21323-012.raw	5	AC=MS:1002416;NT=Orbitrap Fusion	NT=Carbamidomethyl;AC=UNIMOD:4;TA=C;MT=Fixed	NT=Oxidation;MT=Variable;TA=M;AC=UNIMOD:35	NT=Acetyl;AC=UNIMOD:1;PP=Protein N-term;MT=variable		TMT130N	10 ppm	0.02 Da	1	Alzheimer's disease with dementia	Angular gyrus
PXD037367-Sample-17-TMT130C	Homo sapiens	Brain	Angular gyrus	Brodmann area 39	not available	88	not available	Male	Alzheimer's disease resilient	adult	not available	not available	36	not available	not available	36	9 PXD037367-Sample-17	proteomic profiling by mass spectrometry	PXD037556	21323-012.raw	ftp://ftp.pride.ebi.ac.uk/pride/data/archive/2023/07/PXD037367/21323-012.raw	5	AC=MS:1002416;NT=Orbitrap Fusion	NT=Carbamidomethyl;AC=UNIMOD:4;TA=C;MT=Fixed	NT=Oxidation;MT=Variable;TA=M;AC=UNIMOD:35	NT=Acetyl;AC=UNIMOD:1;PP=Protein N-term;MT=variable		TMT130C	10 ppm	0.02 Da	1	Alzheimer's disease resilient	Angular gyrus
PXD037367-Sample-17-TMT131N	Homo sapiens	Brain	Angular gyrus	Brodmann area 39	not available	84	not available	Male	Alzheimer's disease frail	adult	not available	not available	37	not available	not available	37	10 PXD037367-Sample-17	proteomic profiling by mass spectrometry	PXD037557	21323-012.raw	ftp://ftp.pride.ebi.ac.uk/pride/data/archive/2023/07/PXD037367/21323-012.raw	5	AC=MS:1002416;NT=Orbitrap Fusion	NT=Carbamidomethyl;AC=UNIMOD:4;TA=C;MT=Fixed	NT=Oxidation;MT=Variable;TA=M;AC=UNIMOD:35	NT=Acetyl;AC=UNIMOD:1;PP=Protein N-term;MT=variable		TMT131N	10 ppm	0.02 Da	1	Alzheimer's disease frail	Angular gyrus
PXD037367-Sample-17-TMT131C	Homo sapiens	Brain	Angular gyrus	Brodmann area 39	not available	90	not available	Female	Control	adult	not available	not available	38	not available	not available	38	11 PXD037367-Sample-17	proteomic profiling by mass spectrometry	PXD037558	21323-012.raw	ftp://ftp.pride.ebi.ac.uk/pride/data/archive/2023/07/PXD037367/21323-012.raw	5	AC=MS:1002416;NT=Orbitrap Fusion	NT=Carbamidomethyl;AC=UNIMOD:4;TA=C;MT=Fixed	NT=Oxidation;MT=Variable;TA=M;AC=UNIMOD:35	NT=Acetyl;AC=UNIMOD:1;PP=Protein N-term;MT=variable		TMT131C	10 ppm	0.02 Da	1	Control	Angular gyrus
PXD037367-Sample-17-TMT132N	Homo sapiens	Brain	Angular gyrus	Brodmann area 39	not available	90	not available	Female	Alzheimer's disease with dementia	adult	not available	not available	39	not available	not available	39	12 PXD037367-Sample-17	proteomic profiling by mass spectrometry	PXD037559	21323-012.raw	ftp://ftp.pride.ebi.ac.uk/pride/data/archive/2023/07/PXD037367/21323-012.raw	5	AC=MS:1002416;NT=Orbitrap Fusion	NT=Carbamidomethyl;AC=UNIMOD:4;TA=C;MT=Fixed	NT=Oxidation;MT=Variable;TA=M;AC=UNIMOD:35	NT=Acetyl;AC=UNIMOD:1;PP=Protein N-term;MT=variable		TMT132N	10 ppm	0.02 Da	1	Alzheimer's disease with dementia	Angular gyrus
PXD037367-Sample-17-TMT132C	Homo sapiens	Brain	Angular gyrus	Brodmann area 39	not available	89	not available	Female	Alzheimer's disease resilient	adult	not available	not available	40	not available	not available	40	13 PXD037367-Sample-17	proteomic profiling by mass spectrometry	PXD037560	21323-012.raw	ftp://ftp.pride.ebi.ac.uk/pride/data/archive/2023/07/PXD037367/21323-012.raw	5	AC=MS:1002416;NT=Orbitrap Fusion	NT=Carbamidomethyl;AC=UNIMOD:4;TA=C;MT=Fixed	NT=Oxidation;MT=Variable;TA=M;AC=UNIMOD:35	NT=Acetyl;AC=UNIMOD:1;PP=Protein N-term;MT=variable		TMT132C	10 ppm	0.02 Da	1	Alzheimer's disease resilient	Angular gyrus
PXD037367-Sample-17-TMT133N	Homo sapiens	Brain	Angular gyrus	Brodmann area 39	not available	93	not available	Female	Alzheimer's disease frail	adult	not available	not available	41	not available	not available	41	14 PXD037367-Sample-17	proteomic profiling by mass spectrometry	PXD037561	21323-012.raw	ftp://ftp.pride.ebi.ac.uk/pride/data/archive/2023/07/PXD037367/21323-012.raw	5	AC=MS:1002416;NT=Orbitrap Fusion	NT=Carbamidomethyl;AC=UNIMOD:4;TA=C;MT=Fixed	NT=Oxidation;MT=Variable;TA=M;AC=UNIMOD:35	NT=Acetyl;AC=UNIMOD:1;PP=Protein N-term;MT=variable		TMT133N	10 ppm	0.02 Da	1	Alzheimer's disease frail	Angular gyrus
PXD037367-Sample-17-TMT133C	Homo sapiens	Brain	Angular gyrus	Brodmann area 39	not available	86	not available	Male	Control	adult	not available	not available	42	not available	not available	42	15 PXD037367-Sample-17	proteomic profiling by mass spectrometry	PXD037562	21323-012.raw	ftp://ftp.pride.ebi.ac.uk/pride/data/archive/2023/07/PXD037367/21323-012.raw	5	AC=MS:1002416;NT=Orbitrap Fusion	NT=Carbamidomethyl;AC=UNIMOD:4;TA=C;MT=Fixed	NT=Oxidation;MT=Variable;TA=M;AC=UNIMOD:35	NT=Acetyl;AC=UNIMOD:1;PP=Protein N-term;MT=variable		TMT133C	10 ppm	0.02 Da	1	Control	Angular gyrus
PXD037367-Sample-17-TMT134N	Homo sapiens	Brain	Angular gyrus	Brodmann area 39	not available	90	not available	Male	Alzheimer's disease with dementia	adult	not available	not available	43	not available	not available	43	16 PXD037367-Sample-17	proteomic profiling by mass spectrometry	PXD037563	21323-012.raw	ftp://ftp.pride.ebi.ac.uk/pride/data/archive/2023/07/PXD037367/21323-012.raw	5	AC=MS:1002416;NT=Orbitrap Fusion	NT=Carbamidomethyl;AC=UNIMOD:4;TA=C;MT=Fixed	NT=Oxidation;MT=Variable;TA=M;AC=UNIMOD:35	NT=Acetyl;AC=UNIMOD:1;PP=Protein N-term;MT=variable		TMT134N	10 ppm	0.02 Da	1	Alzheimer's disease with dementia	Angular gyrus
PXD037367-Sample-17-TMT134C	Homo sapiens	Brain	Angular gyrus	Brodmann area 39	not available	83	not available	Female	Control	adult	not available	not available	44	not available	not available	44	17 PXD037367-Sample-17	proteomic profiling by mass spectrometry	PXD037564	21323-012.raw	ftp://ftp.pride.ebi.ac.uk/pride/data/archive/2023/07/PXD037367/21323-012.raw	5	AC=MS:1002416;NT=Orbitrap Fusion	NT=Carbamidomethyl;AC=UNIMOD:4;TA=C;MT=Fixed	NT=Oxidation;MT=Variable;TA=M;AC=UNIMOD:35	NT=Acetyl;AC=UNIMOD:1;PP=Protein N-term;MT=variable		TMT134C	10 ppm	0.02 Da	1	Control	Angular gyrus
PXD037367-Sample-17-TMT135N	Homo sapiens	Global Internal Standard	Global Internal Standard	not applicable	not applicable	not applicable	not applicable	not applicable	Global Internal Standard	not applicable	not applicable	not applicable	not applicable	not applicable	not applicable	not applicable	18 PXD037367-Sample-17	proteomic profiling by mass spectrometry	PXD037565	21323-012.raw	ftp://ftp.pride.ebi.ac.uk/pride/data/archive/2023/07/PXD037367/21323-012.raw	5	AC=MS:1002416;NT=Orbitrap Fusion	NT=Carbamidomethyl;AC=UNIMOD:4;TA=C;MT=Fixed	NT=Oxidation;MT=Variable;TA=M;AC=UNIMOD:35	NT=Acetyl;AC=UNIMOD:1;PP=Protein N-term;MT=variable		TMT135N	10 ppm	0.02 Da	1	Global Internal Standard	Global Internal Standard
PXD037367-Sample-18-TMT126	Homo sapiens	Brain	Angular gyrus	Brodmann area 39	not available	86	not available	Male	Alzheimer's disease resilient	adult	not available	not available	28	not available	not available	28	1 PXD037367-Sample-18	proteomic profiling by mass spectrometry	PXD037566	21323-013.raw	ftp://ftp.pride.ebi.ac.uk/pride/data/archive/2023/07/PXD037367/21323-013.raw	6	AC=MS:1002416;NT=Orbitrap Fusion	NT=Carbamidomethyl;AC=UNIMOD:4;TA=C;MT=Fixed	NT=Oxidation;MT=Variable;TA=M;AC=UNIMOD:35	NT=Acetyl;AC=UNIMOD:1;PP=Protein N-term;MT=variable		TMT126	10 ppm	0.02 Da	1	Alzheimer's disease resilient	Angular gyrus
PXD037367-Sample-18-TMT127N	Homo sapiens	Brain	Angular gyrus	Brodmann area 39	not available	79	not available	Male	Alzheimer's disease frail	adult	not available	not available	29	not available	not available	29	2 PXD037367-Sample-18	proteomic profiling by mass spectrometry	PXD037567	21323-013.raw	ftp://ftp.pride.ebi.ac.uk/pride/data/archive/2023/07/PXD037367/21323-013.raw	6	AC=MS:1002416;NT=Orbitrap Fusion	NT=Carbamidomethyl;AC=UNIMOD:4;TA=C;MT=Fixed	NT=Oxidation;MT=Variable;TA=M;AC=UNIMOD:35	NT=Acetyl;AC=UNIMOD:1;PP=Protein N-term;MT=variable		TMT127N	10 ppm	0.02 Da	1	Alzheimer's disease frail	Angular gyrus
PXD037367-Sample-18-TMT127C	Homo sapiens	Brain	Angular gyrus	Brodmann area 39	not available	91	not available	Female	Control	adult	not available	not available	30	not available	not available	30	3 PXD037367-Sample-18	proteomic profiling by mass spectrometry	PXD037568	21323-013.raw	ftp://ftp.pride.ebi.ac.uk/pride/data/archive/2023/07/PXD037367/21323-013.raw	6	AC=MS:1002416;NT=Orbitrap Fusion	NT=Carbamidomethyl;AC=UNIMOD:4;TA=C;MT=Fixed	NT=Oxidation;MT=Variable;TA=M;AC=UNIMOD:35	NT=Acetyl;AC=UNIMOD:1;PP=Protein N-term;MT=variable		TMT127C	10 ppm	0.02 Da	1	Control	Angular gyrus
PXD037367-Sample-18-TMT128N	Homo sapiens	Brain	Angular gyrus	Brodmann area 39	not available	86	not available	Female	Alzheimer's disease with dementia	adult	not available	not available	31	not available	not available	31	4 PXD037367-Sample-18	proteomic profiling by mass spectrometry	PXD037569	21323-013.raw	ftp://ftp.pride.ebi.ac.uk/pride/data/archive/2023/07/PXD037367/21323-013.raw	6	AC=MS:1002416;NT=Orbitrap Fusion	NT=Carbamidomethyl;AC=UNIMOD:4;TA=C;MT=Fixed	NT=Oxidation;MT=Variable;TA=M;AC=UNIMOD:35	NT=Acetyl;AC=UNIMOD:1;PP=Protein N-term;MT=variable		TMT128N	10 ppm	0.02 Da	1	Alzheimer's disease with dementia	Angular gyrus
PXD037367-Sample-18-TMT128C	Homo sapiens	Brain	Angular gyrus	Brodmann area 39	not available	90	not available	Female	Alzheimer's disease resilient	adult	not available	not available	32	not available	not available	32	5 PXD037367-Sample-18	proteomic profiling by mass spectrometry	PXD037570	21323-013.raw	ftp://ftp.pride.ebi.ac.uk/pride/data/archive/2023/07/PXD037367/21323-013.raw	6	AC=MS:1002416;NT=Orbitrap Fusion	NT=Carbamidomethyl;AC=UNIMOD:4;TA=C;MT=Fixed	NT=Oxidation;MT=Variable;TA=M;AC=UNIMOD:35	NT=Acetyl;AC=UNIMOD:1;PP=Protein N-term;MT=variable		TMT128C	10 ppm	0.02 Da	1	Alzheimer's disease resilient	Angular gyrus
PXD037367-Sample-18-TMT129N	Homo sapiens	Brain	Angular gyrus	Brodmann area 39	not available	88	not available	Female	Alzheimer's disease frail	adult	not available	not available	33	not available	not available	33	6 PXD037367-Sample-18	proteomic profiling by mass spectrometry	PXD037571	21323-013.raw	ftp://ftp.pride.ebi.ac.uk/pride/data/archive/2023/07/PXD037367/21323-013.raw	6	AC=MS:1002416;NT=Orbitrap Fusion	NT=Carbamidomethyl;AC=UNIMOD:4;TA=C;MT=Fixed	NT=Oxidation;MT=Variable;TA=M;AC=UNIMOD:35	NT=Acetyl;AC=UNIMOD:1;PP=Protein N-term;MT=variable		TMT129N	10 ppm	0.02 Da	1	Alzheimer's disease frail	Angular gyrus
PXD037367-Sample-18-TMT129C	Homo sapiens	Brain	Angular gyrus	Brodmann area 39	not available	88	not available	Male	Control	adult	not available	not available	34	not available	not available	34	7 PXD037367-Sample-18	proteomic profiling by mass spectrometry	PXD037572	21323-013.raw	ftp://ftp.pride.ebi.ac.uk/pride/data/archive/2023/07/PXD037367/21323-013.raw	6	AC=MS:1002416;NT=Orbitrap Fusion	NT=Carbamidomethyl;AC=UNIMOD:4;TA=C;MT=Fixed	NT=Oxidation;MT=Variable;TA=M;AC=UNIMOD:35	NT=Acetyl;AC=UNIMOD:1;PP=Protein N-term;MT=variable		TMT129C	10 ppm	0.02 Da	1	Control	Angular gyrus
PXD037367-Sample-18-TMT130N	Homo sapiens	Brain	Angular gyrus	Brodmann area 39	not available	88	not available	Male	Alzheimer's disease with dementia	adult	not available	not available	35	not available	not available	35	8 PXD037367-Sample-18	proteomic profiling by mass spectrometry	PXD037573	21323-013.raw	ftp://ftp.pride.ebi.ac.uk/pride/data/archive/2023/07/PXD037367/21323-013.raw	6	AC=MS:1002416;NT=Orbitrap Fusion	NT=Carbamidomethyl;AC=UNIMOD:4;TA=C;MT=Fixed	NT=Oxidation;MT=Variable;TA=M;AC=UNIMOD:35	NT=Acetyl;AC=UNIMOD:1;PP=Protein N-term;MT=variable		TMT130N	10 ppm	0.02 Da	1	Alzheimer's disease with dementia	Angular gyrus
PXD037367-Sample-18-TMT130C	Homo sapiens	Brain	Angular gyrus	Brodmann area 39	not available	88	not available	Male	Alzheimer's disease resilient	adult	not available	not available	36	not available	not available	36	9 PXD037367-Sample-18	proteomic profiling by mass spectrometry	PXD037574	21323-013.raw	ftp://ftp.pride.ebi.ac.uk/pride/data/archive/2023/07/PXD037367/21323-013.raw	6	AC=MS:1002416;NT=Orbitrap Fusion	NT=Carbamidomethyl;AC=UNIMOD:4;TA=C;MT=Fixed	NT=Oxidation;MT=Variable;TA=M;AC=UNIMOD:35	NT=Acetyl;AC=UNIMOD:1;PP=Protein N-term;MT=variable		TMT130C	10 ppm	0.02 Da	1	Alzheimer's disease resilient	Angular gyrus
PXD037367-Sample-18-TMT131N	Homo sapiens	Brain	Angular gyrus	Brodmann area 39	not available	84	not available	Male	Alzheimer's disease frail	adult	not available	not available	37	not available	not available	37	10 PXD037367-Sample-18	proteomic profiling by mass spectrometry	PXD037575	21323-013.raw	ftp://ftp.pride.ebi.ac.uk/pride/data/archive/2023/07/PXD037367/21323-013.raw	6	AC=MS:1002416;NT=Orbitrap Fusion	NT=Carbamidomethyl;AC=UNIMOD:4;TA=C;MT=Fixed	NT=Oxidation;MT=Variable;TA=M;AC=UNIMOD:35	NT=Acetyl;AC=UNIMOD:1;PP=Protein N-term;MT=variable		TMT131N	10 ppm	0.02 Da	1	Alzheimer's disease frail	Angular gyrus
PXD037367-Sample-18-TMT131C	Homo sapiens	Brain	Angular gyrus	Brodmann area 39	not available	90	not available	Female	Control	adult	not available	not available	38	not available	not available	38	11 PXD037367-Sample-18	proteomic profiling by mass spectrometry	PXD037576	21323-013.raw	ftp://ftp.pride.ebi.ac.uk/pride/data/archive/2023/07/PXD037367/21323-013.raw	6	AC=MS:1002416;NT=Orbitrap Fusion	NT=Carbamidomethyl;AC=UNIMOD:4;TA=C;MT=Fixed	NT=Oxidation;MT=Variable;TA=M;AC=UNIMOD:35	NT=Acetyl;AC=UNIMOD:1;PP=Protein N-term;MT=variable		TMT131C	10 ppm	0.02 Da	1	Control	Angular gyrus
PXD037367-Sample-18-TMT132N	Homo sapiens	Brain	Angular gyrus	Brodmann area 39	not available	90	not available	Female	Alzheimer's disease with dementia	adult	not available	not available	39	not available	not available	39	12 PXD037367-Sample-18	proteomic profiling by mass spectrometry	PXD037577	21323-013.raw	ftp://ftp.pride.ebi.ac.uk/pride/data/archive/2023/07/PXD037367/21323-013.raw	6	AC=MS:1002416;NT=Orbitrap Fusion	NT=Carbamidomethyl;AC=UNIMOD:4;TA=C;MT=Fixed	NT=Oxidation;MT=Variable;TA=M;AC=UNIMOD:35	NT=Acetyl;AC=UNIMOD:1;PP=Protein N-term;MT=variable		TMT132N	10 ppm	0.02 Da	1	Alzheimer's disease with dementia	Angular gyrus
PXD037367-Sample-18-TMT132C	Homo sapiens	Brain	Angular gyrus	Brodmann area 39	not available	89	not available	Female	Alzheimer's disease resilient	adult	not available	not available	40	not available	not available	40	13 PXD037367-Sample-18	proteomic profiling by mass spectrometry	PXD037578	21323-013.raw	ftp://ftp.pride.ebi.ac.uk/pride/data/archive/2023/07/PXD037367/21323-013.raw	6	AC=MS:1002416;NT=Orbitrap Fusion	NT=Carbamidomethyl;AC=UNIMOD:4;TA=C;MT=Fixed	NT=Oxidation;MT=Variable;TA=M;AC=UNIMOD:35	NT=Acetyl;AC=UNIMOD:1;PP=Protein N-term;MT=variable		TMT132C	10 ppm	0.02 Da	1	Alzheimer's disease resilient	Angular gyrus
PXD037367-Sample-18-TMT133N	Homo sapiens	Brain	Angular gyrus	Brodmann area 39	not available	93	not available	Female	Alzheimer's disease frail	adult	not available	not available	41	not available	not available	41	14 PXD037367-Sample-18	proteomic profiling by mass spectrometry	PXD037579	21323-013.raw	ftp://ftp.pride.ebi.ac.uk/pride/data/archive/2023/07/PXD037367/21323-013.raw	6	AC=MS:1002416;NT=Orbitrap Fusion	NT=Carbamidomethyl;AC=UNIMOD:4;TA=C;MT=Fixed	NT=Oxidation;MT=Variable;TA=M;AC=UNIMOD:35	NT=Acetyl;AC=UNIMOD:1;PP=Protein N-term;MT=variable		TMT133N	10 ppm	0.02 Da	1	Alzheimer's disease frail	Angular gyrus
PXD037367-Sample-18-TMT133C	Homo sapiens	Brain	Angular gyrus	Brodmann area 39	not available	86	not available	Male	Control	adult	not available	not available	42	not available	not available	42	15 PXD037367-Sample-18	proteomic profiling by mass spectrometry	PXD037580	21323-013.raw	ftp://ftp.pride.ebi.ac.uk/pride/data/archive/2023/07/PXD037367/21323-013.raw	6	AC=MS:1002416;NT=Orbitrap Fusion	NT=Carbamidomethyl;AC=UNIMOD:4;TA=C;MT=Fixed	NT=Oxidation;MT=Variable;TA=M;AC=UNIMOD:35	NT=Acetyl;AC=UNIMOD:1;PP=Protein N-term;MT=variable		TMT133C	10 ppm	0.02 Da	1	Control	Angular gyrus
PXD037367-Sample-18-TMT134N	Homo sapiens	Brain	Angular gyrus	Brodmann area 39	not available	90	not available	Male	Alzheimer's disease with dementia	adult	not available	not available	43	not available	not available	43	16 PXD037367-Sample-18	proteomic profiling by mass spectrometry	PXD037581	21323-013.raw	ftp://ftp.pride.ebi.ac.uk/pride/data/archive/2023/07/PXD037367/21323-013.raw	6	AC=MS:1002416;NT=Orbitrap Fusion	NT=Carbamidomethyl;AC=UNIMOD:4;TA=C;MT=Fixed	NT=Oxidation;MT=Variable;TA=M;AC=UNIMOD:35	NT=Acetyl;AC=UNIMOD:1;PP=Protein N-term;MT=variable		TMT134N	10 ppm	0.02 Da	1	Alzheimer's disease with dementia	Angular gyrus
PXD037367-Sample-18-TMT134C	Homo sapiens	Brain	Angular gyrus	Brodmann area 39	not available	83	not available	Female	Control	adult	not available	not available	44	not available	not available	44	17 PXD037367-Sample-18	proteomic profiling by mass spectrometry	PXD037582	21323-013.raw	ftp://ftp.pride.ebi.ac.uk/pride/data/archive/2023/07/PXD037367/21323-013.raw	6	AC=MS:1002416;NT=Orbitrap Fusion	NT=Carbamidomethyl;AC=UNIMOD:4;TA=C;MT=Fixed	NT=Oxidation;MT=Variable;TA=M;AC=UNIMOD:35	NT=Acetyl;AC=UNIMOD:1;PP=Protein N-term;MT=variable		TMT134C	10 ppm	0.02 Da	1	Control	Angular gyrus
PXD037367-Sample-18-TMT135N	Homo sapiens	Global Internal Standard	Global Internal Standard	not applicable	not applicable	not applicable	not applicable	not applicable	Global Internal Standard	not applicable	not applicable	not applicable	not applicable	not applicable	not applicable	not applicable	18 PXD037367-Sample-18	proteomic profiling by mass spectrometry	PXD037583	21323-013.raw	ftp://ftp.pride.ebi.ac.uk/pride/data/archive/2023/07/PXD037367/21323-013.raw	6	AC=MS:1002416;NT=Orbitrap Fusion	NT=Carbamidomethyl;AC=UNIMOD:4;TA=C;MT=Fixed	NT=Oxidation;MT=Variable;TA=M;AC=UNIMOD:35	NT=Acetyl;AC=UNIMOD:1;PP=Protein N-term;MT=variable		TMT135N	10 ppm	0.02 Da	1	Global Internal Standard	Global Internal Standard
PXD037367-Sample-19-TMT126	Homo sapiens	Brain	Angular gyrus	Brodmann area 39	not available	84	not available	Female	Alzheimer's disease frail	adult	not available	not available	45	not available	not available	45	1 PXD037367-Sample-19	proteomic profiling by mass spectrometry	PXD037584	21323-014.raw	ftp://ftp.pride.ebi.ac.uk/pride/data/archive/2023/07/PXD037367/21323-014.raw	1	AC=MS:1002416;NT=Orbitrap Fusion	NT=Carbamidomethyl;AC=UNIMOD:4;TA=C;MT=Fixed	NT=Oxidation;MT=Variable;TA=M;AC=UNIMOD:35	NT=Acetyl;AC=UNIMOD:1;PP=Protein N-term;MT=variable		TMT126	10 ppm	0.02 Da	1	Alzheimer's disease frail	Angular gyrus
PXD037367-Sample-19-TMT127N	Homo sapiens	Brain	Angular gyrus	Brodmann area 39	not available	89	not available	Female	Control	adult	not available	not available	46	not available	not available	46	2 PXD037367-Sample-19	proteomic profiling by mass spectrometry	PXD037585	21323-014.raw	ftp://ftp.pride.ebi.ac.uk/pride/data/archive/2023/07/PXD037367/21323-014.raw	1	AC=MS:1002416;NT=Orbitrap Fusion	NT=Carbamidomethyl;AC=UNIMOD:4;TA=C;MT=Fixed	NT=Oxidation;MT=Variable;TA=M;AC=UNIMOD:35	NT=Acetyl;AC=UNIMOD:1;PP=Protein N-term;MT=variable		TMT127N	10 ppm	0.02 Da	1	Control	Angular gyrus
PXD037367-Sample-19-TMT127C	Homo sapiens	Brain	Angular gyrus	Brodmann area 39	not available	90	not available	Male	Alzheimer's disease with dementia	adult	not available	not available	47	not available	not available	47	3 PXD037367-Sample-19	proteomic profiling by mass spectrometry	PXD037586	21323-014.raw	ftp://ftp.pride.ebi.ac.uk/pride/data/archive/2023/07/PXD037367/21323-014.raw	1	AC=MS:1002416;NT=Orbitrap Fusion	NT=Carbamidomethyl;AC=UNIMOD:4;TA=C;MT=Fixed	NT=Oxidation;MT=Variable;TA=M;AC=UNIMOD:35	NT=Acetyl;AC=UNIMOD:1;PP=Protein N-term;MT=variable		TMT127C	10 ppm	0.02 Da	1	Alzheimer's disease with dementia	Angular gyrus
PXD037367-Sample-19-TMT128N	Homo sapiens	Brain	Angular gyrus	Brodmann area 39	not available	90	not available	Female	Alzheimer's disease resilient	adult	not available	not available	48	not available	not available	48	4 PXD037367-Sample-19	proteomic profiling by mass spectrometry	PXD037587	21323-014.raw	ftp://ftp.pride.ebi.ac.uk/pride/data/archive/2023/07/PXD037367/21323-014.raw	1	AC=MS:1002416;NT=Orbitrap Fusion	NT=Carbamidomethyl;AC=UNIMOD:4;TA=C;MT=Fixed	NT=Oxidation;MT=Variable;TA=M;AC=UNIMOD:35	NT=Acetyl;AC=UNIMOD:1;PP=Protein N-term;MT=variable		TMT128N	10 ppm	0.02 Da	1	Alzheimer's disease resilient	Angular gyrus
PXD037367-Sample-19-TMT128C	Homo sapiens	Brain	Angular gyrus	Brodmann area 39	not available	81	not available	Male	Alzheimer's disease frail	adult	not available	not available	49	not available	not available	49	5 PXD037367-Sample-19	proteomic profiling by mass spectrometry	PXD037588	21323-014.raw	ftp://ftp.pride.ebi.ac.uk/pride/data/archive/2023/07/PXD037367/21323-014.raw	1	AC=MS:1002416;NT=Orbitrap Fusion	NT=Carbamidomethyl;AC=UNIMOD:4;TA=C;MT=Fixed	NT=Oxidation;MT=Variable;TA=M;AC=UNIMOD:35	NT=Acetyl;AC=UNIMOD:1;PP=Protein N-term;MT=variable		TMT128C	10 ppm	0.02 Da	1	Alzheimer's disease frail	Angular gyrus
PXD037367-Sample-19-TMT129N	Homo sapiens	Brain	Angular gyrus	Brodmann area 39	not available	81	not available	Male	Control	adult	not available	not available	50	not available	not available	50	6 PXD037367-Sample-19	proteomic profiling by mass spectrometry	PXD037589	21323-014.raw	ftp://ftp.pride.ebi.ac.uk/pride/data/archive/2023/07/PXD037367/21323-014.raw	1	AC=MS:1002416;NT=Orbitrap Fusion	NT=Carbamidomethyl;AC=UNIMOD:4;TA=C;MT=Fixed	NT=Oxidation;MT=Variable;TA=M;AC=UNIMOD:35	NT=Acetyl;AC=UNIMOD:1;PP=Protein N-term;MT=variable		TMT129N	10 ppm	0.02 Da	1	Control	Angular gyrus
PXD037367-Sample-19-TMT129C	Homo sapiens	Brain	Angular gyrus	Brodmann area 39	not available	100	not available	Female	Alzheimer's disease with dementia	adult	not available	not available	51	not available	not available	51	7 PXD037367-Sample-19	proteomic profiling by mass spectrometry	PXD037590	21323-014.raw	ftp://ftp.pride.ebi.ac.uk/pride/data/archive/2023/07/PXD037367/21323-014.raw	1	AC=MS:1002416;NT=Orbitrap Fusion	NT=Carbamidomethyl;AC=UNIMOD:4;TA=C;MT=Fixed	NT=Oxidation;MT=Variable;TA=M;AC=UNIMOD:35	NT=Acetyl;AC=UNIMOD:1;PP=Protein N-term;MT=variable		TMT129C	10 ppm	0.02 Da	1	Alzheimer's disease with dementia	Angular gyrus
PXD037367-Sample-19-TMT130N	Homo sapiens	Brain	Angular gyrus	Brodmann area 39	not available	86	not available	Female	Alzheimer's disease resilient	adult	not available	not available	52	not available	not available	52	8 PXD037367-Sample-19	proteomic profiling by mass spectrometry	PXD037591	21323-014.raw	ftp://ftp.pride.ebi.ac.uk/pride/data/archive/2023/07/PXD037367/21323-014.raw	1	AC=MS:1002416;NT=Orbitrap Fusion	NT=Carbamidomethyl;AC=UNIMOD:4;TA=C;MT=Fixed	NT=Oxidation;MT=Variable;TA=M;AC=UNIMOD:35	NT=Acetyl;AC=UNIMOD:1;PP=Protein N-term;MT=variable		TMT130N	10 ppm	0.02 Da	1	Alzheimer's disease resilient	Angular gyrus
PXD037367-Sample-19-TMT130C	Homo sapiens	Brain	Angular gyrus	Brodmann area 39	not available	86	not available	Male	Alzheimer's disease frail	adult	not available	not available	53	not available	not available	53	9 PXD037367-Sample-19	proteomic profiling by mass spectrometry	PXD037592	21323-014.raw	ftp://ftp.pride.ebi.ac.uk/pride/data/archive/2023/07/PXD037367/21323-014.raw	1	AC=MS:1002416;NT=Orbitrap Fusion	NT=Carbamidomethyl;AC=UNIMOD:4;TA=C;MT=Fixed	NT=Oxidation;MT=Variable;TA=M;AC=UNIMOD:35	NT=Acetyl;AC=UNIMOD:1;PP=Protein N-term;MT=variable		TMT130C	10 ppm	0.02 Da	1	Alzheimer's disease frail	Angular gyrus
PXD037367-Sample-19-TMT131N	Homo sapiens	Brain	Angular gyrus	Brodmann area 39	not available	86	not available	Female	Control	adult	not available	not available	54	not available	not available	54	10 PXD037367-Sample-19	proteomic profiling by mass spectrometry	PXD037593	21323-014.raw	ftp://ftp.pride.ebi.ac.uk/pride/data/archive/2023/07/PXD037367/21323-014.raw	1	AC=MS:1002416;NT=Orbitrap Fusion	NT=Carbamidomethyl;AC=UNIMOD:4;TA=C;MT=Fixed	NT=Oxidation;MT=Variable;TA=M;AC=UNIMOD:35	NT=Acetyl;AC=UNIMOD:1;PP=Protein N-term;MT=variable		TMT131N	10 ppm	0.02 Da	1	Control	Angular gyrus
PXD037367-Sample-19-TMT131C	Homo sapiens	Brain	Angular gyrus	Brodmann area 39	not available	92	not available	Male	Alzheimer's disease with dementia	adult	not available	not available	55	not available	not available	55	11 PXD037367-Sample-19	proteomic profiling by mass spectrometry	PXD037594	21323-014.raw	ftp://ftp.pride.ebi.ac.uk/pride/data/archive/2023/07/PXD037367/21323-014.raw	1	AC=MS:1002416;NT=Orbitrap Fusion	NT=Carbamidomethyl;AC=UNIMOD:4;TA=C;MT=Fixed	NT=Oxidation;MT=Variable;TA=M;AC=UNIMOD:35	NT=Acetyl;AC=UNIMOD:1;PP=Protein N-term;MT=variable		TMT131C	10 ppm	0.02 Da	1	Alzheimer's disease with dementia	Angular gyrus
PXD037367-Sample-19-TMT132N	Homo sapiens	Brain	Angular gyrus	Brodmann area 39	not available	83	not available	Male	Alzheimer's disease resilient	adult	not available	not available	56	not available	not available	56	12 PXD037367-Sample-19	proteomic profiling by mass spectrometry	PXD037595	21323-014.raw	ftp://ftp.pride.ebi.ac.uk/pride/data/archive/2023/07/PXD037367/21323-014.raw	1	AC=MS:1002416;NT=Orbitrap Fusion	NT=Carbamidomethyl;AC=UNIMOD:4;TA=C;MT=Fixed	NT=Oxidation;MT=Variable;TA=M;AC=UNIMOD:35	NT=Acetyl;AC=UNIMOD:1;PP=Protein N-term;MT=variable		TMT132N	10 ppm	0.02 Da	1	Alzheimer's disease resilient	Angular gyrus
PXD037367-Sample-19-TMT132C	Homo sapiens	Brain	Angular gyrus	Brodmann area 39	not available	98	not available	Male	Alzheimer's disease frail	adult	not available	not available	57	not available	not available	57	13 PXD037367-Sample-19	proteomic profiling by mass spectrometry	PXD037596	21323-014.raw	ftp://ftp.pride.ebi.ac.uk/pride/data/archive/2023/07/PXD037367/21323-014.raw	1	AC=MS:1002416;NT=Orbitrap Fusion	NT=Carbamidomethyl;AC=UNIMOD:4;TA=C;MT=Fixed	NT=Oxidation;MT=Variable;TA=M;AC=UNIMOD:35	NT=Acetyl;AC=UNIMOD:1;PP=Protein N-term;MT=variable		TMT132C	10 ppm	0.02 Da	1	Alzheimer's disease frail	Angular gyrus
PXD037367-Sample-19-TMT133N	Homo sapiens	Brain	Angular gyrus	Brodmann area 39	not available	97	not available	Male	Control	adult	not available	not available	58	not available	not available	58	14 PXD037367-Sample-19	proteomic profiling by mass spectrometry	PXD037597	21323-014.raw	ftp://ftp.pride.ebi.ac.uk/pride/data/archive/2023/07/PXD037367/21323-014.raw	1	AC=MS:1002416;NT=Orbitrap Fusion	NT=Carbamidomethyl;AC=UNIMOD:4;TA=C;MT=Fixed	NT=Oxidation;MT=Variable;TA=M;AC=UNIMOD:35	NT=Acetyl;AC=UNIMOD:1;PP=Protein N-term;MT=variable		TMT133N	10 ppm	0.02 Da	1	Control	Angular gyrus
PXD037367-Sample-19-TMT133C	Homo sapiens	Brain	Angular gyrus	Brodmann area 39	not available	90	not available	Female	Alzheimer's disease resilient	adult	not available	not available	59	not available	not available	59	15 PXD037367-Sample-19	proteomic profiling by mass spectrometry	PXD037598	21323-014.raw	ftp://ftp.pride.ebi.ac.uk/pride/data/archive/2023/07/PXD037367/21323-014.raw	1	AC=MS:1002416;NT=Orbitrap Fusion	NT=Carbamidomethyl;AC=UNIMOD:4;TA=C;MT=Fixed	NT=Oxidation;MT=Variable;TA=M;AC=UNIMOD:35	NT=Acetyl;AC=UNIMOD:1;PP=Protein N-term;MT=variable		TMT133C	10 ppm	0.02 Da	1	Alzheimer's disease resilient	Angular gyrus
PXD037367-Sample-19-TMT134N	Homo sapiens	Brain	Angular gyrus	Brodmann area 39	not available	91	not available	Female	Alzheimer's disease frail	adult	not available	not available	60	not available	not available	60	16 PXD037367-Sample-19	proteomic profiling by mass spectrometry	PXD037599	21323-014.raw	ftp://ftp.pride.ebi.ac.uk/pride/data/archive/2023/07/PXD037367/21323-014.raw	1	AC=MS:1002416;NT=Orbitrap Fusion	NT=Carbamidomethyl;AC=UNIMOD:4;TA=C;MT=Fixed	NT=Oxidation;MT=Variable;TA=M;AC=UNIMOD:35	NT=Acetyl;AC=UNIMOD:1;PP=Protein N-term;MT=variable		TMT134N	10 ppm	0.02 Da	1	Alzheimer's disease frail	Angular gyrus
PXD037367-Sample-19-TMT134C	Homo sapiens	Brain	Angular gyrus	Brodmann area 39	not available	89	not available	Female	Alzheimer's disease with dementia	adult	not available	not available	61	not available	not available	61	17 PXD037367-Sample-19	proteomic profiling by mass spectrometry	PXD037600	21323-014.raw	ftp://ftp.pride.ebi.ac.uk/pride/data/archive/2023/07/PXD037367/21323-014.raw	1	AC=MS:1002416;NT=Orbitrap Fusion	NT=Carbamidomethyl;AC=UNIMOD:4;TA=C;MT=Fixed	NT=Oxidation;MT=Variable;TA=M;AC=UNIMOD:35	NT=Acetyl;AC=UNIMOD:1;PP=Protein N-term;MT=variable		TMT134C	10 ppm	0.02 Da	1	Alzheimer's disease with dementia	Angular gyrus
PXD037367-Sample-19-TMT135N	Homo sapiens	Global Internal Standard	Global Internal Standard	not applicable	not applicable	not applicable	not applicable	not applicable	Global Internal Standard	not applicable	not applicable	not applicable	not applicable	not applicable	not applicable	not applicable	18 PXD037367-Sample-19	proteomic profiling by mass spectrometry	PXD037601	21323-014.raw	ftp://ftp.pride.ebi.ac.uk/pride/data/archive/2023/07/PXD037367/21323-014.raw	1	AC=MS:1002416;NT=Orbitrap Fusion	NT=Carbamidomethyl;AC=UNIMOD:4;TA=C;MT=Fixed	NT=Oxidation;MT=Variable;TA=M;AC=UNIMOD:35	NT=Acetyl;AC=UNIMOD:1;PP=Protein N-term;MT=variable		TMT135N	10 ppm	0.02 Da	1	Global Internal Standard	Global Internal Standard
PXD037367-Sample-20-TMT126	Homo sapiens	Brain	Angular gyrus	Brodmann area 39	not available	84	not available	Female	Alzheimer's disease frail	adult	not available	not available	45	not available	not available	45	1 PXD037367-Sample-20	proteomic profiling by mass spectrometry	PXD037602	21323-015.raw	ftp://ftp.pride.ebi.ac.uk/pride/data/archive/2023/07/PXD037367/21323-015.raw	2	AC=MS:1002416;NT=Orbitrap Fusion	NT=Carbamidomethyl;AC=UNIMOD:4;TA=C;MT=Fixed	NT=Oxidation;MT=Variable;TA=M;AC=UNIMOD:35	NT=Acetyl;AC=UNIMOD:1;PP=Protein N-term;MT=variable		TMT126	10 ppm	0.02 Da	1	Alzheimer's disease frail	Angular gyrus
PXD037367-Sample-20-TMT127N	Homo sapiens	Brain	Angular gyrus	Brodmann area 39	not available	89	not available	Female	Control	adult	not available	not available	46	not available	not available	46	2 PXD037367-Sample-20	proteomic profiling by mass spectrometry	PXD037603	21323-015.raw	ftp://ftp.pride.ebi.ac.uk/pride/data/archive/2023/07/PXD037367/21323-015.raw	2	AC=MS:1002416;NT=Orbitrap Fusion	NT=Carbamidomethyl;AC=UNIMOD:4;TA=C;MT=Fixed	NT=Oxidation;MT=Variable;TA=M;AC=UNIMOD:35	NT=Acetyl;AC=UNIMOD:1;PP=Protein N-term;MT=variable		TMT127N	10 ppm	0.02 Da	1	Control	Angular gyrus
PXD037367-Sample-20-TMT127C	Homo sapiens	Brain	Angular gyrus	Brodmann area 39	not available	90	not available	Male	Alzheimer's disease with dementia	adult	not available	not available	47	not available	not available	47	3 PXD037367-Sample-20	proteomic profiling by mass spectrometry	PXD037604	21323-015.raw	ftp://ftp.pride.ebi.ac.uk/pride/data/archive/2023/07/PXD037367/21323-015.raw	2	AC=MS:1002416;NT=Orbitrap Fusion	NT=Carbamidomethyl;AC=UNIMOD:4;TA=C;MT=Fixed	NT=Oxidation;MT=Variable;TA=M;AC=UNIMOD:35	NT=Acetyl;AC=UNIMOD:1;PP=Protein N-term;MT=variable		TMT127C	10 ppm	0.02 Da	1	Alzheimer's disease with dementia	Angular gyrus
PXD037367-Sample-20-TMT128N	Homo sapiens	Brain	Angular gyrus	Brodmann area 39	not available	90	not available	Female	Alzheimer's disease resilient	adult	not available	not available	48	not available	not available	48	4 PXD037367-Sample-20	proteomic profiling by mass spectrometry	PXD037605	21323-015.raw	ftp://ftp.pride.ebi.ac.uk/pride/data/archive/2023/07/PXD037367/21323-015.raw	2	AC=MS:1002416;NT=Orbitrap Fusion	NT=Carbamidomethyl;AC=UNIMOD:4;TA=C;MT=Fixed	NT=Oxidation;MT=Variable;TA=M;AC=UNIMOD:35	NT=Acetyl;AC=UNIMOD:1;PP=Protein N-term;MT=variable		TMT128N	10 ppm	0.02 Da	1	Alzheimer's disease resilient	Angular gyrus
PXD037367-Sample-20-TMT128C	Homo sapiens	Brain	Angular gyrus	Brodmann area 39	not available	81	not available	Male	Alzheimer's disease frail	adult	not available	not available	49	not available	not available	49	5 PXD037367-Sample-20	proteomic profiling by mass spectrometry	PXD037606	21323-015.raw	ftp://ftp.pride.ebi.ac.uk/pride/data/archive/2023/07/PXD037367/21323-015.raw	2	AC=MS:1002416;NT=Orbitrap Fusion	NT=Carbamidomethyl;AC=UNIMOD:4;TA=C;MT=Fixed	NT=Oxidation;MT=Variable;TA=M;AC=UNIMOD:35	NT=Acetyl;AC=UNIMOD:1;PP=Protein N-term;MT=variable		TMT128C	10 ppm	0.02 Da	1	Alzheimer's disease frail	Angular gyrus
PXD037367-Sample-20-TMT129N	Homo sapiens	Brain	Angular gyrus	Brodmann area 39	not available	81	not available	Male	Control	adult	not available	not available	50	not available	not available	50	6 PXD037367-Sample-20	proteomic profiling by mass spectrometry	PXD037607	21323-015.raw	ftp://ftp.pride.ebi.ac.uk/pride/data/archive/2023/07/PXD037367/21323-015.raw	2	AC=MS:1002416;NT=Orbitrap Fusion	NT=Carbamidomethyl;AC=UNIMOD:4;TA=C;MT=Fixed	NT=Oxidation;MT=Variable;TA=M;AC=UNIMOD:35	NT=Acetyl;AC=UNIMOD:1;PP=Protein N-term;MT=variable		TMT129N	10 ppm	0.02 Da	1	Control	Angular gyrus
PXD037367-Sample-20-TMT129C	Homo sapiens	Brain	Angular gyrus	Brodmann area 39	not available	100	not available	Female	Alzheimer's disease with dementia	adult	not available	not available	51	not available	not available	51	7 PXD037367-Sample-20	proteomic profiling by mass spectrometry	PXD037608	21323-015.raw	ftp://ftp.pride.ebi.ac.uk/pride/data/archive/2023/07/PXD037367/21323-015.raw	2	AC=MS:1002416;NT=Orbitrap Fusion	NT=Carbamidomethyl;AC=UNIMOD:4;TA=C;MT=Fixed	NT=Oxidation;MT=Variable;TA=M;AC=UNIMOD:35	NT=Acetyl;AC=UNIMOD:1;PP=Protein N-term;MT=variable		TMT129C	10 ppm	0.02 Da	1	Alzheimer's disease with dementia	Angular gyrus
PXD037367-Sample-20-TMT130N	Homo sapiens	Brain	Angular gyrus	Brodmann area 39	not available	86	not available	Female	Alzheimer's disease resilient	adult	not available	not available	52	not available	not available	52	8 PXD037367-Sample-20	proteomic profiling by mass spectrometry	PXD037609	21323-015.raw	ftp://ftp.pride.ebi.ac.uk/pride/data/archive/2023/07/PXD037367/21323-015.raw	2	AC=MS:1002416;NT=Orbitrap Fusion	NT=Carbamidomethyl;AC=UNIMOD:4;TA=C;MT=Fixed	NT=Oxidation;MT=Variable;TA=M;AC=UNIMOD:35	NT=Acetyl;AC=UNIMOD:1;PP=Protein N-term;MT=variable		TMT130N	10 ppm	0.02 Da	1	Alzheimer's disease resilient	Angular gyrus
PXD037367-Sample-20-TMT130C	Homo sapiens	Brain	Angular gyrus	Brodmann area 39	not available	86	not available	Male	Alzheimer's disease frail	adult	not available	not available	53	not available	not available	53	9 PXD037367-Sample-20	proteomic profiling by mass spectrometry	PXD037610	21323-015.raw	ftp://ftp.pride.ebi.ac.uk/pride/data/archive/2023/07/PXD037367/21323-015.raw	2	AC=MS:1002416;NT=Orbitrap Fusion	NT=Carbamidomethyl;AC=UNIMOD:4;TA=C;MT=Fixed	NT=Oxidation;MT=Variable;TA=M;AC=UNIMOD:35	NT=Acetyl;AC=UNIMOD:1;PP=Protein N-term;MT=variable		TMT130C	10 ppm	0.02 Da	1	Alzheimer's disease frail	Angular gyrus
PXD037367-Sample-20-TMT131N	Homo sapiens	Brain	Angular gyrus	Brodmann area 39	not available	86	not available	Female	Control	adult	not available	not available	54	not available	not available	54	10 PXD037367-Sample-20	proteomic profiling by mass spectrometry	PXD037611	21323-015.raw	ftp://ftp.pride.ebi.ac.uk/pride/data/archive/2023/07/PXD037367/21323-015.raw	2	AC=MS:1002416;NT=Orbitrap Fusion	NT=Carbamidomethyl;AC=UNIMOD:4;TA=C;MT=Fixed	NT=Oxidation;MT=Variable;TA=M;AC=UNIMOD:35	NT=Acetyl;AC=UNIMOD:1;PP=Protein N-term;MT=variable		TMT131N	10 ppm	0.02 Da	1	Control	Angular gyrus
PXD037367-Sample-20-TMT131C	Homo sapiens	Brain	Angular gyrus	Brodmann area 39	not available	92	not available	Male	Alzheimer's disease with dementia	adult	not available	not available	55	not available	not available	55	11 PXD037367-Sample-20	proteomic profiling by mass spectrometry	PXD037612	21323-015.raw	ftp://ftp.pride.ebi.ac.uk/pride/data/archive/2023/07/PXD037367/21323-015.raw	2	AC=MS:1002416;NT=Orbitrap Fusion	NT=Carbamidomethyl;AC=UNIMOD:4;TA=C;MT=Fixed	NT=Oxidation;MT=Variable;TA=M;AC=UNIMOD:35	NT=Acetyl;AC=UNIMOD:1;PP=Protein N-term;MT=variable		TMT131C	10 ppm	0.02 Da	1	Alzheimer's disease with dementia	Angular gyrus
PXD037367-Sample-20-TMT132N	Homo sapiens	Brain	Angular gyrus	Brodmann area 39	not available	83	not available	Male	Alzheimer's disease resilient	adult	not available	not available	56	not available	not available	56	12 PXD037367-Sample-20	proteomic profiling by mass spectrometry	PXD037613	21323-015.raw	ftp://ftp.pride.ebi.ac.uk/pride/data/archive/2023/07/PXD037367/21323-015.raw	2	AC=MS:1002416;NT=Orbitrap Fusion	NT=Carbamidomethyl;AC=UNIMOD:4;TA=C;MT=Fixed	NT=Oxidation;MT=Variable;TA=M;AC=UNIMOD:35	NT=Acetyl;AC=UNIMOD:1;PP=Protein N-term;MT=variable		TMT132N	10 ppm	0.02 Da	1	Alzheimer's disease resilient	Angular gyrus
PXD037367-Sample-20-TMT132C	Homo sapiens	Brain	Angular gyrus	Brodmann area 39	not available	98	not available	Male	Alzheimer's disease frail	adult	not available	not available	57	not available	not available	57	13 PXD037367-Sample-20	proteomic profiling by mass spectrometry	PXD037614	21323-015.raw	ftp://ftp.pride.ebi.ac.uk/pride/data/archive/2023/07/PXD037367/21323-015.raw	2	AC=MS:1002416;NT=Orbitrap Fusion	NT=Carbamidomethyl;AC=UNIMOD:4;TA=C;MT=Fixed	NT=Oxidation;MT=Variable;TA=M;AC=UNIMOD:35	NT=Acetyl;AC=UNIMOD:1;PP=Protein N-term;MT=variable		TMT132C	10 ppm	0.02 Da	1	Alzheimer's disease frail	Angular gyrus
PXD037367-Sample-20-TMT133N	Homo sapiens	Brain	Angular gyrus	Brodmann area 39	not available	97	not available	Male	Control	adult	not available	not available	58	not available	not available	58	14 PXD037367-Sample-20	proteomic profiling by mass spectrometry	PXD037615	21323-015.raw	ftp://ftp.pride.ebi.ac.uk/pride/data/archive/2023/07/PXD037367/21323-015.raw	2	AC=MS:1002416;NT=Orbitrap Fusion	NT=Carbamidomethyl;AC=UNIMOD:4;TA=C;MT=Fixed	NT=Oxidation;MT=Variable;TA=M;AC=UNIMOD:35	NT=Acetyl;AC=UNIMOD:1;PP=Protein N-term;MT=variable		TMT133N	10 ppm	0.02 Da	1	Control	Angular gyrus
PXD037367-Sample-20-TMT133C	Homo sapiens	Brain	Angular gyrus	Brodmann area 39	not available	90	not available	Female	Alzheimer's disease resilient	adult	not available	not available	59	not available	not available	59	15 PXD037367-Sample-20	proteomic profiling by mass spectrometry	PXD037616	21323-015.raw	ftp://ftp.pride.ebi.ac.uk/pride/data/archive/2023/07/PXD037367/21323-015.raw	2	AC=MS:1002416;NT=Orbitrap Fusion	NT=Carbamidomethyl;AC=UNIMOD:4;TA=C;MT=Fixed	NT=Oxidation;MT=Variable;TA=M;AC=UNIMOD:35	NT=Acetyl;AC=UNIMOD:1;PP=Protein N-term;MT=variable		TMT133C	10 ppm	0.02 Da	1	Alzheimer's disease resilient	Angular gyrus
PXD037367-Sample-20-TMT134N	Homo sapiens	Brain	Angular gyrus	Brodmann area 39	not available	91	not available	Female	Alzheimer's disease frail	adult	not available	not available	60	not available	not available	60	16 PXD037367-Sample-20	proteomic profiling by mass spectrometry	PXD037617	21323-015.raw	ftp://ftp.pride.ebi.ac.uk/pride/data/archive/2023/07/PXD037367/21323-015.raw	2	AC=MS:1002416;NT=Orbitrap Fusion	NT=Carbamidomethyl;AC=UNIMOD:4;TA=C;MT=Fixed	NT=Oxidation;MT=Variable;TA=M;AC=UNIMOD:35	NT=Acetyl;AC=UNIMOD:1;PP=Protein N-term;MT=variable		TMT134N	10 ppm	0.02 Da	1	Alzheimer's disease frail	Angular gyrus
PXD037367-Sample-20-TMT134C	Homo sapiens	Brain	Angular gyrus	Brodmann area 39	not available	89	not available	Female	Alzheimer's disease with dementia	adult	not available	not available	61	not available	not available	61	17 PXD037367-Sample-20	proteomic profiling by mass spectrometry	PXD037618	21323-015.raw	ftp://ftp.pride.ebi.ac.uk/pride/data/archive/2023/07/PXD037367/21323-015.raw	2	AC=MS:1002416;NT=Orbitrap Fusion	NT=Carbamidomethyl;AC=UNIMOD:4;TA=C;MT=Fixed	NT=Oxidation;MT=Variable;TA=M;AC=UNIMOD:35	NT=Acetyl;AC=UNIMOD:1;PP=Protein N-term;MT=variable		TMT134C	10 ppm	0.02 Da	1	Alzheimer's disease with dementia	Angular gyrus
PXD037367-Sample-20-TMT135N	Homo sapiens	Global Internal Standard	Global Internal Standard	not applicable	not applicable	not applicable	not applicable	not applicable	Global Internal Standard	not applicable	not applicable	not applicable	not applicable	not applicable	not applicable	not applicable	18 PXD037367-Sample-20	proteomic profiling by mass spectrometry	PXD037619	21323-015.raw	ftp://ftp.pride.ebi.ac.uk/pride/data/archive/2023/07/PXD037367/21323-015.raw	2	AC=MS:1002416;NT=Orbitrap Fusion	NT=Carbamidomethyl;AC=UNIMOD:4;TA=C;MT=Fixed	NT=Oxidation;MT=Variable;TA=M;AC=UNIMOD:35	NT=Acetyl;AC=UNIMOD:1;PP=Protein N-term;MT=variable		TMT135N	10 ppm	0.02 Da	1	Global Internal Standard	Global Internal Standard
PXD037367-Sample-21-TMT126	Homo sapiens	Brain	Angular gyrus	Brodmann area 39	not available	84	not available	Female	Alzheimer's disease frail	adult	not available	not available	45	not available	not available	45	1 PXD037367-Sample-21	proteomic profiling by mass spectrometry	PXD037620	21323-016.raw	ftp://ftp.pride.ebi.ac.uk/pride/data/archive/2023/07/PXD037367/21323-016.raw	3	AC=MS:1002416;NT=Orbitrap Fusion	NT=Carbamidomethyl;AC=UNIMOD:4;TA=C;MT=Fixed	NT=Oxidation;MT=Variable;TA=M;AC=UNIMOD:35	NT=Acetyl;AC=UNIMOD:1;PP=Protein N-term;MT=variable		TMT126	10 ppm	0.02 Da	1	Alzheimer's disease frail	Angular gyrus
PXD037367-Sample-21-TMT127N	Homo sapiens	Brain	Angular gyrus	Brodmann area 39	not available	89	not available	Female	Control	adult	not available	not available	46	not available	not available	46	2 PXD037367-Sample-21	proteomic profiling by mass spectrometry	PXD037621	21323-016.raw	ftp://ftp.pride.ebi.ac.uk/pride/data/archive/2023/07/PXD037367/21323-016.raw	3	AC=MS:1002416;NT=Orbitrap Fusion	NT=Carbamidomethyl;AC=UNIMOD:4;TA=C;MT=Fixed	NT=Oxidation;MT=Variable;TA=M;AC=UNIMOD:35	NT=Acetyl;AC=UNIMOD:1;PP=Protein N-term;MT=variable		TMT127N	10 ppm	0.02 Da	1	Control	Angular gyrus
PXD037367-Sample-21-TMT127C	Homo sapiens	Brain	Angular gyrus	Brodmann area 39	not available	90	not available	Male	Alzheimer's disease with dementia	adult	not available	not available	47	not available	not available	47	3 PXD037367-Sample-21	proteomic profiling by mass spectrometry	PXD037622	21323-016.raw	ftp://ftp.pride.ebi.ac.uk/pride/data/archive/2023/07/PXD037367/21323-016.raw	3	AC=MS:1002416;NT=Orbitrap Fusion	NT=Carbamidomethyl;AC=UNIMOD:4;TA=C;MT=Fixed	NT=Oxidation;MT=Variable;TA=M;AC=UNIMOD:35	NT=Acetyl;AC=UNIMOD:1;PP=Protein N-term;MT=variable		TMT127C	10 ppm	0.02 Da	1	Alzheimer's disease with dementia	Angular gyrus
PXD037367-Sample-21-TMT128N	Homo sapiens	Brain	Angular gyrus	Brodmann area 39	not available	90	not available	Female	Alzheimer's disease resilient	adult	not available	not available	48	not available	not available	48	4 PXD037367-Sample-21	proteomic profiling by mass spectrometry	PXD037623	21323-016.raw	ftp://ftp.pride.ebi.ac.uk/pride/data/archive/2023/07/PXD037367/21323-016.raw	3	AC=MS:1002416;NT=Orbitrap Fusion	NT=Carbamidomethyl;AC=UNIMOD:4;TA=C;MT=Fixed	NT=Oxidation;MT=Variable;TA=M;AC=UNIMOD:35	NT=Acetyl;AC=UNIMOD:1;PP=Protein N-term;MT=variable		TMT128N	10 ppm	0.02 Da	1	Alzheimer's disease resilient	Angular gyrus
PXD037367-Sample-21-TMT128C	Homo sapiens	Brain	Angular gyrus	Brodmann area 39	not available	81	not available	Male	Alzheimer's disease frail	adult	not available	not available	49	not available	not available	49	5 PXD037367-Sample-21	proteomic profiling by mass spectrometry	PXD037624	21323-016.raw	ftp://ftp.pride.ebi.ac.uk/pride/data/archive/2023/07/PXD037367/21323-016.raw	3	AC=MS:1002416;NT=Orbitrap Fusion	NT=Carbamidomethyl;AC=UNIMOD:4;TA=C;MT=Fixed	NT=Oxidation;MT=Variable;TA=M;AC=UNIMOD:35	NT=Acetyl;AC=UNIMOD:1;PP=Protein N-term;MT=variable		TMT128C	10 ppm	0.02 Da	1	Alzheimer's disease frail	Angular gyrus
PXD037367-Sample-21-TMT129N	Homo sapiens	Brain	Angular gyrus	Brodmann area 39	not available	81	not available	Male	Control	adult	not available	not available	50	not available	not available	50	6 PXD037367-Sample-21	proteomic profiling by mass spectrometry	PXD037625	21323-016.raw	ftp://ftp.pride.ebi.ac.uk/pride/data/archive/2023/07/PXD037367/21323-016.raw	3	AC=MS:1002416;NT=Orbitrap Fusion	NT=Carbamidomethyl;AC=UNIMOD:4;TA=C;MT=Fixed	NT=Oxidation;MT=Variable;TA=M;AC=UNIMOD:35	NT=Acetyl;AC=UNIMOD:1;PP=Protein N-term;MT=variable		TMT129N	10 ppm	0.02 Da	1	Control	Angular gyrus
PXD037367-Sample-21-TMT129C	Homo sapiens	Brain	Angular gyrus	Brodmann area 39	not available	100	not available	Female	Alzheimer's disease with dementia	adult	not available	not available	51	not available	not available	51	7 PXD037367-Sample-21	proteomic profiling by mass spectrometry	PXD037626	21323-016.raw	ftp://ftp.pride.ebi.ac.uk/pride/data/archive/2023/07/PXD037367/21323-016.raw	3	AC=MS:1002416;NT=Orbitrap Fusion	NT=Carbamidomethyl;AC=UNIMOD:4;TA=C;MT=Fixed	NT=Oxidation;MT=Variable;TA=M;AC=UNIMOD:35	NT=Acetyl;AC=UNIMOD:1;PP=Protein N-term;MT=variable		TMT129C	10 ppm	0.02 Da	1	Alzheimer's disease with dementia	Angular gyrus
PXD037367-Sample-21-TMT130N	Homo sapiens	Brain	Angular gyrus	Brodmann area 39	not available	86	not available	Female	Alzheimer's disease resilient	adult	not available	not available	52	not available	not available	52	8 PXD037367-Sample-21	proteomic profiling by mass spectrometry	PXD037627	21323-016.raw	ftp://ftp.pride.ebi.ac.uk/pride/data/archive/2023/07/PXD037367/21323-016.raw	3	AC=MS:1002416;NT=Orbitrap Fusion	NT=Carbamidomethyl;AC=UNIMOD:4;TA=C;MT=Fixed	NT=Oxidation;MT=Variable;TA=M;AC=UNIMOD:35	NT=Acetyl;AC=UNIMOD:1;PP=Protein N-term;MT=variable		TMT130N	10 ppm	0.02 Da	1	Alzheimer's disease resilient	Angular gyrus
PXD037367-Sample-21-TMT130C	Homo sapiens	Brain	Angular gyrus	Brodmann area 39	not available	86	not available	Male	Alzheimer's disease frail	adult	not available	not available	53	not available	not available	53	9 PXD037367-Sample-21	proteomic profiling by mass spectrometry	PXD037628	21323-016.raw	ftp://ftp.pride.ebi.ac.uk/pride/data/archive/2023/07/PXD037367/21323-016.raw	3	AC=MS:1002416;NT=Orbitrap Fusion	NT=Carbamidomethyl;AC=UNIMOD:4;TA=C;MT=Fixed	NT=Oxidation;MT=Variable;TA=M;AC=UNIMOD:35	NT=Acetyl;AC=UNIMOD:1;PP=Protein N-term;MT=variable		TMT130C	10 ppm	0.02 Da	1	Alzheimer's disease frail	Angular gyrus
PXD037367-Sample-21-TMT131N	Homo sapiens	Brain	Angular gyrus	Brodmann area 39	not available	86	not available	Female	Control	adult	not available	not available	54	not available	not available	54	10 PXD037367-Sample-21	proteomic profiling by mass spectrometry	PXD037629	21323-016.raw	ftp://ftp.pride.ebi.ac.uk/pride/data/archive/2023/07/PXD037367/21323-016.raw	3	AC=MS:1002416;NT=Orbitrap Fusion	NT=Carbamidomethyl;AC=UNIMOD:4;TA=C;MT=Fixed	NT=Oxidation;MT=Variable;TA=M;AC=UNIMOD:35	NT=Acetyl;AC=UNIMOD:1;PP=Protein N-term;MT=variable		TMT131N	10 ppm	0.02 Da	1	Control	Angular gyrus
PXD037367-Sample-21-TMT131C	Homo sapiens	Brain	Angular gyrus	Brodmann area 39	not available	92	not available	Male	Alzheimer's disease with dementia	adult	not available	not available	55	not available	not available	55	11 PXD037367-Sample-21	proteomic profiling by mass spectrometry	PXD037630	21323-016.raw	ftp://ftp.pride.ebi.ac.uk/pride/data/archive/2023/07/PXD037367/21323-016.raw	3	AC=MS:1002416;NT=Orbitrap Fusion	NT=Carbamidomethyl;AC=UNIMOD:4;TA=C;MT=Fixed	NT=Oxidation;MT=Variable;TA=M;AC=UNIMOD:35	NT=Acetyl;AC=UNIMOD:1;PP=Protein N-term;MT=variable		TMT131C	10 ppm	0.02 Da	1	Alzheimer's disease with dementia	Angular gyrus
PXD037367-Sample-21-TMT132N	Homo sapiens	Brain	Angular gyrus	Brodmann area 39	not available	83	not available	Male	Alzheimer's disease resilient	adult	not available	not available	56	not available	not available	56	12 PXD037367-Sample-21	proteomic profiling by mass spectrometry	PXD037631	21323-016.raw	ftp://ftp.pride.ebi.ac.uk/pride/data/archive/2023/07/PXD037367/21323-016.raw	3	AC=MS:1002416;NT=Orbitrap Fusion	NT=Carbamidomethyl;AC=UNIMOD:4;TA=C;MT=Fixed	NT=Oxidation;MT=Variable;TA=M;AC=UNIMOD:35	NT=Acetyl;AC=UNIMOD:1;PP=Protein N-term;MT=variable		TMT132N	10 ppm	0.02 Da	1	Alzheimer's disease resilient	Angular gyrus
PXD037367-Sample-21-TMT132C	Homo sapiens	Brain	Angular gyrus	Brodmann area 39	not available	98	not available	Male	Alzheimer's disease frail	adult	not available	not available	57	not available	not available	57	13 PXD037367-Sample-21	proteomic profiling by mass spectrometry	PXD037632	21323-016.raw	ftp://ftp.pride.ebi.ac.uk/pride/data/archive/2023/07/PXD037367/21323-016.raw	3	AC=MS:1002416;NT=Orbitrap Fusion	NT=Carbamidomethyl;AC=UNIMOD:4;TA=C;MT=Fixed	NT=Oxidation;MT=Variable;TA=M;AC=UNIMOD:35	NT=Acetyl;AC=UNIMOD:1;PP=Protein N-term;MT=variable		TMT132C	10 ppm	0.02 Da	1	Alzheimer's disease frail	Angular gyrus
PXD037367-Sample-21-TMT133N	Homo sapiens	Brain	Angular gyrus	Brodmann area 39	not available	97	not available	Male	Control	adult	not available	not available	58	not available	not available	58	14 PXD037367-Sample-21	proteomic profiling by mass spectrometry	PXD037633	21323-016.raw	ftp://ftp.pride.ebi.ac.uk/pride/data/archive/2023/07/PXD037367/21323-016.raw	3	AC=MS:1002416;NT=Orbitrap Fusion	NT=Carbamidomethyl;AC=UNIMOD:4;TA=C;MT=Fixed	NT=Oxidation;MT=Variable;TA=M;AC=UNIMOD:35	NT=Acetyl;AC=UNIMOD:1;PP=Protein N-term;MT=variable		TMT133N	10 ppm	0.02 Da	1	Control	Angular gyrus
PXD037367-Sample-21-TMT133C	Homo sapiens	Brain	Angular gyrus	Brodmann area 39	not available	90	not available	Female	Alzheimer's disease resilient	adult	not available	not available	59	not available	not available	59	15 PXD037367-Sample-21	proteomic profiling by mass spectrometry	PXD037634	21323-016.raw	ftp://ftp.pride.ebi.ac.uk/pride/data/archive/2023/07/PXD037367/21323-016.raw	3	AC=MS:1002416;NT=Orbitrap Fusion	NT=Carbamidomethyl;AC=UNIMOD:4;TA=C;MT=Fixed	NT=Oxidation;MT=Variable;TA=M;AC=UNIMOD:35	NT=Acetyl;AC=UNIMOD:1;PP=Protein N-term;MT=variable		TMT133C	10 ppm	0.02 Da	1	Alzheimer's disease resilient	Angular gyrus
PXD037367-Sample-21-TMT134N	Homo sapiens	Brain	Angular gyrus	Brodmann area 39	not available	91	not available	Female	Alzheimer's disease frail	adult	not available	not available	60	not available	not available	60	16 PXD037367-Sample-21	proteomic profiling by mass spectrometry	PXD037635	21323-016.raw	ftp://ftp.pride.ebi.ac.uk/pride/data/archive/2023/07/PXD037367/21323-016.raw	3	AC=MS:1002416;NT=Orbitrap Fusion	NT=Carbamidomethyl;AC=UNIMOD:4;TA=C;MT=Fixed	NT=Oxidation;MT=Variable;TA=M;AC=UNIMOD:35	NT=Acetyl;AC=UNIMOD:1;PP=Protein N-term;MT=variable		TMT134N	10 ppm	0.02 Da	1	Alzheimer's disease frail	Angular gyrus
PXD037367-Sample-21-TMT134C	Homo sapiens	Brain	Angular gyrus	Brodmann area 39	not available	89	not available	Female	Alzheimer's disease with dementia	adult	not available	not available	61	not available	not available	61	17 PXD037367-Sample-21	proteomic profiling by mass spectrometry	PXD037636	21323-016.raw	ftp://ftp.pride.ebi.ac.uk/pride/data/archive/2023/07/PXD037367/21323-016.raw	3	AC=MS:1002416;NT=Orbitrap Fusion	NT=Carbamidomethyl;AC=UNIMOD:4;TA=C;MT=Fixed	NT=Oxidation;MT=Variable;TA=M;AC=UNIMOD:35	NT=Acetyl;AC=UNIMOD:1;PP=Protein N-term;MT=variable		TMT134C	10 ppm	0.02 Da	1	Alzheimer's disease with dementia	Angular gyrus
PXD037367-Sample-21-TMT135N	Homo sapiens	Global Internal Standard	Global Internal Standard	not applicable	not applicable	not applicable	not applicable	not applicable	Global Internal Standard	not applicable	not applicable	not applicable	not applicable	not applicable	not applicable	not applicable	18 PXD037367-Sample-21	proteomic profiling by mass spectrometry	PXD037637	21323-016.raw	ftp://ftp.pride.ebi.ac.uk/pride/data/archive/2023/07/PXD037367/21323-016.raw	3	AC=MS:1002416;NT=Orbitrap Fusion	NT=Carbamidomethyl;AC=UNIMOD:4;TA=C;MT=Fixed	NT=Oxidation;MT=Variable;TA=M;AC=UNIMOD:35	NT=Acetyl;AC=UNIMOD:1;PP=Protein N-term;MT=variable		TMT135N	10 ppm	0.02 Da	1	Global Internal Standard	Global Internal Standard
PXD037367-Sample-22-TMT126	Homo sapiens	Brain	Angular gyrus	Brodmann area 39	not available	84	not available	Female	Alzheimer's disease frail	adult	not available	not available	45	not available	not available	45	1 PXD037367-Sample-22	proteomic profiling by mass spectrometry	PXD037638	21323-017.raw	ftp://ftp.pride.ebi.ac.uk/pride/data/archive/2023/07/PXD037367/21323-017.raw	4	AC=MS:1002416;NT=Orbitrap Fusion	NT=Carbamidomethyl;AC=UNIMOD:4;TA=C;MT=Fixed	NT=Oxidation;MT=Variable;TA=M;AC=UNIMOD:35	NT=Acetyl;AC=UNIMOD:1;PP=Protein N-term;MT=variable		TMT126	10 ppm	0.02 Da	1	Alzheimer's disease frail	Angular gyrus
PXD037367-Sample-22-TMT127N	Homo sapiens	Brain	Angular gyrus	Brodmann area 39	not available	89	not available	Female	Control	adult	not available	not available	46	not available	not available	46	2 PXD037367-Sample-22	proteomic profiling by mass spectrometry	PXD037639	21323-017.raw	ftp://ftp.pride.ebi.ac.uk/pride/data/archive/2023/07/PXD037367/21323-017.raw	4	AC=MS:1002416;NT=Orbitrap Fusion	NT=Carbamidomethyl;AC=UNIMOD:4;TA=C;MT=Fixed	NT=Oxidation;MT=Variable;TA=M;AC=UNIMOD:35	NT=Acetyl;AC=UNIMOD:1;PP=Protein N-term;MT=variable		TMT127N	10 ppm	0.02 Da	1	Control	Angular gyrus
PXD037367-Sample-22-TMT127C	Homo sapiens	Brain	Angular gyrus	Brodmann area 39	not available	90	not available	Male	Alzheimer's disease with dementia	adult	not available	not available	47	not available	not available	47	3 PXD037367-Sample-22	proteomic profiling by mass spectrometry	PXD037640	21323-017.raw	ftp://ftp.pride.ebi.ac.uk/pride/data/archive/2023/07/PXD037367/21323-017.raw	4	AC=MS:1002416;NT=Orbitrap Fusion	NT=Carbamidomethyl;AC=UNIMOD:4;TA=C;MT=Fixed	NT=Oxidation;MT=Variable;TA=M;AC=UNIMOD:35	NT=Acetyl;AC=UNIMOD:1;PP=Protein N-term;MT=variable		TMT127C	10 ppm	0.02 Da	1	Alzheimer's disease with dementia	Angular gyrus
PXD037367-Sample-22-TMT128N	Homo sapiens	Brain	Angular gyrus	Brodmann area 39	not available	90	not available	Female	Alzheimer's disease resilient	adult	not available	not available	48	not available	not available	48	4 PXD037367-Sample-22	proteomic profiling by mass spectrometry	PXD037641	21323-017.raw	ftp://ftp.pride.ebi.ac.uk/pride/data/archive/2023/07/PXD037367/21323-017.raw	4	AC=MS:1002416;NT=Orbitrap Fusion	NT=Carbamidomethyl;AC=UNIMOD:4;TA=C;MT=Fixed	NT=Oxidation;MT=Variable;TA=M;AC=UNIMOD:35	NT=Acetyl;AC=UNIMOD:1;PP=Protein N-term;MT=variable		TMT128N	10 ppm	0.02 Da	1	Alzheimer's disease resilient	Angular gyrus
PXD037367-Sample-22-TMT128C	Homo sapiens	Brain	Angular gyrus	Brodmann area 39	not available	81	not available	Male	Alzheimer's disease frail	adult	not available	not available	49	not available	not available	49	5 PXD037367-Sample-22	proteomic profiling by mass spectrometry	PXD037642	21323-017.raw	ftp://ftp.pride.ebi.ac.uk/pride/data/archive/2023/07/PXD037367/21323-017.raw	4	AC=MS:1002416;NT=Orbitrap Fusion	NT=Carbamidomethyl;AC=UNIMOD:4;TA=C;MT=Fixed	NT=Oxidation;MT=Variable;TA=M;AC=UNIMOD:35	NT=Acetyl;AC=UNIMOD:1;PP=Protein N-term;MT=variable		TMT128C	10 ppm	0.02 Da	1	Alzheimer's disease frail	Angular gyrus
PXD037367-Sample-22-TMT129N	Homo sapiens	Brain	Angular gyrus	Brodmann area 39	not available	81	not available	Male	Control	adult	not available	not available	50	not available	not available	50	6 PXD037367-Sample-22	proteomic profiling by mass spectrometry	PXD037643	21323-017.raw	ftp://ftp.pride.ebi.ac.uk/pride/data/archive/2023/07/PXD037367/21323-017.raw	4	AC=MS:1002416;NT=Orbitrap Fusion	NT=Carbamidomethyl;AC=UNIMOD:4;TA=C;MT=Fixed	NT=Oxidation;MT=Variable;TA=M;AC=UNIMOD:35	NT=Acetyl;AC=UNIMOD:1;PP=Protein N-term;MT=variable		TMT129N	10 ppm	0.02 Da	1	Control	Angular gyrus
PXD037367-Sample-22-TMT129C	Homo sapiens	Brain	Angular gyrus	Brodmann area 39	not available	100	not available	Female	Alzheimer's disease with dementia	adult	not available	not available	51	not available	not available	51	7 PXD037367-Sample-22	proteomic profiling by mass spectrometry	PXD037644	21323-017.raw	ftp://ftp.pride.ebi.ac.uk/pride/data/archive/2023/07/PXD037367/21323-017.raw	4	AC=MS:1002416;NT=Orbitrap Fusion	NT=Carbamidomethyl;AC=UNIMOD:4;TA=C;MT=Fixed	NT=Oxidation;MT=Variable;TA=M;AC=UNIMOD:35	NT=Acetyl;AC=UNIMOD:1;PP=Protein N-term;MT=variable		TMT129C	10 ppm	0.02 Da	1	Alzheimer's disease with dementia	Angular gyrus
PXD037367-Sample-22-TMT130N	Homo sapiens	Brain	Angular gyrus	Brodmann area 39	not available	86	not available	Female	Alzheimer's disease resilient	adult	not available	not available	52	not available	not available	52	8 PXD037367-Sample-22	proteomic profiling by mass spectrometry	PXD037645	21323-017.raw	ftp://ftp.pride.ebi.ac.uk/pride/data/archive/2023/07/PXD037367/21323-017.raw	4	AC=MS:1002416;NT=Orbitrap Fusion	NT=Carbamidomethyl;AC=UNIMOD:4;TA=C;MT=Fixed	NT=Oxidation;MT=Variable;TA=M;AC=UNIMOD:35	NT=Acetyl;AC=UNIMOD:1;PP=Protein N-term;MT=variable		TMT130N	10 ppm	0.02 Da	1	Alzheimer's disease resilient	Angular gyrus
PXD037367-Sample-22-TMT130C	Homo sapiens	Brain	Angular gyrus	Brodmann area 39	not available	86	not available	Male	Alzheimer's disease frail	adult	not available	not available	53	not available	not available	53	9 PXD037367-Sample-22	proteomic profiling by mass spectrometry	PXD037646	21323-017.raw	ftp://ftp.pride.ebi.ac.uk/pride/data/archive/2023/07/PXD037367/21323-017.raw	4	AC=MS:1002416;NT=Orbitrap Fusion	NT=Carbamidomethyl;AC=UNIMOD:4;TA=C;MT=Fixed	NT=Oxidation;MT=Variable;TA=M;AC=UNIMOD:35	NT=Acetyl;AC=UNIMOD:1;PP=Protein N-term;MT=variable		TMT130C	10 ppm	0.02 Da	1	Alzheimer's disease frail	Angular gyrus
PXD037367-Sample-22-TMT131N	Homo sapiens	Brain	Angular gyrus	Brodmann area 39	not available	86	not available	Female	Control	adult	not available	not available	54	not available	not available	54	10 PXD037367-Sample-22	proteomic profiling by mass spectrometry	PXD037647	21323-017.raw	ftp://ftp.pride.ebi.ac.uk/pride/data/archive/2023/07/PXD037367/21323-017.raw	4	AC=MS:1002416;NT=Orbitrap Fusion	NT=Carbamidomethyl;AC=UNIMOD:4;TA=C;MT=Fixed	NT=Oxidation;MT=Variable;TA=M;AC=UNIMOD:35	NT=Acetyl;AC=UNIMOD:1;PP=Protein N-term;MT=variable		TMT131N	10 ppm	0.02 Da	1	Control	Angular gyrus
PXD037367-Sample-22-TMT131C	Homo sapiens	Brain	Angular gyrus	Brodmann area 39	not available	92	not available	Male	Alzheimer's disease with dementia	adult	not available	not available	55	not available	not available	55	11 PXD037367-Sample-22	proteomic profiling by mass spectrometry	PXD037648	21323-017.raw	ftp://ftp.pride.ebi.ac.uk/pride/data/archive/2023/07/PXD037367/21323-017.raw	4	AC=MS:1002416;NT=Orbitrap Fusion	NT=Carbamidomethyl;AC=UNIMOD:4;TA=C;MT=Fixed	NT=Oxidation;MT=Variable;TA=M;AC=UNIMOD:35	NT=Acetyl;AC=UNIMOD:1;PP=Protein N-term;MT=variable		TMT131C	10 ppm	0.02 Da	1	Alzheimer's disease with dementia	Angular gyrus
PXD037367-Sample-22-TMT132N	Homo sapiens	Brain	Angular gyrus	Brodmann area 39	not available	83	not available	Male	Alzheimer's disease resilient	adult	not available	not available	56	not available	not available	56	12 PXD037367-Sample-22	proteomic profiling by mass spectrometry	PXD037649	21323-017.raw	ftp://ftp.pride.ebi.ac.uk/pride/data/archive/2023/07/PXD037367/21323-017.raw	4	AC=MS:1002416;NT=Orbitrap Fusion	NT=Carbamidomethyl;AC=UNIMOD:4;TA=C;MT=Fixed	NT=Oxidation;MT=Variable;TA=M;AC=UNIMOD:35	NT=Acetyl;AC=UNIMOD:1;PP=Protein N-term;MT=variable		TMT132N	10 ppm	0.02 Da	1	Alzheimer's disease resilient	Angular gyrus
PXD037367-Sample-22-TMT132C	Homo sapiens	Brain	Angular gyrus	Brodmann area 39	not available	98	not available	Male	Alzheimer's disease frail	adult	not available	not available	57	not available	not available	57	13 PXD037367-Sample-22	proteomic profiling by mass spectrometry	PXD037650	21323-017.raw	ftp://ftp.pride.ebi.ac.uk/pride/data/archive/2023/07/PXD037367/21323-017.raw	4	AC=MS:1002416;NT=Orbitrap Fusion	NT=Carbamidomethyl;AC=UNIMOD:4;TA=C;MT=Fixed	NT=Oxidation;MT=Variable;TA=M;AC=UNIMOD:35	NT=Acetyl;AC=UNIMOD:1;PP=Protein N-term;MT=variable		TMT132C	10 ppm	0.02 Da	1	Alzheimer's disease frail	Angular gyrus
PXD037367-Sample-22-TMT133N	Homo sapiens	Brain	Angular gyrus	Brodmann area 39	not available	97	not available	Male	Control	adult	not available	not available	58	not available	not available	58	14 PXD037367-Sample-22	proteomic profiling by mass spectrometry	PXD037651	21323-017.raw	ftp://ftp.pride.ebi.ac.uk/pride/data/archive/2023/07/PXD037367/21323-017.raw	4	AC=MS:1002416;NT=Orbitrap Fusion	NT=Carbamidomethyl;AC=UNIMOD:4;TA=C;MT=Fixed	NT=Oxidation;MT=Variable;TA=M;AC=UNIMOD:35	NT=Acetyl;AC=UNIMOD:1;PP=Protein N-term;MT=variable		TMT133N	10 ppm	0.02 Da	1	Control	Angular gyrus
PXD037367-Sample-22-TMT133C	Homo sapiens	Brain	Angular gyrus	Brodmann area 39	not available	90	not available	Female	Alzheimer's disease resilient	adult	not available	not available	59	not available	not available	59	15 PXD037367-Sample-22	proteomic profiling by mass spectrometry	PXD037652	21323-017.raw	ftp://ftp.pride.ebi.ac.uk/pride/data/archive/2023/07/PXD037367/21323-017.raw	4	AC=MS:1002416;NT=Orbitrap Fusion	NT=Carbamidomethyl;AC=UNIMOD:4;TA=C;MT=Fixed	NT=Oxidation;MT=Variable;TA=M;AC=UNIMOD:35	NT=Acetyl;AC=UNIMOD:1;PP=Protein N-term;MT=variable		TMT133C	10 ppm	0.02 Da	1	Alzheimer's disease resilient	Angular gyrus
PXD037367-Sample-22-TMT134N	Homo sapiens	Brain	Angular gyrus	Brodmann area 39	not available	91	not available	Female	Alzheimer's disease frail	adult	not available	not available	60	not available	not available	60	16 PXD037367-Sample-22	proteomic profiling by mass spectrometry	PXD037653	21323-017.raw	ftp://ftp.pride.ebi.ac.uk/pride/data/archive/2023/07/PXD037367/21323-017.raw	4	AC=MS:1002416;NT=Orbitrap Fusion	NT=Carbamidomethyl;AC=UNIMOD:4;TA=C;MT=Fixed	NT=Oxidation;MT=Variable;TA=M;AC=UNIMOD:35	NT=Acetyl;AC=UNIMOD:1;PP=Protein N-term;MT=variable		TMT134N	10 ppm	0.02 Da	1	Alzheimer's disease frail	Angular gyrus
PXD037367-Sample-22-TMT134C	Homo sapiens	Brain	Angular gyrus	Brodmann area 39	not available	89	not available	Female	Alzheimer's disease with dementia	adult	not available	not available	61	not available	not available	61	17 PXD037367-Sample-22	proteomic profiling by mass spectrometry	PXD037654	21323-017.raw	ftp://ftp.pride.ebi.ac.uk/pride/data/archive/2023/07/PXD037367/21323-017.raw	4	AC=MS:1002416;NT=Orbitrap Fusion	NT=Carbamidomethyl;AC=UNIMOD:4;TA=C;MT=Fixed	NT=Oxidation;MT=Variable;TA=M;AC=UNIMOD:35	NT=Acetyl;AC=UNIMOD:1;PP=Protein N-term;MT=variable		TMT134C	10 ppm	0.02 Da	1	Alzheimer's disease with dementia	Angular gyrus
PXD037367-Sample-22-TMT135N	Homo sapiens	Global Internal Standard	Global Internal Standard	not applicable	not applicable	not applicable	not applicable	not applicable	Global Internal Standard	not applicable	not applicable	not applicable	not applicable	not applicable	not applicable	not applicable	18 PXD037367-Sample-22	proteomic profiling by mass spectrometry	PXD037655	21323-017.raw	ftp://ftp.pride.ebi.ac.uk/pride/data/archive/2023/07/PXD037367/21323-017.raw	4	AC=MS:1002416;NT=Orbitrap Fusion	NT=Carbamidomethyl;AC=UNIMOD:4;TA=C;MT=Fixed	NT=Oxidation;MT=Variable;TA=M;AC=UNIMOD:35	NT=Acetyl;AC=UNIMOD:1;PP=Protein N-term;MT=variable		TMT135N	10 ppm	0.02 Da	1	Global Internal Standard	Global Internal Standard
PXD037367-Sample-23-TMT126	Homo sapiens	Brain	Angular gyrus	Brodmann area 39	not available	84	not available	Female	Alzheimer's disease frail	adult	not available	not available	45	not available	not available	45	1 PXD037367-Sample-23	proteomic profiling by mass spectrometry	PXD037656	21323-018.raw	ftp://ftp.pride.ebi.ac.uk/pride/data/archive/2023/07/PXD037367/21323-018.raw	5	AC=MS:1002416;NT=Orbitrap Fusion	NT=Carbamidomethyl;AC=UNIMOD:4;TA=C;MT=Fixed	NT=Oxidation;MT=Variable;TA=M;AC=UNIMOD:35	NT=Acetyl;AC=UNIMOD:1;PP=Protein N-term;MT=variable		TMT126	10 ppm	0.02 Da	1	Alzheimer's disease frail	Angular gyrus
PXD037367-Sample-23-TMT127N	Homo sapiens	Brain	Angular gyrus	Brodmann area 39	not available	89	not available	Female	Control	adult	not available	not available	46	not available	not available	46	2 PXD037367-Sample-23	proteomic profiling by mass spectrometry	PXD037657	21323-018.raw	ftp://ftp.pride.ebi.ac.uk/pride/data/archive/2023/07/PXD037367/21323-018.raw	5	AC=MS:1002416;NT=Orbitrap Fusion	NT=Carbamidomethyl;AC=UNIMOD:4;TA=C;MT=Fixed	NT=Oxidation;MT=Variable;TA=M;AC=UNIMOD:35	NT=Acetyl;AC=UNIMOD:1;PP=Protein N-term;MT=variable		TMT127N	10 ppm	0.02 Da	1	Control	Angular gyrus
PXD037367-Sample-23-TMT127C	Homo sapiens	Brain	Angular gyrus	Brodmann area 39	not available	90	not available	Male	Alzheimer's disease with dementia	adult	not available	not available	47	not available	not available	47	3 PXD037367-Sample-23	proteomic profiling by mass spectrometry	PXD037658	21323-018.raw	ftp://ftp.pride.ebi.ac.uk/pride/data/archive/2023/07/PXD037367/21323-018.raw	5	AC=MS:1002416;NT=Orbitrap Fusion	NT=Carbamidomethyl;AC=UNIMOD:4;TA=C;MT=Fixed	NT=Oxidation;MT=Variable;TA=M;AC=UNIMOD:35	NT=Acetyl;AC=UNIMOD:1;PP=Protein N-term;MT=variable		TMT127C	10 ppm	0.02 Da	1	Alzheimer's disease with dementia	Angular gyrus
PXD037367-Sample-23-TMT128N	Homo sapiens	Brain	Angular gyrus	Brodmann area 39	not available	90	not available	Female	Alzheimer's disease resilient	adult	not available	not available	48	not available	not available	48	4 PXD037367-Sample-23	proteomic profiling by mass spectrometry	PXD037659	21323-018.raw	ftp://ftp.pride.ebi.ac.uk/pride/data/archive/2023/07/PXD037367/21323-018.raw	5	AC=MS:1002416;NT=Orbitrap Fusion	NT=Carbamidomethyl;AC=UNIMOD:4;TA=C;MT=Fixed	NT=Oxidation;MT=Variable;TA=M;AC=UNIMOD:35	NT=Acetyl;AC=UNIMOD:1;PP=Protein N-term;MT=variable		TMT128N	10 ppm	0.02 Da	1	Alzheimer's disease resilient	Angular gyrus
PXD037367-Sample-23-TMT128C	Homo sapiens	Brain	Angular gyrus	Brodmann area 39	not available	81	not available	Male	Alzheimer's disease frail	adult	not available	not available	49	not available	not available	49	5 PXD037367-Sample-23	proteomic profiling by mass spectrometry	PXD037660	21323-018.raw	ftp://ftp.pride.ebi.ac.uk/pride/data/archive/2023/07/PXD037367/21323-018.raw	5	AC=MS:1002416;NT=Orbitrap Fusion	NT=Carbamidomethyl;AC=UNIMOD:4;TA=C;MT=Fixed	NT=Oxidation;MT=Variable;TA=M;AC=UNIMOD:35	NT=Acetyl;AC=UNIMOD:1;PP=Protein N-term;MT=variable		TMT128C	10 ppm	0.02 Da	1	Alzheimer's disease frail	Angular gyrus
PXD037367-Sample-23-TMT129N	Homo sapiens	Brain	Angular gyrus	Brodmann area 39	not available	81	not available	Male	Control	adult	not available	not available	50	not available	not available	50	6 PXD037367-Sample-23	proteomic profiling by mass spectrometry	PXD037661	21323-018.raw	ftp://ftp.pride.ebi.ac.uk/pride/data/archive/2023/07/PXD037367/21323-018.raw	5	AC=MS:1002416;NT=Orbitrap Fusion	NT=Carbamidomethyl;AC=UNIMOD:4;TA=C;MT=Fixed	NT=Oxidation;MT=Variable;TA=M;AC=UNIMOD:35	NT=Acetyl;AC=UNIMOD:1;PP=Protein N-term;MT=variable		TMT129N	10 ppm	0.02 Da	1	Control	Angular gyrus
PXD037367-Sample-23-TMT129C	Homo sapiens	Brain	Angular gyrus	Brodmann area 39	not available	100	not available	Female	Alzheimer's disease with dementia	adult	not available	not available	51	not available	not available	51	7 PXD037367-Sample-23	proteomic profiling by mass spectrometry	PXD037662	21323-018.raw	ftp://ftp.pride.ebi.ac.uk/pride/data/archive/2023/07/PXD037367/21323-018.raw	5	AC=MS:1002416;NT=Orbitrap Fusion	NT=Carbamidomethyl;AC=UNIMOD:4;TA=C;MT=Fixed	NT=Oxidation;MT=Variable;TA=M;AC=UNIMOD:35	NT=Acetyl;AC=UNIMOD:1;PP=Protein N-term;MT=variable		TMT129C	10 ppm	0.02 Da	1	Alzheimer's disease with dementia	Angular gyrus
PXD037367-Sample-23-TMT130N	Homo sapiens	Brain	Angular gyrus	Brodmann area 39	not available	86	not available	Female	Alzheimer's disease resilient	adult	not available	not available	52	not available	not available	52	8 PXD037367-Sample-23	proteomic profiling by mass spectrometry	PXD037663	21323-018.raw	ftp://ftp.pride.ebi.ac.uk/pride/data/archive/2023/07/PXD037367/21323-018.raw	5	AC=MS:1002416;NT=Orbitrap Fusion	NT=Carbamidomethyl;AC=UNIMOD:4;TA=C;MT=Fixed	NT=Oxidation;MT=Variable;TA=M;AC=UNIMOD:35	NT=Acetyl;AC=UNIMOD:1;PP=Protein N-term;MT=variable		TMT130N	10 ppm	0.02 Da	1	Alzheimer's disease resilient	Angular gyrus
PXD037367-Sample-23-TMT130C	Homo sapiens	Brain	Angular gyrus	Brodmann area 39	not available	86	not available	Male	Alzheimer's disease frail	adult	not available	not available	53	not available	not available	53	9 PXD037367-Sample-23	proteomic profiling by mass spectrometry	PXD037664	21323-018.raw	ftp://ftp.pride.ebi.ac.uk/pride/data/archive/2023/07/PXD037367/21323-018.raw	5	AC=MS:1002416;NT=Orbitrap Fusion	NT=Carbamidomethyl;AC=UNIMOD:4;TA=C;MT=Fixed	NT=Oxidation;MT=Variable;TA=M;AC=UNIMOD:35	NT=Acetyl;AC=UNIMOD:1;PP=Protein N-term;MT=variable		TMT130C	10 ppm	0.02 Da	1	Alzheimer's disease frail	Angular gyrus
PXD037367-Sample-23-TMT131N	Homo sapiens	Brain	Angular gyrus	Brodmann area 39	not available	86	not available	Female	Control	adult	not available	not available	54	not available	not available	54	10 PXD037367-Sample-23	proteomic profiling by mass spectrometry	PXD037665	21323-018.raw	ftp://ftp.pride.ebi.ac.uk/pride/data/archive/2023/07/PXD037367/21323-018.raw	5	AC=MS:1002416;NT=Orbitrap Fusion	NT=Carbamidomethyl;AC=UNIMOD:4;TA=C;MT=Fixed	NT=Oxidation;MT=Variable;TA=M;AC=UNIMOD:35	NT=Acetyl;AC=UNIMOD:1;PP=Protein N-term;MT=variable		TMT131N	10 ppm	0.02 Da	1	Control	Angular gyrus
PXD037367-Sample-23-TMT131C	Homo sapiens	Brain	Angular gyrus	Brodmann area 39	not available	92	not available	Male	Alzheimer's disease with dementia	adult	not available	not available	55	not available	not available	55	11 PXD037367-Sample-23	proteomic profiling by mass spectrometry	PXD037666	21323-018.raw	ftp://ftp.pride.ebi.ac.uk/pride/data/archive/2023/07/PXD037367/21323-018.raw	5	AC=MS:1002416;NT=Orbitrap Fusion	NT=Carbamidomethyl;AC=UNIMOD:4;TA=C;MT=Fixed	NT=Oxidation;MT=Variable;TA=M;AC=UNIMOD:35	NT=Acetyl;AC=UNIMOD:1;PP=Protein N-term;MT=variable		TMT131C	10 ppm	0.02 Da	1	Alzheimer's disease with dementia	Angular gyrus
PXD037367-Sample-23-TMT132N	Homo sapiens	Brain	Angular gyrus	Brodmann area 39	not available	83	not available	Male	Alzheimer's disease resilient	adult	not available	not available	56	not available	not available	56	12 PXD037367-Sample-23	proteomic profiling by mass spectrometry	PXD037667	21323-018.raw	ftp://ftp.pride.ebi.ac.uk/pride/data/archive/2023/07/PXD037367/21323-018.raw	5	AC=MS:1002416;NT=Orbitrap Fusion	NT=Carbamidomethyl;AC=UNIMOD:4;TA=C;MT=Fixed	NT=Oxidation;MT=Variable;TA=M;AC=UNIMOD:35	NT=Acetyl;AC=UNIMOD:1;PP=Protein N-term;MT=variable		TMT132N	10 ppm	0.02 Da	1	Alzheimer's disease resilient	Angular gyrus
PXD037367-Sample-23-TMT132C	Homo sapiens	Brain	Angular gyrus	Brodmann area 39	not available	98	not available	Male	Alzheimer's disease frail	adult	not available	not available	57	not available	not available	57	13 PXD037367-Sample-23	proteomic profiling by mass spectrometry	PXD037668	21323-018.raw	ftp://ftp.pride.ebi.ac.uk/pride/data/archive/2023/07/PXD037367/21323-018.raw	5	AC=MS:1002416;NT=Orbitrap Fusion	NT=Carbamidomethyl;AC=UNIMOD:4;TA=C;MT=Fixed	NT=Oxidation;MT=Variable;TA=M;AC=UNIMOD:35	NT=Acetyl;AC=UNIMOD:1;PP=Protein N-term;MT=variable		TMT132C	10 ppm	0.02 Da	1	Alzheimer's disease frail	Angular gyrus
PXD037367-Sample-23-TMT133N	Homo sapiens	Brain	Angular gyrus	Brodmann area 39	not available	97	not available	Male	Control	adult	not available	not available	58	not available	not available	58	14 PXD037367-Sample-23	proteomic profiling by mass spectrometry	PXD037669	21323-018.raw	ftp://ftp.pride.ebi.ac.uk/pride/data/archive/2023/07/PXD037367/21323-018.raw	5	AC=MS:1002416;NT=Orbitrap Fusion	NT=Carbamidomethyl;AC=UNIMOD:4;TA=C;MT=Fixed	NT=Oxidation;MT=Variable;TA=M;AC=UNIMOD:35	NT=Acetyl;AC=UNIMOD:1;PP=Protein N-term;MT=variable		TMT133N	10 ppm	0.02 Da	1	Control	Angular gyrus
PXD037367-Sample-23-TMT133C	Homo sapiens	Brain	Angular gyrus	Brodmann area 39	not available	90	not available	Female	Alzheimer's disease resilient	adult	not available	not available	59	not available	not available	59	15 PXD037367-Sample-23	proteomic profiling by mass spectrometry	PXD037670	21323-018.raw	ftp://ftp.pride.ebi.ac.uk/pride/data/archive/2023/07/PXD037367/21323-018.raw	5	AC=MS:1002416;NT=Orbitrap Fusion	NT=Carbamidomethyl;AC=UNIMOD:4;TA=C;MT=Fixed	NT=Oxidation;MT=Variable;TA=M;AC=UNIMOD:35	NT=Acetyl;AC=UNIMOD:1;PP=Protein N-term;MT=variable		TMT133C	10 ppm	0.02 Da	1	Alzheimer's disease resilient	Angular gyrus
PXD037367-Sample-23-TMT134N	Homo sapiens	Brain	Angular gyrus	Brodmann area 39	not available	91	not available	Female	Alzheimer's disease frail	adult	not available	not available	60	not available	not available	60	16 PXD037367-Sample-23	proteomic profiling by mass spectrometry	PXD037671	21323-018.raw	ftp://ftp.pride.ebi.ac.uk/pride/data/archive/2023/07/PXD037367/21323-018.raw	5	AC=MS:1002416;NT=Orbitrap Fusion	NT=Carbamidomethyl;AC=UNIMOD:4;TA=C;MT=Fixed	NT=Oxidation;MT=Variable;TA=M;AC=UNIMOD:35	NT=Acetyl;AC=UNIMOD:1;PP=Protein N-term;MT=variable		TMT134N	10 ppm	0.02 Da	1	Alzheimer's disease frail	Angular gyrus
PXD037367-Sample-23-TMT134C	Homo sapiens	Brain	Angular gyrus	Brodmann area 39	not available	89	not available	Female	Alzheimer's disease with dementia	adult	not available	not available	61	not available	not available	61	17 PXD037367-Sample-23	proteomic profiling by mass spectrometry	PXD037672	21323-018.raw	ftp://ftp.pride.ebi.ac.uk/pride/data/archive/2023/07/PXD037367/21323-018.raw	5	AC=MS:1002416;NT=Orbitrap Fusion	NT=Carbamidomethyl;AC=UNIMOD:4;TA=C;MT=Fixed	NT=Oxidation;MT=Variable;TA=M;AC=UNIMOD:35	NT=Acetyl;AC=UNIMOD:1;PP=Protein N-term;MT=variable		TMT134C	10 ppm	0.02 Da	1	Alzheimer's disease with dementia	Angular gyrus
PXD037367-Sample-23-TMT135N	Homo sapiens	Global Internal Standard	Global Internal Standard	not applicable	not applicable	not applicable	not applicable	not applicable	Global Internal Standard	not applicable	not applicable	not applicable	not applicable	not applicable	not applicable	not applicable	18 PXD037367-Sample-23	proteomic profiling by mass spectrometry	PXD037673	21323-018.raw	ftp://ftp.pride.ebi.ac.uk/pride/data/archive/2023/07/PXD037367/21323-018.raw	5	AC=MS:1002416;NT=Orbitrap Fusion	NT=Carbamidomethyl;AC=UNIMOD:4;TA=C;MT=Fixed	NT=Oxidation;MT=Variable;TA=M;AC=UNIMOD:35	NT=Acetyl;AC=UNIMOD:1;PP=Protein N-term;MT=variable		TMT135N	10 ppm	0.02 Da	1	Global Internal Standard	Global Internal Standard
PXD037367-Sample-24-TMT126	Homo sapiens	Brain	Angular gyrus	Brodmann area 39	not available	84	not available	Female	Alzheimer's disease frail	adult	not available	not available	45	not available	not available	45	1 PXD037367-Sample-24	proteomic profiling by mass spectrometry	PXD037674	21323-019.raw	ftp://ftp.pride.ebi.ac.uk/pride/data/archive/2023/07/PXD037367/21323-019.raw	6	AC=MS:1002416;NT=Orbitrap Fusion	NT=Carbamidomethyl;AC=UNIMOD:4;TA=C;MT=Fixed	NT=Oxidation;MT=Variable;TA=M;AC=UNIMOD:35	NT=Acetyl;AC=UNIMOD:1;PP=Protein N-term;MT=variable		TMT126	10 ppm	0.02 Da	1	Alzheimer's disease frail	Angular gyrus
PXD037367-Sample-24-TMT127N	Homo sapiens	Brain	Angular gyrus	Brodmann area 39	not available	89	not available	Female	Control	adult	not available	not available	46	not available	not available	46	2 PXD037367-Sample-24	proteomic profiling by mass spectrometry	PXD037675	21323-019.raw	ftp://ftp.pride.ebi.ac.uk/pride/data/archive/2023/07/PXD037367/21323-019.raw	6	AC=MS:1002416;NT=Orbitrap Fusion	NT=Carbamidomethyl;AC=UNIMOD:4;TA=C;MT=Fixed	NT=Oxidation;MT=Variable;TA=M;AC=UNIMOD:35	NT=Acetyl;AC=UNIMOD:1;PP=Protein N-term;MT=variable		TMT127N	10 ppm	0.02 Da	1	Control	Angular gyrus
PXD037367-Sample-24-TMT127C	Homo sapiens	Brain	Angular gyrus	Brodmann area 39	not available	90	not available	Male	Alzheimer's disease with dementia	adult	not available	not available	47	not available	not available	47	3 PXD037367-Sample-24	proteomic profiling by mass spectrometry	PXD037676	21323-019.raw	ftp://ftp.pride.ebi.ac.uk/pride/data/archive/2023/07/PXD037367/21323-019.raw	6	AC=MS:1002416;NT=Orbitrap Fusion	NT=Carbamidomethyl;AC=UNIMOD:4;TA=C;MT=Fixed	NT=Oxidation;MT=Variable;TA=M;AC=UNIMOD:35	NT=Acetyl;AC=UNIMOD:1;PP=Protein N-term;MT=variable		TMT127C	10 ppm	0.02 Da	1	Alzheimer's disease with dementia	Angular gyrus
PXD037367-Sample-24-TMT128N	Homo sapiens	Brain	Angular gyrus	Brodmann area 39	not available	90	not available	Female	Alzheimer's disease resilient	adult	not available	not available	48	not available	not available	48	4 PXD037367-Sample-24	proteomic profiling by mass spectrometry	PXD037677	21323-019.raw	ftp://ftp.pride.ebi.ac.uk/pride/data/archive/2023/07/PXD037367/21323-019.raw	6	AC=MS:1002416;NT=Orbitrap Fusion	NT=Carbamidomethyl;AC=UNIMOD:4;TA=C;MT=Fixed	NT=Oxidation;MT=Variable;TA=M;AC=UNIMOD:35	NT=Acetyl;AC=UNIMOD:1;PP=Protein N-term;MT=variable		TMT128N	10 ppm	0.02 Da	1	Alzheimer's disease resilient	Angular gyrus
PXD037367-Sample-24-TMT128C	Homo sapiens	Brain	Angular gyrus	Brodmann area 39	not available	81	not available	Male	Alzheimer's disease frail	adult	not available	not available	49	not available	not available	49	5 PXD037367-Sample-24	proteomic profiling by mass spectrometry	PXD037678	21323-019.raw	ftp://ftp.pride.ebi.ac.uk/pride/data/archive/2023/07/PXD037367/21323-019.raw	6	AC=MS:1002416;NT=Orbitrap Fusion	NT=Carbamidomethyl;AC=UNIMOD:4;TA=C;MT=Fixed	NT=Oxidation;MT=Variable;TA=M;AC=UNIMOD:35	NT=Acetyl;AC=UNIMOD:1;PP=Protein N-term;MT=variable		TMT128C	10 ppm	0.02 Da	1	Alzheimer's disease frail	Angular gyrus
PXD037367-Sample-24-TMT129N	Homo sapiens	Brain	Angular gyrus	Brodmann area 39	not available	81	not available	Male	Control	adult	not available	not available	50	not available	not available	50	6 PXD037367-Sample-24	proteomic profiling by mass spectrometry	PXD037679	21323-019.raw	ftp://ftp.pride.ebi.ac.uk/pride/data/archive/2023/07/PXD037367/21323-019.raw	6	AC=MS:1002416;NT=Orbitrap Fusion	NT=Carbamidomethyl;AC=UNIMOD:4;TA=C;MT=Fixed	NT=Oxidation;MT=Variable;TA=M;AC=UNIMOD:35	NT=Acetyl;AC=UNIMOD:1;PP=Protein N-term;MT=variable		TMT129N	10 ppm	0.02 Da	1	Control	Angular gyrus
PXD037367-Sample-24-TMT129C	Homo sapiens	Brain	Angular gyrus	Brodmann area 39	not available	100	not available	Female	Alzheimer's disease with dementia	adult	not available	not available	51	not available	not available	51	7 PXD037367-Sample-24	proteomic profiling by mass spectrometry	PXD037680	21323-019.raw	ftp://ftp.pride.ebi.ac.uk/pride/data/archive/2023/07/PXD037367/21323-019.raw	6	AC=MS:1002416;NT=Orbitrap Fusion	NT=Carbamidomethyl;AC=UNIMOD:4;TA=C;MT=Fixed	NT=Oxidation;MT=Variable;TA=M;AC=UNIMOD:35	NT=Acetyl;AC=UNIMOD:1;PP=Protein N-term;MT=variable		TMT129C	10 ppm	0.02 Da	1	Alzheimer's disease with dementia	Angular gyrus
PXD037367-Sample-24-TMT130N	Homo sapiens	Brain	Angular gyrus	Brodmann area 39	not available	86	not available	Female	Alzheimer's disease resilient	adult	not available	not available	52	not available	not available	52	8 PXD037367-Sample-24	proteomic profiling by mass spectrometry	PXD037681	21323-019.raw	ftp://ftp.pride.ebi.ac.uk/pride/data/archive/2023/07/PXD037367/21323-019.raw	6	AC=MS:1002416;NT=Orbitrap Fusion	NT=Carbamidomethyl;AC=UNIMOD:4;TA=C;MT=Fixed	NT=Oxidation;MT=Variable;TA=M;AC=UNIMOD:35	NT=Acetyl;AC=UNIMOD:1;PP=Protein N-term;MT=variable		TMT130N	10 ppm	0.02 Da	1	Alzheimer's disease resilient	Angular gyrus
PXD037367-Sample-24-TMT130C	Homo sapiens	Brain	Angular gyrus	Brodmann area 39	not available	86	not available	Male	Alzheimer's disease frail	adult	not available	not available	53	not available	not available	53	9 PXD037367-Sample-24	proteomic profiling by mass spectrometry	PXD037682	21323-019.raw	ftp://ftp.pride.ebi.ac.uk/pride/data/archive/2023/07/PXD037367/21323-019.raw	6	AC=MS:1002416;NT=Orbitrap Fusion	NT=Carbamidomethyl;AC=UNIMOD:4;TA=C;MT=Fixed	NT=Oxidation;MT=Variable;TA=M;AC=UNIMOD:35	NT=Acetyl;AC=UNIMOD:1;PP=Protein N-term;MT=variable		TMT130C	10 ppm	0.02 Da	1	Alzheimer's disease frail	Angular gyrus
PXD037367-Sample-24-TMT131N	Homo sapiens	Brain	Angular gyrus	Brodmann area 39	not available	86	not available	Female	Control	adult	not available	not available	54	not available	not available	54	10 PXD037367-Sample-24	proteomic profiling by mass spectrometry	PXD037683	21323-019.raw	ftp://ftp.pride.ebi.ac.uk/pride/data/archive/2023/07/PXD037367/21323-019.raw	6	AC=MS:1002416;NT=Orbitrap Fusion	NT=Carbamidomethyl;AC=UNIMOD:4;TA=C;MT=Fixed	NT=Oxidation;MT=Variable;TA=M;AC=UNIMOD:35	NT=Acetyl;AC=UNIMOD:1;PP=Protein N-term;MT=variable		TMT131N	10 ppm	0.02 Da	1	Control	Angular gyrus
PXD037367-Sample-24-TMT131C	Homo sapiens	Brain	Angular gyrus	Brodmann area 39	not available	92	not available	Male	Alzheimer's disease with dementia	adult	not available	not available	55	not available	not available	55	11 PXD037367-Sample-24	proteomic profiling by mass spectrometry	PXD037684	21323-019.raw	ftp://ftp.pride.ebi.ac.uk/pride/data/archive/2023/07/PXD037367/21323-019.raw	6	AC=MS:1002416;NT=Orbitrap Fusion	NT=Carbamidomethyl;AC=UNIMOD:4;TA=C;MT=Fixed	NT=Oxidation;MT=Variable;TA=M;AC=UNIMOD:35	NT=Acetyl;AC=UNIMOD:1;PP=Protein N-term;MT=variable		TMT131C	10 ppm	0.02 Da	1	Alzheimer's disease with dementia	Angular gyrus
PXD037367-Sample-24-TMT132N	Homo sapiens	Brain	Angular gyrus	Brodmann area 39	not available	83	not available	Male	Alzheimer's disease resilient	adult	not available	not available	56	not available	not available	56	12 PXD037367-Sample-24	proteomic profiling by mass spectrometry	PXD037685	21323-019.raw	ftp://ftp.pride.ebi.ac.uk/pride/data/archive/2023/07/PXD037367/21323-019.raw	6	AC=MS:1002416;NT=Orbitrap Fusion	NT=Carbamidomethyl;AC=UNIMOD:4;TA=C;MT=Fixed	NT=Oxidation;MT=Variable;TA=M;AC=UNIMOD:35	NT=Acetyl;AC=UNIMOD:1;PP=Protein N-term;MT=variable		TMT132N	10 ppm	0.02 Da	1	Alzheimer's disease resilient	Angular gyrus
PXD037367-Sample-24-TMT132C	Homo sapiens	Brain	Angular gyrus	Brodmann area 39	not available	98	not available	Male	Alzheimer's disease frail	adult	not available	not available	57	not available	not available	57	13 PXD037367-Sample-24	proteomic profiling by mass spectrometry	PXD037686	21323-019.raw	ftp://ftp.pride.ebi.ac.uk/pride/data/archive/2023/07/PXD037367/21323-019.raw	6	AC=MS:1002416;NT=Orbitrap Fusion	NT=Carbamidomethyl;AC=UNIMOD:4;TA=C;MT=Fixed	NT=Oxidation;MT=Variable;TA=M;AC=UNIMOD:35	NT=Acetyl;AC=UNIMOD:1;PP=Protein N-term;MT=variable		TMT132C	10 ppm	0.02 Da	1	Alzheimer's disease frail	Angular gyrus
PXD037367-Sample-24-TMT133N	Homo sapiens	Brain	Angular gyrus	Brodmann area 39	not available	97	not available	Male	Control	adult	not available	not available	58	not available	not available	58	14 PXD037367-Sample-24	proteomic profiling by mass spectrometry	PXD037687	21323-019.raw	ftp://ftp.pride.ebi.ac.uk/pride/data/archive/2023/07/PXD037367/21323-019.raw	6	AC=MS:1002416;NT=Orbitrap Fusion	NT=Carbamidomethyl;AC=UNIMOD:4;TA=C;MT=Fixed	NT=Oxidation;MT=Variable;TA=M;AC=UNIMOD:35	NT=Acetyl;AC=UNIMOD:1;PP=Protein N-term;MT=variable		TMT133N	10 ppm	0.02 Da	1	Control	Angular gyrus
PXD037367-Sample-24-TMT133C	Homo sapiens	Brain	Angular gyrus	Brodmann area 39	not available	90	not available	Female	Alzheimer's disease resilient	adult	not available	not available	59	not available	not available	59	15 PXD037367-Sample-24	proteomic profiling by mass spectrometry	PXD037688	21323-019.raw	ftp://ftp.pride.ebi.ac.uk/pride/data/archive/2023/07/PXD037367/21323-019.raw	6	AC=MS:1002416;NT=Orbitrap Fusion	NT=Carbamidomethyl;AC=UNIMOD:4;TA=C;MT=Fixed	NT=Oxidation;MT=Variable;TA=M;AC=UNIMOD:35	NT=Acetyl;AC=UNIMOD:1;PP=Protein N-term;MT=variable		TMT133C	10 ppm	0.02 Da	1	Alzheimer's disease resilient	Angular gyrus
PXD037367-Sample-24-TMT134N	Homo sapiens	Brain	Angular gyrus	Brodmann area 39	not available	91	not available	Female	Alzheimer's disease frail	adult	not available	not available	60	not available	not available	60	16 PXD037367-Sample-24	proteomic profiling by mass spectrometry	PXD037689	21323-019.raw	ftp://ftp.pride.ebi.ac.uk/pride/data/archive/2023/07/PXD037367/21323-019.raw	6	AC=MS:1002416;NT=Orbitrap Fusion	NT=Carbamidomethyl;AC=UNIMOD:4;TA=C;MT=Fixed	NT=Oxidation;MT=Variable;TA=M;AC=UNIMOD:35	NT=Acetyl;AC=UNIMOD:1;PP=Protein N-term;MT=variable		TMT134N	10 ppm	0.02 Da	1	Alzheimer's disease frail	Angular gyrus
PXD037367-Sample-24-TMT134C	Homo sapiens	Brain	Angular gyrus	Brodmann area 39	not available	89	not available	Female	Alzheimer's disease with dementia	adult	not available	not available	61	not available	not available	61	17 PXD037367-Sample-24	proteomic profiling by mass spectrometry	PXD037690	21323-019.raw	ftp://ftp.pride.ebi.ac.uk/pride/data/archive/2023/07/PXD037367/21323-019.raw	6	AC=MS:1002416;NT=Orbitrap Fusion	NT=Carbamidomethyl;AC=UNIMOD:4;TA=C;MT=Fixed	NT=Oxidation;MT=Variable;TA=M;AC=UNIMOD:35	NT=Acetyl;AC=UNIMOD:1;PP=Protein N-term;MT=variable		TMT134C	10 ppm	0.02 Da	1	Alzheimer's disease with dementia	Angular gyrus
PXD037367-Sample-24-TMT135N	Homo sapiens	Global Internal Standard	Global Internal Standard	not applicable	not applicable	not applicable	not applicable	not applicable	Global Internal Standard	not applicable	not applicable	not applicable	not applicable	not applicable	not applicable	not applicable	18 PXD037367-Sample-24	proteomic profiling by mass spectrometry	PXD037691	21323-019.raw	ftp://ftp.pride.ebi.ac.uk/pride/data/archive/2023/07/PXD037367/21323-019.raw	6	AC=MS:1002416;NT=Orbitrap Fusion	NT=Carbamidomethyl;AC=UNIMOD:4;TA=C;MT=Fixed	NT=Oxidation;MT=Variable;TA=M;AC=UNIMOD:35	NT=Acetyl;AC=UNIMOD:1;PP=Protein N-term;MT=variable		TMT135N	10 ppm	0.02 Da	1	Global Internal Standard	Global Internal Standard
PXD037367-Sample-25-TMT126	Homo sapiens	Brain	Angular gyrus	Brodmann area 39	not available	93	not available	Male	Control	adult	not available	not available	62	not available	not available	62	1 PXD037367-Sample-25	proteomic profiling by mass spectrometry	PXD037692	21323-056.raw	ftp://ftp.pride.ebi.ac.uk/pride/data/archive/2023/07/PXD037367/21323-056.raw	1	AC=MS:1002416;NT=Orbitrap Fusion	NT=Carbamidomethyl;AC=UNIMOD:4;TA=C;MT=Fixed	NT=Oxidation;MT=Variable;TA=M;AC=UNIMOD:35	NT=Acetyl;AC=UNIMOD:1;PP=Protein N-term;MT=variable		TMT126	10 ppm	0.02 Da	1	Control	Angular gyrus
PXD037367-Sample-25-TMT127N	Homo sapiens	Brain	Angular gyrus	Brodmann area 39	not available	87	not available	Female	Alzheimer's disease with dementia	adult	not available	not available	63	not available	not available	63	2 PXD037367-Sample-25	proteomic profiling by mass spectrometry	PXD037693	21323-056.raw	ftp://ftp.pride.ebi.ac.uk/pride/data/archive/2023/07/PXD037367/21323-056.raw	1	AC=MS:1002416;NT=Orbitrap Fusion	NT=Carbamidomethyl;AC=UNIMOD:4;TA=C;MT=Fixed	NT=Oxidation;MT=Variable;TA=M;AC=UNIMOD:35	NT=Acetyl;AC=UNIMOD:1;PP=Protein N-term;MT=variable		TMT127N	10 ppm	0.02 Da	1	Alzheimer's disease with dementia	Angular gyrus
PXD037367-Sample-25-TMT127C	Homo sapiens	Brain	Angular gyrus	Brodmann area 39	not available	89	not available	Female	Alzheimer's disease resilient	adult	not available	not available	64	not available	not available	64	3 PXD037367-Sample-25	proteomic profiling by mass spectrometry	PXD037694	21323-056.raw	ftp://ftp.pride.ebi.ac.uk/pride/data/archive/2023/07/PXD037367/21323-056.raw	1	AC=MS:1002416;NT=Orbitrap Fusion	NT=Carbamidomethyl;AC=UNIMOD:4;TA=C;MT=Fixed	NT=Oxidation;MT=Variable;TA=M;AC=UNIMOD:35	NT=Acetyl;AC=UNIMOD:1;PP=Protein N-term;MT=variable		TMT127C	10 ppm	0.02 Da	1	Alzheimer's disease resilient	Angular gyrus
PXD037367-Sample-25-TMT128N	Homo sapiens	Brain	Angular gyrus	Brodmann area 39	not available	90	not available	Male	Alzheimer's disease frail	adult	not available	not available	65	not available	not available	65	4 PXD037367-Sample-25	proteomic profiling by mass spectrometry	PXD037695	21323-056.raw	ftp://ftp.pride.ebi.ac.uk/pride/data/archive/2023/07/PXD037367/21323-056.raw	1	AC=MS:1002416;NT=Orbitrap Fusion	NT=Carbamidomethyl;AC=UNIMOD:4;TA=C;MT=Fixed	NT=Oxidation;MT=Variable;TA=M;AC=UNIMOD:35	NT=Acetyl;AC=UNIMOD:1;PP=Protein N-term;MT=variable		TMT128N	10 ppm	0.02 Da	1	Alzheimer's disease frail	Angular gyrus
PXD037367-Sample-25-TMT128C	Homo sapiens	Brain	Angular gyrus	Brodmann area 39	not available	98	not available	Female	Control	adult	not available	not available	66	not available	not available	66	5 PXD037367-Sample-25	proteomic profiling by mass spectrometry	PXD037696	21323-056.raw	ftp://ftp.pride.ebi.ac.uk/pride/data/archive/2023/07/PXD037367/21323-056.raw	1	AC=MS:1002416;NT=Orbitrap Fusion	NT=Carbamidomethyl;AC=UNIMOD:4;TA=C;MT=Fixed	NT=Oxidation;MT=Variable;TA=M;AC=UNIMOD:35	NT=Acetyl;AC=UNIMOD:1;PP=Protein N-term;MT=variable		TMT128C	10 ppm	0.02 Da	1	Control	Angular gyrus
PXD037367-Sample-25-TMT129N	Homo sapiens	Brain	Angular gyrus	Brodmann area 39	not available	92	not available	Female	Alzheimer's disease with dementia	adult	not available	not available	67	not available	not available	67	6 PXD037367-Sample-25	proteomic profiling by mass spectrometry	PXD037697	21323-056.raw	ftp://ftp.pride.ebi.ac.uk/pride/data/archive/2023/07/PXD037367/21323-056.raw	1	AC=MS:1002416;NT=Orbitrap Fusion	NT=Carbamidomethyl;AC=UNIMOD:4;TA=C;MT=Fixed	NT=Oxidation;MT=Variable;TA=M;AC=UNIMOD:35	NT=Acetyl;AC=UNIMOD:1;PP=Protein N-term;MT=variable		TMT129N	10 ppm	0.02 Da	1	Alzheimer's disease with dementia	Angular gyrus
PXD037367-Sample-25-TMT129C	Homo sapiens	Brain	Angular gyrus	Brodmann area 39	not available	90	not available	Male	Alzheimer's disease resilient	adult	not available	not available	68	not available	not available	68	7 PXD037367-Sample-25	proteomic profiling by mass spectrometry	PXD037698	21323-056.raw	ftp://ftp.pride.ebi.ac.uk/pride/data/archive/2023/07/PXD037367/21323-056.raw	1	AC=MS:1002416;NT=Orbitrap Fusion	NT=Carbamidomethyl;AC=UNIMOD:4;TA=C;MT=Fixed	NT=Oxidation;MT=Variable;TA=M;AC=UNIMOD:35	NT=Acetyl;AC=UNIMOD:1;PP=Protein N-term;MT=variable		TMT129C	10 ppm	0.02 Da	1	Alzheimer's disease resilient	Angular gyrus
PXD037367-Sample-25-TMT130N	Homo sapiens	Brain	Angular gyrus	Brodmann area 39	not available	91	not available	Male	Alzheimer's disease frail	adult	not available	not available	69	not available	not available	69	8 PXD037367-Sample-25	proteomic profiling by mass spectrometry	PXD037699	21323-056.raw	ftp://ftp.pride.ebi.ac.uk/pride/data/archive/2023/07/PXD037367/21323-056.raw	1	AC=MS:1002416;NT=Orbitrap Fusion	NT=Carbamidomethyl;AC=UNIMOD:4;TA=C;MT=Fixed	NT=Oxidation;MT=Variable;TA=M;AC=UNIMOD:35	NT=Acetyl;AC=UNIMOD:1;PP=Protein N-term;MT=variable		TMT130N	10 ppm	0.02 Da	1	Alzheimer's disease frail	Angular gyrus
PXD037367-Sample-25-TMT130C	Homo sapiens	Brain	Angular gyrus	Brodmann area 39	not available	97	not available	Female	Control	adult	not available	not available	70	not available	not available	70	9 PXD037367-Sample-25	proteomic profiling by mass spectrometry	PXD037700	21323-056.raw	ftp://ftp.pride.ebi.ac.uk/pride/data/archive/2023/07/PXD037367/21323-056.raw	1	AC=MS:1002416;NT=Orbitrap Fusion	NT=Carbamidomethyl;AC=UNIMOD:4;TA=C;MT=Fixed	NT=Oxidation;MT=Variable;TA=M;AC=UNIMOD:35	NT=Acetyl;AC=UNIMOD:1;PP=Protein N-term;MT=variable		TMT130C	10 ppm	0.02 Da	1	Control	Angular gyrus
PXD037367-Sample-25-TMT131N	Homo sapiens	Brain	Angular gyrus	Brodmann area 39	not available	96	not available	Male	Alzheimer's disease with dementia	adult	not available	not available	71	not available	not available	71	10 PXD037367-Sample-25	proteomic profiling by mass spectrometry	PXD037701	21323-056.raw	ftp://ftp.pride.ebi.ac.uk/pride/data/archive/2023/07/PXD037367/21323-056.raw	1	AC=MS:1002416;NT=Orbitrap Fusion	NT=Carbamidomethyl;AC=UNIMOD:4;TA=C;MT=Fixed	NT=Oxidation;MT=Variable;TA=M;AC=UNIMOD:35	NT=Acetyl;AC=UNIMOD:1;PP=Protein N-term;MT=variable		TMT131N	10 ppm	0.02 Da	1	Alzheimer's disease with dementia	Angular gyrus
PXD037367-Sample-25-TMT131C	Homo sapiens	Brain	Angular gyrus	Brodmann area 39	not available	97	not available	Female	Alzheimer's disease resilient	adult	not available	not available	72	not available	not available	72	11 PXD037367-Sample-25	proteomic profiling by mass spectrometry	PXD037702	21323-056.raw	ftp://ftp.pride.ebi.ac.uk/pride/data/archive/2023/07/PXD037367/21323-056.raw	1	AC=MS:1002416;NT=Orbitrap Fusion	NT=Carbamidomethyl;AC=UNIMOD:4;TA=C;MT=Fixed	NT=Oxidation;MT=Variable;TA=M;AC=UNIMOD:35	NT=Acetyl;AC=UNIMOD:1;PP=Protein N-term;MT=variable		TMT131C	10 ppm	0.02 Da	1	Alzheimer's disease resilient	Angular gyrus
PXD037367-Sample-25-TMT132N	Homo sapiens	Brain	Angular gyrus	Brodmann area 39	not available	77	not available	Female	Alzheimer's disease frail	adult	not available	not available	73	not available	not available	73	12 PXD037367-Sample-25	proteomic profiling by mass spectrometry	PXD037703	21323-056.raw	ftp://ftp.pride.ebi.ac.uk/pride/data/archive/2023/07/PXD037367/21323-056.raw	1	AC=MS:1002416;NT=Orbitrap Fusion	NT=Carbamidomethyl;AC=UNIMOD:4;TA=C;MT=Fixed	NT=Oxidation;MT=Variable;TA=M;AC=UNIMOD:35	NT=Acetyl;AC=UNIMOD:1;PP=Protein N-term;MT=variable		TMT132N	10 ppm	0.02 Da	1	Alzheimer's disease frail	Angular gyrus
PXD037367-Sample-25-TMT132C	Homo sapiens	Brain	Angular gyrus	Brodmann area 39	not available	89	not available	Female	Control	adult	not available	not available	74	not available	not available	74	13 PXD037367-Sample-25	proteomic profiling by mass spectrometry	PXD037704	21323-056.raw	ftp://ftp.pride.ebi.ac.uk/pride/data/archive/2023/07/PXD037367/21323-056.raw	1	AC=MS:1002416;NT=Orbitrap Fusion	NT=Carbamidomethyl;AC=UNIMOD:4;TA=C;MT=Fixed	NT=Oxidation;MT=Variable;TA=M;AC=UNIMOD:35	NT=Acetyl;AC=UNIMOD:1;PP=Protein N-term;MT=variable		TMT132C	10 ppm	0.02 Da	1	Control	Angular gyrus
PXD037367-Sample-25-TMT133N	Homo sapiens	Brain	Angular gyrus	Brodmann area 39	not available	86	not available	Female	Alzheimer's disease with dementia	adult	not available	not available	75	not available	not available	75	14 PXD037367-Sample-25	proteomic profiling by mass spectrometry	PXD037705	21323-056.raw	ftp://ftp.pride.ebi.ac.uk/pride/data/archive/2023/07/PXD037367/21323-056.raw	1	AC=MS:1002416;NT=Orbitrap Fusion	NT=Carbamidomethyl;AC=UNIMOD:4;TA=C;MT=Fixed	NT=Oxidation;MT=Variable;TA=M;AC=UNIMOD:35	NT=Acetyl;AC=UNIMOD:1;PP=Protein N-term;MT=variable		TMT133N	10 ppm	0.02 Da	1	Alzheimer's disease with dementia	Angular gyrus
PXD037367-Sample-25-TMT133C	Homo sapiens	Brain	Angular gyrus	Brodmann area 39	not available	100	not available	Female	Alzheimer's disease with dementia	adult	not available	not available	76	not available	not available	76	15 PXD037367-Sample-25	proteomic profiling by mass spectrometry	PXD037706	21323-056.raw	ftp://ftp.pride.ebi.ac.uk/pride/data/archive/2023/07/PXD037367/21323-056.raw	1	AC=MS:1002416;NT=Orbitrap Fusion	NT=Carbamidomethyl;AC=UNIMOD:4;TA=C;MT=Fixed	NT=Oxidation;MT=Variable;TA=M;AC=UNIMOD:35	NT=Acetyl;AC=UNIMOD:1;PP=Protein N-term;MT=variable		TMT133C	10 ppm	0.02 Da	1	Alzheimer's disease with dementia	Angular gyrus
PXD037367-Sample-25-TMT134N	Homo sapiens	Brain	Angular gyrus	Brodmann area 39	not available	87	not available	Male	Alzheimer's disease resilient	adult	not available	not available	77	not available	not available	77	16 PXD037367-Sample-25	proteomic profiling by mass spectrometry	PXD037707	21323-056.raw	ftp://ftp.pride.ebi.ac.uk/pride/data/archive/2023/07/PXD037367/21323-056.raw	1	AC=MS:1002416;NT=Orbitrap Fusion	NT=Carbamidomethyl;AC=UNIMOD:4;TA=C;MT=Fixed	NT=Oxidation;MT=Variable;TA=M;AC=UNIMOD:35	NT=Acetyl;AC=UNIMOD:1;PP=Protein N-term;MT=variable		TMT134N	10 ppm	0.02 Da	1	Alzheimer's disease resilient	Angular gyrus
PXD037367-Sample-25-TMT134C	Homo sapiens	Brain	Angular gyrus	Brodmann area 39	not available	95	not available	Male	Alzheimer's disease frail	adult	not available	not available	78	not available	not available	78	17 PXD037367-Sample-25	proteomic profiling by mass spectrometry	PXD037708	21323-056.raw	ftp://ftp.pride.ebi.ac.uk/pride/data/archive/2023/07/PXD037367/21323-056.raw	1	AC=MS:1002416;NT=Orbitrap Fusion	NT=Carbamidomethyl;AC=UNIMOD:4;TA=C;MT=Fixed	NT=Oxidation;MT=Variable;TA=M;AC=UNIMOD:35	NT=Acetyl;AC=UNIMOD:1;PP=Protein N-term;MT=variable		TMT134C	10 ppm	0.02 Da	1	Alzheimer's disease frail	Angular gyrus
PXD037367-Sample-25-TMT135N	Homo sapiens	Global Internal Standard	Global Internal Standard	not applicable	not applicable	not applicable	not applicable	not applicable	Global Internal Standard	not applicable	not applicable	not applicable	not applicable	not applicable	not applicable	not applicable	18 PXD037367-Sample-25	proteomic profiling by mass spectrometry	PXD037709	21323-056.raw	ftp://ftp.pride.ebi.ac.uk/pride/data/archive/2023/07/PXD037367/21323-056.raw	1	AC=MS:1002416;NT=Orbitrap Fusion	NT=Carbamidomethyl;AC=UNIMOD:4;TA=C;MT=Fixed	NT=Oxidation;MT=Variable;TA=M;AC=UNIMOD:35	NT=Acetyl;AC=UNIMOD:1;PP=Protein N-term;MT=variable		TMT135N	10 ppm	0.02 Da	1	Global Internal Standard	Global Internal Standard
PXD037367-Sample-26-TMT126	Homo sapiens	Brain	Angular gyrus	Brodmann area 39	not available	93	not available	Male	Control	adult	not available	not available	62	not available	not available	62	1 PXD037367-Sample-26	proteomic profiling by mass spectrometry	PXD037710	21323-057.raw	ftp://ftp.pride.ebi.ac.uk/pride/data/archive/2023/07/PXD037367/21323-057.raw	2	AC=MS:1002416;NT=Orbitrap Fusion	NT=Carbamidomethyl;AC=UNIMOD:4;TA=C;MT=Fixed	NT=Oxidation;MT=Variable;TA=M;AC=UNIMOD:35	NT=Acetyl;AC=UNIMOD:1;PP=Protein N-term;MT=variable		TMT126	10 ppm	0.02 Da	1	Control	Angular gyrus
PXD037367-Sample-26-TMT127N	Homo sapiens	Brain	Angular gyrus	Brodmann area 39	not available	87	not available	Female	Alzheimer's disease with dementia	adult	not available	not available	63	not available	not available	63	2 PXD037367-Sample-26	proteomic profiling by mass spectrometry	PXD037711	21323-057.raw	ftp://ftp.pride.ebi.ac.uk/pride/data/archive/2023/07/PXD037367/21323-057.raw	2	AC=MS:1002416;NT=Orbitrap Fusion	NT=Carbamidomethyl;AC=UNIMOD:4;TA=C;MT=Fixed	NT=Oxidation;MT=Variable;TA=M;AC=UNIMOD:35	NT=Acetyl;AC=UNIMOD:1;PP=Protein N-term;MT=variable		TMT127N	10 ppm	0.02 Da	1	Alzheimer's disease with dementia	Angular gyrus
PXD037367-Sample-26-TMT127C	Homo sapiens	Brain	Angular gyrus	Brodmann area 39	not available	89	not available	Female	Alzheimer's disease resilient	adult	not available	not available	64	not available	not available	64	3 PXD037367-Sample-26	proteomic profiling by mass spectrometry	PXD037712	21323-057.raw	ftp://ftp.pride.ebi.ac.uk/pride/data/archive/2023/07/PXD037367/21323-057.raw	2	AC=MS:1002416;NT=Orbitrap Fusion	NT=Carbamidomethyl;AC=UNIMOD:4;TA=C;MT=Fixed	NT=Oxidation;MT=Variable;TA=M;AC=UNIMOD:35	NT=Acetyl;AC=UNIMOD:1;PP=Protein N-term;MT=variable		TMT127C	10 ppm	0.02 Da	1	Alzheimer's disease resilient	Angular gyrus
PXD037367-Sample-26-TMT128N	Homo sapiens	Brain	Angular gyrus	Brodmann area 39	not available	90	not available	Male	Alzheimer's disease frail	adult	not available	not available	65	not available	not available	65	4 PXD037367-Sample-26	proteomic profiling by mass spectrometry	PXD037713	21323-057.raw	ftp://ftp.pride.ebi.ac.uk/pride/data/archive/2023/07/PXD037367/21323-057.raw	2	AC=MS:1002416;NT=Orbitrap Fusion	NT=Carbamidomethyl;AC=UNIMOD:4;TA=C;MT=Fixed	NT=Oxidation;MT=Variable;TA=M;AC=UNIMOD:35	NT=Acetyl;AC=UNIMOD:1;PP=Protein N-term;MT=variable		TMT128N	10 ppm	0.02 Da	1	Alzheimer's disease frail	Angular gyrus
PXD037367-Sample-26-TMT128C	Homo sapiens	Brain	Angular gyrus	Brodmann area 39	not available	98	not available	Female	Control	adult	not available	not available	66	not available	not available	66	5 PXD037367-Sample-26	proteomic profiling by mass spectrometry	PXD037714	21323-057.raw	ftp://ftp.pride.ebi.ac.uk/pride/data/archive/2023/07/PXD037367/21323-057.raw	2	AC=MS:1002416;NT=Orbitrap Fusion	NT=Carbamidomethyl;AC=UNIMOD:4;TA=C;MT=Fixed	NT=Oxidation;MT=Variable;TA=M;AC=UNIMOD:35	NT=Acetyl;AC=UNIMOD:1;PP=Protein N-term;MT=variable		TMT128C	10 ppm	0.02 Da	1	Control	Angular gyrus
PXD037367-Sample-26-TMT129N	Homo sapiens	Brain	Angular gyrus	Brodmann area 39	not available	92	not available	Female	Alzheimer's disease with dementia	adult	not available	not available	67	not available	not available	67	6 PXD037367-Sample-26	proteomic profiling by mass spectrometry	PXD037715	21323-057.raw	ftp://ftp.pride.ebi.ac.uk/pride/data/archive/2023/07/PXD037367/21323-057.raw	2	AC=MS:1002416;NT=Orbitrap Fusion	NT=Carbamidomethyl;AC=UNIMOD:4;TA=C;MT=Fixed	NT=Oxidation;MT=Variable;TA=M;AC=UNIMOD:35	NT=Acetyl;AC=UNIMOD:1;PP=Protein N-term;MT=variable		TMT129N	10 ppm	0.02 Da	1	Alzheimer's disease with dementia	Angular gyrus
PXD037367-Sample-26-TMT129C	Homo sapiens	Brain	Angular gyrus	Brodmann area 39	not available	90	not available	Male	Alzheimer's disease resilient	adult	not available	not available	68	not available	not available	68	7 PXD037367-Sample-26	proteomic profiling by mass spectrometry	PXD037716	21323-057.raw	ftp://ftp.pride.ebi.ac.uk/pride/data/archive/2023/07/PXD037367/21323-057.raw	2	AC=MS:1002416;NT=Orbitrap Fusion	NT=Carbamidomethyl;AC=UNIMOD:4;TA=C;MT=Fixed	NT=Oxidation;MT=Variable;TA=M;AC=UNIMOD:35	NT=Acetyl;AC=UNIMOD:1;PP=Protein N-term;MT=variable		TMT129C	10 ppm	0.02 Da	1	Alzheimer's disease resilient	Angular gyrus
PXD037367-Sample-26-TMT130N	Homo sapiens	Brain	Angular gyrus	Brodmann area 39	not available	91	not available	Male	Alzheimer's disease frail	adult	not available	not available	69	not available	not available	69	8 PXD037367-Sample-26	proteomic profiling by mass spectrometry	PXD037717	21323-057.raw	ftp://ftp.pride.ebi.ac.uk/pride/data/archive/2023/07/PXD037367/21323-057.raw	2	AC=MS:1002416;NT=Orbitrap Fusion	NT=Carbamidomethyl;AC=UNIMOD:4;TA=C;MT=Fixed	NT=Oxidation;MT=Variable;TA=M;AC=UNIMOD:35	NT=Acetyl;AC=UNIMOD:1;PP=Protein N-term;MT=variable		TMT130N	10 ppm	0.02 Da	1	Alzheimer's disease frail	Angular gyrus
PXD037367-Sample-26-TMT130C	Homo sapiens	Brain	Angular gyrus	Brodmann area 39	not available	97	not available	Female	Control	adult	not available	not available	70	not available	not available	70	9 PXD037367-Sample-26	proteomic profiling by mass spectrometry	PXD037718	21323-057.raw	ftp://ftp.pride.ebi.ac.uk/pride/data/archive/2023/07/PXD037367/21323-057.raw	2	AC=MS:1002416;NT=Orbitrap Fusion	NT=Carbamidomethyl;AC=UNIMOD:4;TA=C;MT=Fixed	NT=Oxidation;MT=Variable;TA=M;AC=UNIMOD:35	NT=Acetyl;AC=UNIMOD:1;PP=Protein N-term;MT=variable		TMT130C	10 ppm	0.02 Da	1	Control	Angular gyrus
PXD037367-Sample-26-TMT131N	Homo sapiens	Brain	Angular gyrus	Brodmann area 39	not available	96	not available	Male	Alzheimer's disease with dementia	adult	not available	not available	71	not available	not available	71	10 PXD037367-Sample-26	proteomic profiling by mass spectrometry	PXD037719	21323-057.raw	ftp://ftp.pride.ebi.ac.uk/pride/data/archive/2023/07/PXD037367/21323-057.raw	2	AC=MS:1002416;NT=Orbitrap Fusion	NT=Carbamidomethyl;AC=UNIMOD:4;TA=C;MT=Fixed	NT=Oxidation;MT=Variable;TA=M;AC=UNIMOD:35	NT=Acetyl;AC=UNIMOD:1;PP=Protein N-term;MT=variable		TMT131N	10 ppm	0.02 Da	1	Alzheimer's disease with dementia	Angular gyrus
PXD037367-Sample-26-TMT131C	Homo sapiens	Brain	Angular gyrus	Brodmann area 39	not available	97	not available	Female	Alzheimer's disease resilient	adult	not available	not available	72	not available	not available	72	11 PXD037367-Sample-26	proteomic profiling by mass spectrometry	PXD037720	21323-057.raw	ftp://ftp.pride.ebi.ac.uk/pride/data/archive/2023/07/PXD037367/21323-057.raw	2	AC=MS:1002416;NT=Orbitrap Fusion	NT=Carbamidomethyl;AC=UNIMOD:4;TA=C;MT=Fixed	NT=Oxidation;MT=Variable;TA=M;AC=UNIMOD:35	NT=Acetyl;AC=UNIMOD:1;PP=Protein N-term;MT=variable		TMT131C	10 ppm	0.02 Da	1	Alzheimer's disease resilient	Angular gyrus
PXD037367-Sample-26-TMT132N	Homo sapiens	Brain	Angular gyrus	Brodmann area 39	not available	77	not available	Female	Alzheimer's disease frail	adult	not available	not available	73	not available	not available	73	12 PXD037367-Sample-26	proteomic profiling by mass spectrometry	PXD037721	21323-057.raw	ftp://ftp.pride.ebi.ac.uk/pride/data/archive/2023/07/PXD037367/21323-057.raw	2	AC=MS:1002416;NT=Orbitrap Fusion	NT=Carbamidomethyl;AC=UNIMOD:4;TA=C;MT=Fixed	NT=Oxidation;MT=Variable;TA=M;AC=UNIMOD:35	NT=Acetyl;AC=UNIMOD:1;PP=Protein N-term;MT=variable		TMT132N	10 ppm	0.02 Da	1	Alzheimer's disease frail	Angular gyrus
PXD037367-Sample-26-TMT132C	Homo sapiens	Brain	Angular gyrus	Brodmann area 39	not available	89	not available	Female	Control	adult	not available	not available	74	not available	not available	74	13 PXD037367-Sample-26	proteomic profiling by mass spectrometry	PXD037722	21323-057.raw	ftp://ftp.pride.ebi.ac.uk/pride/data/archive/2023/07/PXD037367/21323-057.raw	2	AC=MS:1002416;NT=Orbitrap Fusion	NT=Carbamidomethyl;AC=UNIMOD:4;TA=C;MT=Fixed	NT=Oxidation;MT=Variable;TA=M;AC=UNIMOD:35	NT=Acetyl;AC=UNIMOD:1;PP=Protein N-term;MT=variable		TMT132C	10 ppm	0.02 Da	1	Control	Angular gyrus
PXD037367-Sample-26-TMT133N	Homo sapiens	Brain	Angular gyrus	Brodmann area 39	not available	86	not available	Female	Alzheimer's disease with dementia	adult	not available	not available	75	not available	not available	75	14 PXD037367-Sample-26	proteomic profiling by mass spectrometry	PXD037723	21323-057.raw	ftp://ftp.pride.ebi.ac.uk/pride/data/archive/2023/07/PXD037367/21323-057.raw	2	AC=MS:1002416;NT=Orbitrap Fusion	NT=Carbamidomethyl;AC=UNIMOD:4;TA=C;MT=Fixed	NT=Oxidation;MT=Variable;TA=M;AC=UNIMOD:35	NT=Acetyl;AC=UNIMOD:1;PP=Protein N-term;MT=variable		TMT133N	10 ppm	0.02 Da	1	Alzheimer's disease with dementia	Angular gyrus
PXD037367-Sample-26-TMT133C	Homo sapiens	Brain	Angular gyrus	Brodmann area 39	not available	100	not available	Female	Alzheimer's disease with dementia	adult	not available	not available	76	not available	not available	76	15 PXD037367-Sample-26	proteomic profiling by mass spectrometry	PXD037724	21323-057.raw	ftp://ftp.pride.ebi.ac.uk/pride/data/archive/2023/07/PXD037367/21323-057.raw	2	AC=MS:1002416;NT=Orbitrap Fusion	NT=Carbamidomethyl;AC=UNIMOD:4;TA=C;MT=Fixed	NT=Oxidation;MT=Variable;TA=M;AC=UNIMOD:35	NT=Acetyl;AC=UNIMOD:1;PP=Protein N-term;MT=variable		TMT133C	10 ppm	0.02 Da	1	Alzheimer's disease with dementia	Angular gyrus
PXD037367-Sample-26-TMT134N	Homo sapiens	Brain	Angular gyrus	Brodmann area 39	not available	87	not available	Male	Alzheimer's disease resilient	adult	not available	not available	77	not available	not available	77	16 PXD037367-Sample-26	proteomic profiling by mass spectrometry	PXD037725	21323-057.raw	ftp://ftp.pride.ebi.ac.uk/pride/data/archive/2023/07/PXD037367/21323-057.raw	2	AC=MS:1002416;NT=Orbitrap Fusion	NT=Carbamidomethyl;AC=UNIMOD:4;TA=C;MT=Fixed	NT=Oxidation;MT=Variable;TA=M;AC=UNIMOD:35	NT=Acetyl;AC=UNIMOD:1;PP=Protein N-term;MT=variable		TMT134N	10 ppm	0.02 Da	1	Alzheimer's disease resilient	Angular gyrus
PXD037367-Sample-26-TMT134C	Homo sapiens	Brain	Angular gyrus	Brodmann area 39	not available	95	not available	Male	Alzheimer's disease frail	adult	not available	not available	78	not available	not available	78	17 PXD037367-Sample-26	proteomic profiling by mass spectrometry	PXD037726	21323-057.raw	ftp://ftp.pride.ebi.ac.uk/pride/data/archive/2023/07/PXD037367/21323-057.raw	2	AC=MS:1002416;NT=Orbitrap Fusion	NT=Carbamidomethyl;AC=UNIMOD:4;TA=C;MT=Fixed	NT=Oxidation;MT=Variable;TA=M;AC=UNIMOD:35	NT=Acetyl;AC=UNIMOD:1;PP=Protein N-term;MT=variable		TMT134C	10 ppm	0.02 Da	1	Alzheimer's disease frail	Angular gyrus
PXD037367-Sample-26-TMT135N	Homo sapiens	Global Internal Standard	Global Internal Standard	not applicable	not applicable	not applicable	not applicable	not applicable	Global Internal Standard	not applicable	not applicable	not applicable	not applicable	not applicable	not applicable	not applicable	18 PXD037367-Sample-26	proteomic profiling by mass spectrometry	PXD037727	21323-057.raw	ftp://ftp.pride.ebi.ac.uk/pride/data/archive/2023/07/PXD037367/21323-057.raw	2	AC=MS:1002416;NT=Orbitrap Fusion	NT=Carbamidomethyl;AC=UNIMOD:4;TA=C;MT=Fixed	NT=Oxidation;MT=Variable;TA=M;AC=UNIMOD:35	NT=Acetyl;AC=UNIMOD:1;PP=Protein N-term;MT=variable		TMT135N	10 ppm	0.02 Da	1	Global Internal Standard	Global Internal Standard
PXD037367-Sample-27-TMT126	Homo sapiens	Brain	Angular gyrus	Brodmann area 39	not available	93	not available	Male	Control	adult	not available	not available	62	not available	not available	62	1 PXD037367-Sample-27	proteomic profiling by mass spectrometry	PXD037728	21323-058.raw	ftp://ftp.pride.ebi.ac.uk/pride/data/archive/2023/07/PXD037367/21323-058.raw	3	AC=MS:1002416;NT=Orbitrap Fusion	NT=Carbamidomethyl;AC=UNIMOD:4;TA=C;MT=Fixed	NT=Oxidation;MT=Variable;TA=M;AC=UNIMOD:35	NT=Acetyl;AC=UNIMOD:1;PP=Protein N-term;MT=variable		TMT126	10 ppm	0.02 Da	1	Control	Angular gyrus
PXD037367-Sample-27-TMT127N	Homo sapiens	Brain	Angular gyrus	Brodmann area 39	not available	87	not available	Female	Alzheimer's disease with dementia	adult	not available	not available	63	not available	not available	63	2 PXD037367-Sample-27	proteomic profiling by mass spectrometry	PXD037729	21323-058.raw	ftp://ftp.pride.ebi.ac.uk/pride/data/archive/2023/07/PXD037367/21323-058.raw	3	AC=MS:1002416;NT=Orbitrap Fusion	NT=Carbamidomethyl;AC=UNIMOD:4;TA=C;MT=Fixed	NT=Oxidation;MT=Variable;TA=M;AC=UNIMOD:35	NT=Acetyl;AC=UNIMOD:1;PP=Protein N-term;MT=variable		TMT127N	10 ppm	0.02 Da	1	Alzheimer's disease with dementia	Angular gyrus
PXD037367-Sample-27-TMT127C	Homo sapiens	Brain	Angular gyrus	Brodmann area 39	not available	89	not available	Female	Alzheimer's disease resilient	adult	not available	not available	64	not available	not available	64	3 PXD037367-Sample-27	proteomic profiling by mass spectrometry	PXD037730	21323-058.raw	ftp://ftp.pride.ebi.ac.uk/pride/data/archive/2023/07/PXD037367/21323-058.raw	3	AC=MS:1002416;NT=Orbitrap Fusion	NT=Carbamidomethyl;AC=UNIMOD:4;TA=C;MT=Fixed	NT=Oxidation;MT=Variable;TA=M;AC=UNIMOD:35	NT=Acetyl;AC=UNIMOD:1;PP=Protein N-term;MT=variable		TMT127C	10 ppm	0.02 Da	1	Alzheimer's disease resilient	Angular gyrus
PXD037367-Sample-27-TMT128N	Homo sapiens	Brain	Angular gyrus	Brodmann area 39	not available	90	not available	Male	Alzheimer's disease frail	adult	not available	not available	65	not available	not available	65	4 PXD037367-Sample-27	proteomic profiling by mass spectrometry	PXD037731	21323-058.raw	ftp://ftp.pride.ebi.ac.uk/pride/data/archive/2023/07/PXD037367/21323-058.raw	3	AC=MS:1002416;NT=Orbitrap Fusion	NT=Carbamidomethyl;AC=UNIMOD:4;TA=C;MT=Fixed	NT=Oxidation;MT=Variable;TA=M;AC=UNIMOD:35	NT=Acetyl;AC=UNIMOD:1;PP=Protein N-term;MT=variable		TMT128N	10 ppm	0.02 Da	1	Alzheimer's disease frail	Angular gyrus
PXD037367-Sample-27-TMT128C	Homo sapiens	Brain	Angular gyrus	Brodmann area 39	not available	98	not available	Female	Control	adult	not available	not available	66	not available	not available	66	5 PXD037367-Sample-27	proteomic profiling by mass spectrometry	PXD037732	21323-058.raw	ftp://ftp.pride.ebi.ac.uk/pride/data/archive/2023/07/PXD037367/21323-058.raw	3	AC=MS:1002416;NT=Orbitrap Fusion	NT=Carbamidomethyl;AC=UNIMOD:4;TA=C;MT=Fixed	NT=Oxidation;MT=Variable;TA=M;AC=UNIMOD:35	NT=Acetyl;AC=UNIMOD:1;PP=Protein N-term;MT=variable		TMT128C	10 ppm	0.02 Da	1	Control	Angular gyrus
PXD037367-Sample-27-TMT129N	Homo sapiens	Brain	Angular gyrus	Brodmann area 39	not available	92	not available	Female	Alzheimer's disease with dementia	adult	not available	not available	67	not available	not available	67	6 PXD037367-Sample-27	proteomic profiling by mass spectrometry	PXD037733	21323-058.raw	ftp://ftp.pride.ebi.ac.uk/pride/data/archive/2023/07/PXD037367/21323-058.raw	3	AC=MS:1002416;NT=Orbitrap Fusion	NT=Carbamidomethyl;AC=UNIMOD:4;TA=C;MT=Fixed	NT=Oxidation;MT=Variable;TA=M;AC=UNIMOD:35	NT=Acetyl;AC=UNIMOD:1;PP=Protein N-term;MT=variable		TMT129N	10 ppm	0.02 Da	1	Alzheimer's disease with dementia	Angular gyrus
PXD037367-Sample-27-TMT129C	Homo sapiens	Brain	Angular gyrus	Brodmann area 39	not available	90	not available	Male	Alzheimer's disease resilient	adult	not available	not available	68	not available	not available	68	7 PXD037367-Sample-27	proteomic profiling by mass spectrometry	PXD037734	21323-058.raw	ftp://ftp.pride.ebi.ac.uk/pride/data/archive/2023/07/PXD037367/21323-058.raw	3	AC=MS:1002416;NT=Orbitrap Fusion	NT=Carbamidomethyl;AC=UNIMOD:4;TA=C;MT=Fixed	NT=Oxidation;MT=Variable;TA=M;AC=UNIMOD:35	NT=Acetyl;AC=UNIMOD:1;PP=Protein N-term;MT=variable		TMT129C	10 ppm	0.02 Da	1	Alzheimer's disease resilient	Angular gyrus
PXD037367-Sample-27-TMT130N	Homo sapiens	Brain	Angular gyrus	Brodmann area 39	not available	91	not available	Male	Alzheimer's disease frail	adult	not available	not available	69	not available	not available	69	8 PXD037367-Sample-27	proteomic profiling by mass spectrometry	PXD037735	21323-058.raw	ftp://ftp.pride.ebi.ac.uk/pride/data/archive/2023/07/PXD037367/21323-058.raw	3	AC=MS:1002416;NT=Orbitrap Fusion	NT=Carbamidomethyl;AC=UNIMOD:4;TA=C;MT=Fixed	NT=Oxidation;MT=Variable;TA=M;AC=UNIMOD:35	NT=Acetyl;AC=UNIMOD:1;PP=Protein N-term;MT=variable		TMT130N	10 ppm	0.02 Da	1	Alzheimer's disease frail	Angular gyrus
PXD037367-Sample-27-TMT130C	Homo sapiens	Brain	Angular gyrus	Brodmann area 39	not available	97	not available	Female	Control	adult	not available	not available	70	not available	not available	70	9 PXD037367-Sample-27	proteomic profiling by mass spectrometry	PXD037736	21323-058.raw	ftp://ftp.pride.ebi.ac.uk/pride/data/archive/2023/07/PXD037367/21323-058.raw	3	AC=MS:1002416;NT=Orbitrap Fusion	NT=Carbamidomethyl;AC=UNIMOD:4;TA=C;MT=Fixed	NT=Oxidation;MT=Variable;TA=M;AC=UNIMOD:35	NT=Acetyl;AC=UNIMOD:1;PP=Protein N-term;MT=variable		TMT130C	10 ppm	0.02 Da	1	Control	Angular gyrus
PXD037367-Sample-27-TMT131N	Homo sapiens	Brain	Angular gyrus	Brodmann area 39	not available	96	not available	Male	Alzheimer's disease with dementia	adult	not available	not available	71	not available	not available	71	10 PXD037367-Sample-27	proteomic profiling by mass spectrometry	PXD037737	21323-058.raw	ftp://ftp.pride.ebi.ac.uk/pride/data/archive/2023/07/PXD037367/21323-058.raw	3	AC=MS:1002416;NT=Orbitrap Fusion	NT=Carbamidomethyl;AC=UNIMOD:4;TA=C;MT=Fixed	NT=Oxidation;MT=Variable;TA=M;AC=UNIMOD:35	NT=Acetyl;AC=UNIMOD:1;PP=Protein N-term;MT=variable		TMT131N	10 ppm	0.02 Da	1	Alzheimer's disease with dementia	Angular gyrus
PXD037367-Sample-27-TMT131C	Homo sapiens	Brain	Angular gyrus	Brodmann area 39	not available	97	not available	Female	Alzheimer's disease resilient	adult	not available	not available	72	not available	not available	72	11 PXD037367-Sample-27	proteomic profiling by mass spectrometry	PXD037738	21323-058.raw	ftp://ftp.pride.ebi.ac.uk/pride/data/archive/2023/07/PXD037367/21323-058.raw	3	AC=MS:1002416;NT=Orbitrap Fusion	NT=Carbamidomethyl;AC=UNIMOD:4;TA=C;MT=Fixed	NT=Oxidation;MT=Variable;TA=M;AC=UNIMOD:35	NT=Acetyl;AC=UNIMOD:1;PP=Protein N-term;MT=variable		TMT131C	10 ppm	0.02 Da	1	Alzheimer's disease resilient	Angular gyrus
PXD037367-Sample-27-TMT132N	Homo sapiens	Brain	Angular gyrus	Brodmann area 39	not available	77	not available	Female	Alzheimer's disease frail	adult	not available	not available	73	not available	not available	73	12 PXD037367-Sample-27	proteomic profiling by mass spectrometry	PXD037739	21323-058.raw	ftp://ftp.pride.ebi.ac.uk/pride/data/archive/2023/07/PXD037367/21323-058.raw	3	AC=MS:1002416;NT=Orbitrap Fusion	NT=Carbamidomethyl;AC=UNIMOD:4;TA=C;MT=Fixed	NT=Oxidation;MT=Variable;TA=M;AC=UNIMOD:35	NT=Acetyl;AC=UNIMOD:1;PP=Protein N-term;MT=variable		TMT132N	10 ppm	0.02 Da	1	Alzheimer's disease frail	Angular gyrus
PXD037367-Sample-27-TMT132C	Homo sapiens	Brain	Angular gyrus	Brodmann area 39	not available	89	not available	Female	Control	adult	not available	not available	74	not available	not available	74	13 PXD037367-Sample-27	proteomic profiling by mass spectrometry	PXD037740	21323-058.raw	ftp://ftp.pride.ebi.ac.uk/pride/data/archive/2023/07/PXD037367/21323-058.raw	3	AC=MS:1002416;NT=Orbitrap Fusion	NT=Carbamidomethyl;AC=UNIMOD:4;TA=C;MT=Fixed	NT=Oxidation;MT=Variable;TA=M;AC=UNIMOD:35	NT=Acetyl;AC=UNIMOD:1;PP=Protein N-term;MT=variable		TMT132C	10 ppm	0.02 Da	1	Control	Angular gyrus
PXD037367-Sample-27-TMT133N	Homo sapiens	Brain	Angular gyrus	Brodmann area 39	not available	86	not available	Female	Alzheimer's disease with dementia	adult	not available	not available	75	not available	not available	75	14 PXD037367-Sample-27	proteomic profiling by mass spectrometry	PXD037741	21323-058.raw	ftp://ftp.pride.ebi.ac.uk/pride/data/archive/2023/07/PXD037367/21323-058.raw	3	AC=MS:1002416;NT=Orbitrap Fusion	NT=Carbamidomethyl;AC=UNIMOD:4;TA=C;MT=Fixed	NT=Oxidation;MT=Variable;TA=M;AC=UNIMOD:35	NT=Acetyl;AC=UNIMOD:1;PP=Protein N-term;MT=variable		TMT133N	10 ppm	0.02 Da	1	Alzheimer's disease with dementia	Angular gyrus
PXD037367-Sample-27-TMT133C	Homo sapiens	Brain	Angular gyrus	Brodmann area 39	not available	100	not available	Female	Alzheimer's disease with dementia	adult	not available	not available	76	not available	not available	76	15 PXD037367-Sample-27	proteomic profiling by mass spectrometry	PXD037742	21323-058.raw	ftp://ftp.pride.ebi.ac.uk/pride/data/archive/2023/07/PXD037367/21323-058.raw	3	AC=MS:1002416;NT=Orbitrap Fusion	NT=Carbamidomethyl;AC=UNIMOD:4;TA=C;MT=Fixed	NT=Oxidation;MT=Variable;TA=M;AC=UNIMOD:35	NT=Acetyl;AC=UNIMOD:1;PP=Protein N-term;MT=variable		TMT133C	10 ppm	0.02 Da	1	Alzheimer's disease with dementia	Angular gyrus
PXD037367-Sample-27-TMT134N	Homo sapiens	Brain	Angular gyrus	Brodmann area 39	not available	87	not available	Male	Alzheimer's disease resilient	adult	not available	not available	77	not available	not available	77	16 PXD037367-Sample-27	proteomic profiling by mass spectrometry	PXD037743	21323-058.raw	ftp://ftp.pride.ebi.ac.uk/pride/data/archive/2023/07/PXD037367/21323-058.raw	3	AC=MS:1002416;NT=Orbitrap Fusion	NT=Carbamidomethyl;AC=UNIMOD:4;TA=C;MT=Fixed	NT=Oxidation;MT=Variable;TA=M;AC=UNIMOD:35	NT=Acetyl;AC=UNIMOD:1;PP=Protein N-term;MT=variable		TMT134N	10 ppm	0.02 Da	1	Alzheimer's disease resilient	Angular gyrus
PXD037367-Sample-27-TMT134C	Homo sapiens	Brain	Angular gyrus	Brodmann area 39	not available	95	not available	Male	Alzheimer's disease frail	adult	not available	not available	78	not available	not available	78	17 PXD037367-Sample-27	proteomic profiling by mass spectrometry	PXD037744	21323-058.raw	ftp://ftp.pride.ebi.ac.uk/pride/data/archive/2023/07/PXD037367/21323-058.raw	3	AC=MS:1002416;NT=Orbitrap Fusion	NT=Carbamidomethyl;AC=UNIMOD:4;TA=C;MT=Fixed	NT=Oxidation;MT=Variable;TA=M;AC=UNIMOD:35	NT=Acetyl;AC=UNIMOD:1;PP=Protein N-term;MT=variable		TMT134C	10 ppm	0.02 Da	1	Alzheimer's disease frail	Angular gyrus
PXD037367-Sample-27-TMT135N	Homo sapiens	Global Internal Standard	Global Internal Standard	not applicable	not applicable	not applicable	not applicable	not applicable	Global Internal Standard	not applicable	not applicable	not applicable	not applicable	not applicable	not applicable	not applicable	18 PXD037367-Sample-27	proteomic profiling by mass spectrometry	PXD037745	21323-058.raw	ftp://ftp.pride.ebi.ac.uk/pride/data/archive/2023/07/PXD037367/21323-058.raw	3	AC=MS:1002416;NT=Orbitrap Fusion	NT=Carbamidomethyl;AC=UNIMOD:4;TA=C;MT=Fixed	NT=Oxidation;MT=Variable;TA=M;AC=UNIMOD:35	NT=Acetyl;AC=UNIMOD:1;PP=Protein N-term;MT=variable		TMT135N	10 ppm	0.02 Da	1	Global Internal Standard	Global Internal Standard
PXD037367-Sample-28-TMT126	Homo sapiens	Brain	Angular gyrus	Brodmann area 39	not available	93	not available	Male	Control	adult	not available	not available	62	not available	not available	62	1 PXD037367-Sample-28	proteomic profiling by mass spectrometry	PXD037746	21323-059.raw	ftp://ftp.pride.ebi.ac.uk/pride/data/archive/2023/07/PXD037367/21323-059.raw	4	AC=MS:1002416;NT=Orbitrap Fusion	NT=Carbamidomethyl;AC=UNIMOD:4;TA=C;MT=Fixed	NT=Oxidation;MT=Variable;TA=M;AC=UNIMOD:35	NT=Acetyl;AC=UNIMOD:1;PP=Protein N-term;MT=variable		TMT126	10 ppm	0.02 Da	1	Control	Angular gyrus
PXD037367-Sample-28-TMT127N	Homo sapiens	Brain	Angular gyrus	Brodmann area 39	not available	87	not available	Female	Alzheimer's disease with dementia	adult	not available	not available	63	not available	not available	63	2 PXD037367-Sample-28	proteomic profiling by mass spectrometry	PXD037747	21323-059.raw	ftp://ftp.pride.ebi.ac.uk/pride/data/archive/2023/07/PXD037367/21323-059.raw	4	AC=MS:1002416;NT=Orbitrap Fusion	NT=Carbamidomethyl;AC=UNIMOD:4;TA=C;MT=Fixed	NT=Oxidation;MT=Variable;TA=M;AC=UNIMOD:35	NT=Acetyl;AC=UNIMOD:1;PP=Protein N-term;MT=variable		TMT127N	10 ppm	0.02 Da	1	Alzheimer's disease with dementia	Angular gyrus
PXD037367-Sample-28-TMT127C	Homo sapiens	Brain	Angular gyrus	Brodmann area 39	not available	89	not available	Female	Alzheimer's disease resilient	adult	not available	not available	64	not available	not available	64	3 PXD037367-Sample-28	proteomic profiling by mass spectrometry	PXD037748	21323-059.raw	ftp://ftp.pride.ebi.ac.uk/pride/data/archive/2023/07/PXD037367/21323-059.raw	4	AC=MS:1002416;NT=Orbitrap Fusion	NT=Carbamidomethyl;AC=UNIMOD:4;TA=C;MT=Fixed	NT=Oxidation;MT=Variable;TA=M;AC=UNIMOD:35	NT=Acetyl;AC=UNIMOD:1;PP=Protein N-term;MT=variable		TMT127C	10 ppm	0.02 Da	1	Alzheimer's disease resilient	Angular gyrus
PXD037367-Sample-28-TMT128N	Homo sapiens	Brain	Angular gyrus	Brodmann area 39	not available	90	not available	Male	Alzheimer's disease frail	adult	not available	not available	65	not available	not available	65	4 PXD037367-Sample-28	proteomic profiling by mass spectrometry	PXD037749	21323-059.raw	ftp://ftp.pride.ebi.ac.uk/pride/data/archive/2023/07/PXD037367/21323-059.raw	4	AC=MS:1002416;NT=Orbitrap Fusion	NT=Carbamidomethyl;AC=UNIMOD:4;TA=C;MT=Fixed	NT=Oxidation;MT=Variable;TA=M;AC=UNIMOD:35	NT=Acetyl;AC=UNIMOD:1;PP=Protein N-term;MT=variable		TMT128N	10 ppm	0.02 Da	1	Alzheimer's disease frail	Angular gyrus
PXD037367-Sample-28-TMT128C	Homo sapiens	Brain	Angular gyrus	Brodmann area 39	not available	98	not available	Female	Control	adult	not available	not available	66	not available	not available	66	5 PXD037367-Sample-28	proteomic profiling by mass spectrometry	PXD037750	21323-059.raw	ftp://ftp.pride.ebi.ac.uk/pride/data/archive/2023/07/PXD037367/21323-059.raw	4	AC=MS:1002416;NT=Orbitrap Fusion	NT=Carbamidomethyl;AC=UNIMOD:4;TA=C;MT=Fixed	NT=Oxidation;MT=Variable;TA=M;AC=UNIMOD:35	NT=Acetyl;AC=UNIMOD:1;PP=Protein N-term;MT=variable		TMT128C	10 ppm	0.02 Da	1	Control	Angular gyrus
PXD037367-Sample-28-TMT129N	Homo sapiens	Brain	Angular gyrus	Brodmann area 39	not available	92	not available	Female	Alzheimer's disease with dementia	adult	not available	not available	67	not available	not available	67	6 PXD037367-Sample-28	proteomic profiling by mass spectrometry	PXD037751	21323-059.raw	ftp://ftp.pride.ebi.ac.uk/pride/data/archive/2023/07/PXD037367/21323-059.raw	4	AC=MS:1002416;NT=Orbitrap Fusion	NT=Carbamidomethyl;AC=UNIMOD:4;TA=C;MT=Fixed	NT=Oxidation;MT=Variable;TA=M;AC=UNIMOD:35	NT=Acetyl;AC=UNIMOD:1;PP=Protein N-term;MT=variable		TMT129N	10 ppm	0.02 Da	1	Alzheimer's disease with dementia	Angular gyrus
PXD037367-Sample-28-TMT129C	Homo sapiens	Brain	Angular gyrus	Brodmann area 39	not available	90	not available	Male	Alzheimer's disease resilient	adult	not available	not available	68	not available	not available	68	7 PXD037367-Sample-28	proteomic profiling by mass spectrometry	PXD037752	21323-059.raw	ftp://ftp.pride.ebi.ac.uk/pride/data/archive/2023/07/PXD037367/21323-059.raw	4	AC=MS:1002416;NT=Orbitrap Fusion	NT=Carbamidomethyl;AC=UNIMOD:4;TA=C;MT=Fixed	NT=Oxidation;MT=Variable;TA=M;AC=UNIMOD:35	NT=Acetyl;AC=UNIMOD:1;PP=Protein N-term;MT=variable		TMT129C	10 ppm	0.02 Da	1	Alzheimer's disease resilient	Angular gyrus
PXD037367-Sample-28-TMT130N	Homo sapiens	Brain	Angular gyrus	Brodmann area 39	not available	91	not available	Male	Alzheimer's disease frail	adult	not available	not available	69	not available	not available	69	8 PXD037367-Sample-28	proteomic profiling by mass spectrometry	PXD037753	21323-059.raw	ftp://ftp.pride.ebi.ac.uk/pride/data/archive/2023/07/PXD037367/21323-059.raw	4	AC=MS:1002416;NT=Orbitrap Fusion	NT=Carbamidomethyl;AC=UNIMOD:4;TA=C;MT=Fixed	NT=Oxidation;MT=Variable;TA=M;AC=UNIMOD:35	NT=Acetyl;AC=UNIMOD:1;PP=Protein N-term;MT=variable		TMT130N	10 ppm	0.02 Da	1	Alzheimer's disease frail	Angular gyrus
PXD037367-Sample-28-TMT130C	Homo sapiens	Brain	Angular gyrus	Brodmann area 39	not available	97	not available	Female	Control	adult	not available	not available	70	not available	not available	70	9 PXD037367-Sample-28	proteomic profiling by mass spectrometry	PXD037754	21323-059.raw	ftp://ftp.pride.ebi.ac.uk/pride/data/archive/2023/07/PXD037367/21323-059.raw	4	AC=MS:1002416;NT=Orbitrap Fusion	NT=Carbamidomethyl;AC=UNIMOD:4;TA=C;MT=Fixed	NT=Oxidation;MT=Variable;TA=M;AC=UNIMOD:35	NT=Acetyl;AC=UNIMOD:1;PP=Protein N-term;MT=variable		TMT130C	10 ppm	0.02 Da	1	Control	Angular gyrus
PXD037367-Sample-28-TMT131N	Homo sapiens	Brain	Angular gyrus	Brodmann area 39	not available	96	not available	Male	Alzheimer's disease with dementia	adult	not available	not available	71	not available	not available	71	10 PXD037367-Sample-28	proteomic profiling by mass spectrometry	PXD037755	21323-059.raw	ftp://ftp.pride.ebi.ac.uk/pride/data/archive/2023/07/PXD037367/21323-059.raw	4	AC=MS:1002416;NT=Orbitrap Fusion	NT=Carbamidomethyl;AC=UNIMOD:4;TA=C;MT=Fixed	NT=Oxidation;MT=Variable;TA=M;AC=UNIMOD:35	NT=Acetyl;AC=UNIMOD:1;PP=Protein N-term;MT=variable		TMT131N	10 ppm	0.02 Da	1	Alzheimer's disease with dementia	Angular gyrus
PXD037367-Sample-28-TMT131C	Homo sapiens	Brain	Angular gyrus	Brodmann area 39	not available	97	not available	Female	Alzheimer's disease resilient	adult	not available	not available	72	not available	not available	72	11 PXD037367-Sample-28	proteomic profiling by mass spectrometry	PXD037756	21323-059.raw	ftp://ftp.pride.ebi.ac.uk/pride/data/archive/2023/07/PXD037367/21323-059.raw	4	AC=MS:1002416;NT=Orbitrap Fusion	NT=Carbamidomethyl;AC=UNIMOD:4;TA=C;MT=Fixed	NT=Oxidation;MT=Variable;TA=M;AC=UNIMOD:35	NT=Acetyl;AC=UNIMOD:1;PP=Protein N-term;MT=variable		TMT131C	10 ppm	0.02 Da	1	Alzheimer's disease resilient	Angular gyrus
PXD037367-Sample-28-TMT132N	Homo sapiens	Brain	Angular gyrus	Brodmann area 39	not available	77	not available	Female	Alzheimer's disease frail	adult	not available	not available	73	not available	not available	73	12 PXD037367-Sample-28	proteomic profiling by mass spectrometry	PXD037757	21323-059.raw	ftp://ftp.pride.ebi.ac.uk/pride/data/archive/2023/07/PXD037367/21323-059.raw	4	AC=MS:1002416;NT=Orbitrap Fusion	NT=Carbamidomethyl;AC=UNIMOD:4;TA=C;MT=Fixed	NT=Oxidation;MT=Variable;TA=M;AC=UNIMOD:35	NT=Acetyl;AC=UNIMOD:1;PP=Protein N-term;MT=variable		TMT132N	10 ppm	0.02 Da	1	Alzheimer's disease frail	Angular gyrus
PXD037367-Sample-28-TMT132C	Homo sapiens	Brain	Angular gyrus	Brodmann area 39	not available	89	not available	Female	Control	adult	not available	not available	74	not available	not available	74	13 PXD037367-Sample-28	proteomic profiling by mass spectrometry	PXD037758	21323-059.raw	ftp://ftp.pride.ebi.ac.uk/pride/data/archive/2023/07/PXD037367/21323-059.raw	4	AC=MS:1002416;NT=Orbitrap Fusion	NT=Carbamidomethyl;AC=UNIMOD:4;TA=C;MT=Fixed	NT=Oxidation;MT=Variable;TA=M;AC=UNIMOD:35	NT=Acetyl;AC=UNIMOD:1;PP=Protein N-term;MT=variable		TMT132C	10 ppm	0.02 Da	1	Control	Angular gyrus
PXD037367-Sample-28-TMT133N	Homo sapiens	Brain	Angular gyrus	Brodmann area 39	not available	86	not available	Female	Alzheimer's disease with dementia	adult	not available	not available	75	not available	not available	75	14 PXD037367-Sample-28	proteomic profiling by mass spectrometry	PXD037759	21323-059.raw	ftp://ftp.pride.ebi.ac.uk/pride/data/archive/2023/07/PXD037367/21323-059.raw	4	AC=MS:1002416;NT=Orbitrap Fusion	NT=Carbamidomethyl;AC=UNIMOD:4;TA=C;MT=Fixed	NT=Oxidation;MT=Variable;TA=M;AC=UNIMOD:35	NT=Acetyl;AC=UNIMOD:1;PP=Protein N-term;MT=variable		TMT133N	10 ppm	0.02 Da	1	Alzheimer's disease with dementia	Angular gyrus
PXD037367-Sample-28-TMT133C	Homo sapiens	Brain	Angular gyrus	Brodmann area 39	not available	100	not available	Female	Alzheimer's disease with dementia	adult	not available	not available	76	not available	not available	76	15 PXD037367-Sample-28	proteomic profiling by mass spectrometry	PXD037760	21323-059.raw	ftp://ftp.pride.ebi.ac.uk/pride/data/archive/2023/07/PXD037367/21323-059.raw	4	AC=MS:1002416;NT=Orbitrap Fusion	NT=Carbamidomethyl;AC=UNIMOD:4;TA=C;MT=Fixed	NT=Oxidation;MT=Variable;TA=M;AC=UNIMOD:35	NT=Acetyl;AC=UNIMOD:1;PP=Protein N-term;MT=variable		TMT133C	10 ppm	0.02 Da	1	Alzheimer's disease with dementia	Angular gyrus
PXD037367-Sample-28-TMT134N	Homo sapiens	Brain	Angular gyrus	Brodmann area 39	not available	87	not available	Male	Alzheimer's disease resilient	adult	not available	not available	77	not available	not available	77	16 PXD037367-Sample-28	proteomic profiling by mass spectrometry	PXD037761	21323-059.raw	ftp://ftp.pride.ebi.ac.uk/pride/data/archive/2023/07/PXD037367/21323-059.raw	4	AC=MS:1002416;NT=Orbitrap Fusion	NT=Carbamidomethyl;AC=UNIMOD:4;TA=C;MT=Fixed	NT=Oxidation;MT=Variable;TA=M;AC=UNIMOD:35	NT=Acetyl;AC=UNIMOD:1;PP=Protein N-term;MT=variable		TMT134N	10 ppm	0.02 Da	1	Alzheimer's disease resilient	Angular gyrus
PXD037367-Sample-28-TMT134C	Homo sapiens	Brain	Angular gyrus	Brodmann area 39	not available	95	not available	Male	Alzheimer's disease frail	adult	not available	not available	78	not available	not available	78	17 PXD037367-Sample-28	proteomic profiling by mass spectrometry	PXD037762	21323-059.raw	ftp://ftp.pride.ebi.ac.uk/pride/data/archive/2023/07/PXD037367/21323-059.raw	4	AC=MS:1002416;NT=Orbitrap Fusion	NT=Carbamidomethyl;AC=UNIMOD:4;TA=C;MT=Fixed	NT=Oxidation;MT=Variable;TA=M;AC=UNIMOD:35	NT=Acetyl;AC=UNIMOD:1;PP=Protein N-term;MT=variable		TMT134C	10 ppm	0.02 Da	1	Alzheimer's disease frail	Angular gyrus
PXD037367-Sample-28-TMT135N	Homo sapiens	Global Internal Standard	Global Internal Standard	not applicable	not applicable	not applicable	not applicable	not applicable	Global Internal Standard	not applicable	not applicable	not applicable	not applicable	not applicable	not applicable	not applicable	18 PXD037367-Sample-28	proteomic profiling by mass spectrometry	PXD037763	21323-059.raw	ftp://ftp.pride.ebi.ac.uk/pride/data/archive/2023/07/PXD037367/21323-059.raw	4	AC=MS:1002416;NT=Orbitrap Fusion	NT=Carbamidomethyl;AC=UNIMOD:4;TA=C;MT=Fixed	NT=Oxidation;MT=Variable;TA=M;AC=UNIMOD:35	NT=Acetyl;AC=UNIMOD:1;PP=Protein N-term;MT=variable		TMT135N	10 ppm	0.02 Da	1	Global Internal Standard	Global Internal Standard
PXD037367-Sample-29-TMT126	Homo sapiens	Brain	Angular gyrus	Brodmann area 39	not available	93	not available	Male	Control	adult	not available	not available	62	not available	not available	62	1 PXD037367-Sample-29	proteomic profiling by mass spectrometry	PXD037764	21323-060.raw	ftp://ftp.pride.ebi.ac.uk/pride/data/archive/2023/07/PXD037367/21323-060.raw	5	AC=MS:1002416;NT=Orbitrap Fusion	NT=Carbamidomethyl;AC=UNIMOD:4;TA=C;MT=Fixed	NT=Oxidation;MT=Variable;TA=M;AC=UNIMOD:35	NT=Acetyl;AC=UNIMOD:1;PP=Protein N-term;MT=variable		TMT126	10 ppm	0.02 Da	1	Control	Angular gyrus
PXD037367-Sample-29-TMT127N	Homo sapiens	Brain	Angular gyrus	Brodmann area 39	not available	87	not available	Female	Alzheimer's disease with dementia	adult	not available	not available	63	not available	not available	63	2 PXD037367-Sample-29	proteomic profiling by mass spectrometry	PXD037765	21323-060.raw	ftp://ftp.pride.ebi.ac.uk/pride/data/archive/2023/07/PXD037367/21323-060.raw	5	AC=MS:1002416;NT=Orbitrap Fusion	NT=Carbamidomethyl;AC=UNIMOD:4;TA=C;MT=Fixed	NT=Oxidation;MT=Variable;TA=M;AC=UNIMOD:35	NT=Acetyl;AC=UNIMOD:1;PP=Protein N-term;MT=variable		TMT127N	10 ppm	0.02 Da	1	Alzheimer's disease with dementia	Angular gyrus
PXD037367-Sample-29-TMT127C	Homo sapiens	Brain	Angular gyrus	Brodmann area 39	not available	89	not available	Female	Alzheimer's disease resilient	adult	not available	not available	64	not available	not available	64	3 PXD037367-Sample-29	proteomic profiling by mass spectrometry	PXD037766	21323-060.raw	ftp://ftp.pride.ebi.ac.uk/pride/data/archive/2023/07/PXD037367/21323-060.raw	5	AC=MS:1002416;NT=Orbitrap Fusion	NT=Carbamidomethyl;AC=UNIMOD:4;TA=C;MT=Fixed	NT=Oxidation;MT=Variable;TA=M;AC=UNIMOD:35	NT=Acetyl;AC=UNIMOD:1;PP=Protein N-term;MT=variable		TMT127C	10 ppm	0.02 Da	1	Alzheimer's disease resilient	Angular gyrus
PXD037367-Sample-29-TMT128N	Homo sapiens	Brain	Angular gyrus	Brodmann area 39	not available	90	not available	Male	Alzheimer's disease frail	adult	not available	not available	65	not available	not available	65	4 PXD037367-Sample-29	proteomic profiling by mass spectrometry	PXD037767	21323-060.raw	ftp://ftp.pride.ebi.ac.uk/pride/data/archive/2023/07/PXD037367/21323-060.raw	5	AC=MS:1002416;NT=Orbitrap Fusion	NT=Carbamidomethyl;AC=UNIMOD:4;TA=C;MT=Fixed	NT=Oxidation;MT=Variable;TA=M;AC=UNIMOD:35	NT=Acetyl;AC=UNIMOD:1;PP=Protein N-term;MT=variable		TMT128N	10 ppm	0.02 Da	1	Alzheimer's disease frail	Angular gyrus
PXD037367-Sample-29-TMT128C	Homo sapiens	Brain	Angular gyrus	Brodmann area 39	not available	98	not available	Female	Control	adult	not available	not available	66	not available	not available	66	5 PXD037367-Sample-29	proteomic profiling by mass spectrometry	PXD037768	21323-060.raw	ftp://ftp.pride.ebi.ac.uk/pride/data/archive/2023/07/PXD037367/21323-060.raw	5	AC=MS:1002416;NT=Orbitrap Fusion	NT=Carbamidomethyl;AC=UNIMOD:4;TA=C;MT=Fixed	NT=Oxidation;MT=Variable;TA=M;AC=UNIMOD:35	NT=Acetyl;AC=UNIMOD:1;PP=Protein N-term;MT=variable		TMT128C	10 ppm	0.02 Da	1	Control	Angular gyrus
PXD037367-Sample-29-TMT129N	Homo sapiens	Brain	Angular gyrus	Brodmann area 39	not available	92	not available	Female	Alzheimer's disease with dementia	adult	not available	not available	67	not available	not available	67	6 PXD037367-Sample-29	proteomic profiling by mass spectrometry	PXD037769	21323-060.raw	ftp://ftp.pride.ebi.ac.uk/pride/data/archive/2023/07/PXD037367/21323-060.raw	5	AC=MS:1002416;NT=Orbitrap Fusion	NT=Carbamidomethyl;AC=UNIMOD:4;TA=C;MT=Fixed	NT=Oxidation;MT=Variable;TA=M;AC=UNIMOD:35	NT=Acetyl;AC=UNIMOD:1;PP=Protein N-term;MT=variable		TMT129N	10 ppm	0.02 Da	1	Alzheimer's disease with dementia	Angular gyrus
PXD037367-Sample-29-TMT129C	Homo sapiens	Brain	Angular gyrus	Brodmann area 39	not available	90	not available	Male	Alzheimer's disease resilient	adult	not available	not available	68	not available	not available	68	7 PXD037367-Sample-29	proteomic profiling by mass spectrometry	PXD037770	21323-060.raw	ftp://ftp.pride.ebi.ac.uk/pride/data/archive/2023/07/PXD037367/21323-060.raw	5	AC=MS:1002416;NT=Orbitrap Fusion	NT=Carbamidomethyl;AC=UNIMOD:4;TA=C;MT=Fixed	NT=Oxidation;MT=Variable;TA=M;AC=UNIMOD:35	NT=Acetyl;AC=UNIMOD:1;PP=Protein N-term;MT=variable		TMT129C	10 ppm	0.02 Da	1	Alzheimer's disease resilient	Angular gyrus
PXD037367-Sample-29-TMT130N	Homo sapiens	Brain	Angular gyrus	Brodmann area 39	not available	91	not available	Male	Alzheimer's disease frail	adult	not available	not available	69	not available	not available	69	8 PXD037367-Sample-29	proteomic profiling by mass spectrometry	PXD037771	21323-060.raw	ftp://ftp.pride.ebi.ac.uk/pride/data/archive/2023/07/PXD037367/21323-060.raw	5	AC=MS:1002416;NT=Orbitrap Fusion	NT=Carbamidomethyl;AC=UNIMOD:4;TA=C;MT=Fixed	NT=Oxidation;MT=Variable;TA=M;AC=UNIMOD:35	NT=Acetyl;AC=UNIMOD:1;PP=Protein N-term;MT=variable		TMT130N	10 ppm	0.02 Da	1	Alzheimer's disease frail	Angular gyrus
PXD037367-Sample-29-TMT130C	Homo sapiens	Brain	Angular gyrus	Brodmann area 39	not available	97	not available	Female	Control	adult	not available	not available	70	not available	not available	70	9 PXD037367-Sample-29	proteomic profiling by mass spectrometry	PXD037772	21323-060.raw	ftp://ftp.pride.ebi.ac.uk/pride/data/archive/2023/07/PXD037367/21323-060.raw	5	AC=MS:1002416;NT=Orbitrap Fusion	NT=Carbamidomethyl;AC=UNIMOD:4;TA=C;MT=Fixed	NT=Oxidation;MT=Variable;TA=M;AC=UNIMOD:35	NT=Acetyl;AC=UNIMOD:1;PP=Protein N-term;MT=variable		TMT130C	10 ppm	0.02 Da	1	Control	Angular gyrus
PXD037367-Sample-29-TMT131N	Homo sapiens	Brain	Angular gyrus	Brodmann area 39	not available	96	not available	Male	Alzheimer's disease with dementia	adult	not available	not available	71	not available	not available	71	10 PXD037367-Sample-29	proteomic profiling by mass spectrometry	PXD037773	21323-060.raw	ftp://ftp.pride.ebi.ac.uk/pride/data/archive/2023/07/PXD037367/21323-060.raw	5	AC=MS:1002416;NT=Orbitrap Fusion	NT=Carbamidomethyl;AC=UNIMOD:4;TA=C;MT=Fixed	NT=Oxidation;MT=Variable;TA=M;AC=UNIMOD:35	NT=Acetyl;AC=UNIMOD:1;PP=Protein N-term;MT=variable		TMT131N	10 ppm	0.02 Da	1	Alzheimer's disease with dementia	Angular gyrus
PXD037367-Sample-29-TMT131C	Homo sapiens	Brain	Angular gyrus	Brodmann area 39	not available	97	not available	Female	Alzheimer's disease resilient	adult	not available	not available	72	not available	not available	72	11 PXD037367-Sample-29	proteomic profiling by mass spectrometry	PXD037774	21323-060.raw	ftp://ftp.pride.ebi.ac.uk/pride/data/archive/2023/07/PXD037367/21323-060.raw	5	AC=MS:1002416;NT=Orbitrap Fusion	NT=Carbamidomethyl;AC=UNIMOD:4;TA=C;MT=Fixed	NT=Oxidation;MT=Variable;TA=M;AC=UNIMOD:35	NT=Acetyl;AC=UNIMOD:1;PP=Protein N-term;MT=variable		TMT131C	10 ppm	0.02 Da	1	Alzheimer's disease resilient	Angular gyrus
PXD037367-Sample-29-TMT132N	Homo sapiens	Brain	Angular gyrus	Brodmann area 39	not available	77	not available	Female	Alzheimer's disease frail	adult	not available	not available	73	not available	not available	73	12 PXD037367-Sample-29	proteomic profiling by mass spectrometry	PXD037775	21323-060.raw	ftp://ftp.pride.ebi.ac.uk/pride/data/archive/2023/07/PXD037367/21323-060.raw	5	AC=MS:1002416;NT=Orbitrap Fusion	NT=Carbamidomethyl;AC=UNIMOD:4;TA=C;MT=Fixed	NT=Oxidation;MT=Variable;TA=M;AC=UNIMOD:35	NT=Acetyl;AC=UNIMOD:1;PP=Protein N-term;MT=variable		TMT132N	10 ppm	0.02 Da	1	Alzheimer's disease frail	Angular gyrus
PXD037367-Sample-29-TMT132C	Homo sapiens	Brain	Angular gyrus	Brodmann area 39	not available	89	not available	Female	Control	adult	not available	not available	74	not available	not available	74	13 PXD037367-Sample-29	proteomic profiling by mass spectrometry	PXD037776	21323-060.raw	ftp://ftp.pride.ebi.ac.uk/pride/data/archive/2023/07/PXD037367/21323-060.raw	5	AC=MS:1002416;NT=Orbitrap Fusion	NT=Carbamidomethyl;AC=UNIMOD:4;TA=C;MT=Fixed	NT=Oxidation;MT=Variable;TA=M;AC=UNIMOD:35	NT=Acetyl;AC=UNIMOD:1;PP=Protein N-term;MT=variable		TMT132C	10 ppm	0.02 Da	1	Control	Angular gyrus
PXD037367-Sample-29-TMT133N	Homo sapiens	Brain	Angular gyrus	Brodmann area 39	not available	86	not available	Female	Alzheimer's disease with dementia	adult	not available	not available	75	not available	not available	75	14 PXD037367-Sample-29	proteomic profiling by mass spectrometry	PXD037777	21323-060.raw	ftp://ftp.pride.ebi.ac.uk/pride/data/archive/2023/07/PXD037367/21323-060.raw	5	AC=MS:1002416;NT=Orbitrap Fusion	NT=Carbamidomethyl;AC=UNIMOD:4;TA=C;MT=Fixed	NT=Oxidation;MT=Variable;TA=M;AC=UNIMOD:35	NT=Acetyl;AC=UNIMOD:1;PP=Protein N-term;MT=variable		TMT133N	10 ppm	0.02 Da	1	Alzheimer's disease with dementia	Angular gyrus
PXD037367-Sample-29-TMT133C	Homo sapiens	Brain	Angular gyrus	Brodmann area 39	not available	100	not available	Female	Alzheimer's disease with dementia	adult	not available	not available	76	not available	not available	76	15 PXD037367-Sample-29	proteomic profiling by mass spectrometry	PXD037778	21323-060.raw	ftp://ftp.pride.ebi.ac.uk/pride/data/archive/2023/07/PXD037367/21323-060.raw	5	AC=MS:1002416;NT=Orbitrap Fusion	NT=Carbamidomethyl;AC=UNIMOD:4;TA=C;MT=Fixed	NT=Oxidation;MT=Variable;TA=M;AC=UNIMOD:35	NT=Acetyl;AC=UNIMOD:1;PP=Protein N-term;MT=variable		TMT133C	10 ppm	0.02 Da	1	Alzheimer's disease with dementia	Angular gyrus
PXD037367-Sample-29-TMT134N	Homo sapiens	Brain	Angular gyrus	Brodmann area 39	not available	87	not available	Male	Alzheimer's disease resilient	adult	not available	not available	77	not available	not available	77	16 PXD037367-Sample-29	proteomic profiling by mass spectrometry	PXD037779	21323-060.raw	ftp://ftp.pride.ebi.ac.uk/pride/data/archive/2023/07/PXD037367/21323-060.raw	5	AC=MS:1002416;NT=Orbitrap Fusion	NT=Carbamidomethyl;AC=UNIMOD:4;TA=C;MT=Fixed	NT=Oxidation;MT=Variable;TA=M;AC=UNIMOD:35	NT=Acetyl;AC=UNIMOD:1;PP=Protein N-term;MT=variable		TMT134N	10 ppm	0.02 Da	1	Alzheimer's disease resilient	Angular gyrus
PXD037367-Sample-29-TMT134C	Homo sapiens	Brain	Angular gyrus	Brodmann area 39	not available	95	not available	Male	Alzheimer's disease frail	adult	not available	not available	78	not available	not available	78	17 PXD037367-Sample-29	proteomic profiling by mass spectrometry	PXD037780	21323-060.raw	ftp://ftp.pride.ebi.ac.uk/pride/data/archive/2023/07/PXD037367/21323-060.raw	5	AC=MS:1002416;NT=Orbitrap Fusion	NT=Carbamidomethyl;AC=UNIMOD:4;TA=C;MT=Fixed	NT=Oxidation;MT=Variable;TA=M;AC=UNIMOD:35	NT=Acetyl;AC=UNIMOD:1;PP=Protein N-term;MT=variable		TMT134C	10 ppm	0.02 Da	1	Alzheimer's disease frail	Angular gyrus
PXD037367-Sample-29-TMT135N	Homo sapiens	Global Internal Standard	Global Internal Standard	not applicable	not applicable	not applicable	not applicable	not applicable	Global Internal Standard	not applicable	not applicable	not applicable	not applicable	not applicable	not applicable	not applicable	18 PXD037367-Sample-29	proteomic profiling by mass spectrometry	PXD037781	21323-060.raw	ftp://ftp.pride.ebi.ac.uk/pride/data/archive/2023/07/PXD037367/21323-060.raw	5	AC=MS:1002416;NT=Orbitrap Fusion	NT=Carbamidomethyl;AC=UNIMOD:4;TA=C;MT=Fixed	NT=Oxidation;MT=Variable;TA=M;AC=UNIMOD:35	NT=Acetyl;AC=UNIMOD:1;PP=Protein N-term;MT=variable		TMT135N	10 ppm	0.02 Da	1	Global Internal Standard	Global Internal Standard
PXD037367-Sample-30-TMT126	Homo sapiens	Brain	Angular gyrus	Brodmann area 39	not available	93	not available	Male	Control	adult	not available	not available	62	not available	not available	62	1 PXD037367-Sample-30	proteomic profiling by mass spectrometry	PXD037782	21323-061.raw	ftp://ftp.pride.ebi.ac.uk/pride/data/archive/2023/07/PXD037367/21323-061.raw	6	AC=MS:1002416;NT=Orbitrap Fusion	NT=Carbamidomethyl;AC=UNIMOD:4;TA=C;MT=Fixed	NT=Oxidation;MT=Variable;TA=M;AC=UNIMOD:35	NT=Acetyl;AC=UNIMOD:1;PP=Protein N-term;MT=variable		TMT126	10 ppm	0.02 Da	1	Control	Angular gyrus
PXD037367-Sample-30-TMT127N	Homo sapiens	Brain	Angular gyrus	Brodmann area 39	not available	87	not available	Female	Alzheimer's disease with dementia	adult	not available	not available	63	not available	not available	63	2 PXD037367-Sample-30	proteomic profiling by mass spectrometry	PXD037783	21323-061.raw	ftp://ftp.pride.ebi.ac.uk/pride/data/archive/2023/07/PXD037367/21323-061.raw	6	AC=MS:1002416;NT=Orbitrap Fusion	NT=Carbamidomethyl;AC=UNIMOD:4;TA=C;MT=Fixed	NT=Oxidation;MT=Variable;TA=M;AC=UNIMOD:35	NT=Acetyl;AC=UNIMOD:1;PP=Protein N-term;MT=variable		TMT127N	10 ppm	0.02 Da	1	Alzheimer's disease with dementia	Angular gyrus
PXD037367-Sample-30-TMT127C	Homo sapiens	Brain	Angular gyrus	Brodmann area 39	not available	89	not available	Female	Alzheimer's disease resilient	adult	not available	not available	64	not available	not available	64	3 PXD037367-Sample-30	proteomic profiling by mass spectrometry	PXD037784	21323-061.raw	ftp://ftp.pride.ebi.ac.uk/pride/data/archive/2023/07/PXD037367/21323-061.raw	6	AC=MS:1002416;NT=Orbitrap Fusion	NT=Carbamidomethyl;AC=UNIMOD:4;TA=C;MT=Fixed	NT=Oxidation;MT=Variable;TA=M;AC=UNIMOD:35	NT=Acetyl;AC=UNIMOD:1;PP=Protein N-term;MT=variable		TMT127C	10 ppm	0.02 Da	1	Alzheimer's disease resilient	Angular gyrus
PXD037367-Sample-30-TMT128N	Homo sapiens	Brain	Angular gyrus	Brodmann area 39	not available	90	not available	Male	Alzheimer's disease frail	adult	not available	not available	65	not available	not available	65	4 PXD037367-Sample-30	proteomic profiling by mass spectrometry	PXD037785	21323-061.raw	ftp://ftp.pride.ebi.ac.uk/pride/data/archive/2023/07/PXD037367/21323-061.raw	6	AC=MS:1002416;NT=Orbitrap Fusion	NT=Carbamidomethyl;AC=UNIMOD:4;TA=C;MT=Fixed	NT=Oxidation;MT=Variable;TA=M;AC=UNIMOD:35	NT=Acetyl;AC=UNIMOD:1;PP=Protein N-term;MT=variable		TMT128N	10 ppm	0.02 Da	1	Alzheimer's disease frail	Angular gyrus
PXD037367-Sample-30-TMT128C	Homo sapiens	Brain	Angular gyrus	Brodmann area 39	not available	98	not available	Female	Control	adult	not available	not available	66	not available	not available	66	5 PXD037367-Sample-30	proteomic profiling by mass spectrometry	PXD037786	21323-061.raw	ftp://ftp.pride.ebi.ac.uk/pride/data/archive/2023/07/PXD037367/21323-061.raw	6	AC=MS:1002416;NT=Orbitrap Fusion	NT=Carbamidomethyl;AC=UNIMOD:4;TA=C;MT=Fixed	NT=Oxidation;MT=Variable;TA=M;AC=UNIMOD:35	NT=Acetyl;AC=UNIMOD:1;PP=Protein N-term;MT=variable		TMT128C	10 ppm	0.02 Da	1	Control	Angular gyrus
PXD037367-Sample-30-TMT129N	Homo sapiens	Brain	Angular gyrus	Brodmann area 39	not available	92	not available	Female	Alzheimer's disease with dementia	adult	not available	not available	67	not available	not available	67	6 PXD037367-Sample-30	proteomic profiling by mass spectrometry	PXD037787	21323-061.raw	ftp://ftp.pride.ebi.ac.uk/pride/data/archive/2023/07/PXD037367/21323-061.raw	6	AC=MS:1002416;NT=Orbitrap Fusion	NT=Carbamidomethyl;AC=UNIMOD:4;TA=C;MT=Fixed	NT=Oxidation;MT=Variable;TA=M;AC=UNIMOD:35	NT=Acetyl;AC=UNIMOD:1;PP=Protein N-term;MT=variable		TMT129N	10 ppm	0.02 Da	1	Alzheimer's disease with dementia	Angular gyrus
PXD037367-Sample-30-TMT129C	Homo sapiens	Brain	Angular gyrus	Brodmann area 39	not available	90	not available	Male	Alzheimer's disease resilient	adult	not available	not available	68	not available	not available	68	7 PXD037367-Sample-30	proteomic profiling by mass spectrometry	PXD037788	21323-061.raw	ftp://ftp.pride.ebi.ac.uk/pride/data/archive/2023/07/PXD037367/21323-061.raw	6	AC=MS:1002416;NT=Orbitrap Fusion	NT=Carbamidomethyl;AC=UNIMOD:4;TA=C;MT=Fixed	NT=Oxidation;MT=Variable;TA=M;AC=UNIMOD:35	NT=Acetyl;AC=UNIMOD:1;PP=Protein N-term;MT=variable		TMT129C	10 ppm	0.02 Da	1	Alzheimer's disease resilient	Angular gyrus
PXD037367-Sample-30-TMT130N	Homo sapiens	Brain	Angular gyrus	Brodmann area 39	not available	91	not available	Male	Alzheimer's disease frail	adult	not available	not available	69	not available	not available	69	8 PXD037367-Sample-30	proteomic profiling by mass spectrometry	PXD037789	21323-061.raw	ftp://ftp.pride.ebi.ac.uk/pride/data/archive/2023/07/PXD037367/21323-061.raw	6	AC=MS:1002416;NT=Orbitrap Fusion	NT=Carbamidomethyl;AC=UNIMOD:4;TA=C;MT=Fixed	NT=Oxidation;MT=Variable;TA=M;AC=UNIMOD:35	NT=Acetyl;AC=UNIMOD:1;PP=Protein N-term;MT=variable		TMT130N	10 ppm	0.02 Da	1	Alzheimer's disease frail	Angular gyrus
PXD037367-Sample-30-TMT130C	Homo sapiens	Brain	Angular gyrus	Brodmann area 39	not available	97	not available	Female	Control	adult	not available	not available	70	not available	not available	70	9 PXD037367-Sample-30	proteomic profiling by mass spectrometry	PXD037790	21323-061.raw	ftp://ftp.pride.ebi.ac.uk/pride/data/archive/2023/07/PXD037367/21323-061.raw	6	AC=MS:1002416;NT=Orbitrap Fusion	NT=Carbamidomethyl;AC=UNIMOD:4;TA=C;MT=Fixed	NT=Oxidation;MT=Variable;TA=M;AC=UNIMOD:35	NT=Acetyl;AC=UNIMOD:1;PP=Protein N-term;MT=variable		TMT130C	10 ppm	0.02 Da	1	Control	Angular gyrus
PXD037367-Sample-30-TMT131N	Homo sapiens	Brain	Angular gyrus	Brodmann area 39	not available	96	not available	Male	Alzheimer's disease with dementia	adult	not available	not available	71	not available	not available	71	10 PXD037367-Sample-30	proteomic profiling by mass spectrometry	PXD037791	21323-061.raw	ftp://ftp.pride.ebi.ac.uk/pride/data/archive/2023/07/PXD037367/21323-061.raw	6	AC=MS:1002416;NT=Orbitrap Fusion	NT=Carbamidomethyl;AC=UNIMOD:4;TA=C;MT=Fixed	NT=Oxidation;MT=Variable;TA=M;AC=UNIMOD:35	NT=Acetyl;AC=UNIMOD:1;PP=Protein N-term;MT=variable		TMT131N	10 ppm	0.02 Da	1	Alzheimer's disease with dementia	Angular gyrus
PXD037367-Sample-30-TMT131C	Homo sapiens	Brain	Angular gyrus	Brodmann area 39	not available	97	not available	Female	Alzheimer's disease resilient	adult	not available	not available	72	not available	not available	72	11 PXD037367-Sample-30	proteomic profiling by mass spectrometry	PXD037792	21323-061.raw	ftp://ftp.pride.ebi.ac.uk/pride/data/archive/2023/07/PXD037367/21323-061.raw	6	AC=MS:1002416;NT=Orbitrap Fusion	NT=Carbamidomethyl;AC=UNIMOD:4;TA=C;MT=Fixed	NT=Oxidation;MT=Variable;TA=M;AC=UNIMOD:35	NT=Acetyl;AC=UNIMOD:1;PP=Protein N-term;MT=variable		TMT131C	10 ppm	0.02 Da	1	Alzheimer's disease resilient	Angular gyrus
PXD037367-Sample-30-TMT132N	Homo sapiens	Brain	Angular gyrus	Brodmann area 39	not available	77	not available	Female	Alzheimer's disease frail	adult	not available	not available	73	not available	not available	73	12 PXD037367-Sample-30	proteomic profiling by mass spectrometry	PXD037793	21323-061.raw	ftp://ftp.pride.ebi.ac.uk/pride/data/archive/2023/07/PXD037367/21323-061.raw	6	AC=MS:1002416;NT=Orbitrap Fusion	NT=Carbamidomethyl;AC=UNIMOD:4;TA=C;MT=Fixed	NT=Oxidation;MT=Variable;TA=M;AC=UNIMOD:35	NT=Acetyl;AC=UNIMOD:1;PP=Protein N-term;MT=variable		TMT132N	10 ppm	0.02 Da	1	Alzheimer's disease frail	Angular gyrus
PXD037367-Sample-30-TMT132C	Homo sapiens	Brain	Angular gyrus	Brodmann area 39	not available	89	not available	Female	Control	adult	not available	not available	74	not available	not available	74	13 PXD037367-Sample-30	proteomic profiling by mass spectrometry	PXD037794	21323-061.raw	ftp://ftp.pride.ebi.ac.uk/pride/data/archive/2023/07/PXD037367/21323-061.raw	6	AC=MS:1002416;NT=Orbitrap Fusion	NT=Carbamidomethyl;AC=UNIMOD:4;TA=C;MT=Fixed	NT=Oxidation;MT=Variable;TA=M;AC=UNIMOD:35	NT=Acetyl;AC=UNIMOD:1;PP=Protein N-term;MT=variable		TMT132C	10 ppm	0.02 Da	1	Control	Angular gyrus
PXD037367-Sample-30-TMT133N	Homo sapiens	Brain	Angular gyrus	Brodmann area 39	not available	86	not available	Female	Alzheimer's disease with dementia	adult	not available	not available	75	not available	not available	75	14 PXD037367-Sample-30	proteomic profiling by mass spectrometry	PXD037795	21323-061.raw	ftp://ftp.pride.ebi.ac.uk/pride/data/archive/2023/07/PXD037367/21323-061.raw	6	AC=MS:1002416;NT=Orbitrap Fusion	NT=Carbamidomethyl;AC=UNIMOD:4;TA=C;MT=Fixed	NT=Oxidation;MT=Variable;TA=M;AC=UNIMOD:35	NT=Acetyl;AC=UNIMOD:1;PP=Protein N-term;MT=variable		TMT133N	10 ppm	0.02 Da	1	Alzheimer's disease with dementia	Angular gyrus
PXD037367-Sample-30-TMT133C	Homo sapiens	Brain	Angular gyrus	Brodmann area 39	not available	100	not available	Female	Alzheimer's disease with dementia	adult	not available	not available	76	not available	not available	76	15 PXD037367-Sample-30	proteomic profiling by mass spectrometry	PXD037796	21323-061.raw	ftp://ftp.pride.ebi.ac.uk/pride/data/archive/2023/07/PXD037367/21323-061.raw	6	AC=MS:1002416;NT=Orbitrap Fusion	NT=Carbamidomethyl;AC=UNIMOD:4;TA=C;MT=Fixed	NT=Oxidation;MT=Variable;TA=M;AC=UNIMOD:35	NT=Acetyl;AC=UNIMOD:1;PP=Protein N-term;MT=variable		TMT133C	10 ppm	0.02 Da	1	Alzheimer's disease with dementia	Angular gyrus
PXD037367-Sample-30-TMT134N	Homo sapiens	Brain	Angular gyrus	Brodmann area 39	not available	87	not available	Male	Alzheimer's disease resilient	adult	not available	not available	77	not available	not available	77	16 PXD037367-Sample-30	proteomic profiling by mass spectrometry	PXD037797	21323-061.raw	ftp://ftp.pride.ebi.ac.uk/pride/data/archive/2023/07/PXD037367/21323-061.raw	6	AC=MS:1002416;NT=Orbitrap Fusion	NT=Carbamidomethyl;AC=UNIMOD:4;TA=C;MT=Fixed	NT=Oxidation;MT=Variable;TA=M;AC=UNIMOD:35	NT=Acetyl;AC=UNIMOD:1;PP=Protein N-term;MT=variable		TMT134N	10 ppm	0.02 Da	1	Alzheimer's disease resilient	Angular gyrus
PXD037367-Sample-30-TMT134C	Homo sapiens	Brain	Angular gyrus	Brodmann area 39	not available	95	not available	Male	Alzheimer's disease frail	adult	not available	not available	78	not available	not available	78	17 PXD037367-Sample-30	proteomic profiling by mass spectrometry	PXD037798	21323-061.raw	ftp://ftp.pride.ebi.ac.uk/pride/data/archive/2023/07/PXD037367/21323-061.raw	6	AC=MS:1002416;NT=Orbitrap Fusion	NT=Carbamidomethyl;AC=UNIMOD:4;TA=C;MT=Fixed	NT=Oxidation;MT=Variable;TA=M;AC=UNIMOD:35	NT=Acetyl;AC=UNIMOD:1;PP=Protein N-term;MT=variable		TMT134C	10 ppm	0.02 Da	1	Alzheimer's disease frail	Angular gyrus
PXD037367-Sample-30-TMT135N	Homo sapiens	Global Internal Standard	Global Internal Standard	not applicable	not applicable	not applicable	not applicable	not applicable	Global Internal Standard	not applicable	not applicable	not applicable	not applicable	not applicable	not applicable	not applicable	18 PXD037367-Sample-30	proteomic profiling by mass spectrometry	PXD037799	21323-061.raw	ftp://ftp.pride.ebi.ac.uk/pride/data/archive/2023/07/PXD037367/21323-061.raw	6	AC=MS:1002416;NT=Orbitrap Fusion	NT=Carbamidomethyl;AC=UNIMOD:4;TA=C;MT=Fixed	NT=Oxidation;MT=Variable;TA=M;AC=UNIMOD:35	NT=Acetyl;AC=UNIMOD:1;PP=Protein N-term;MT=variable		TMT135N	10 ppm	0.02 Da	1	Global Internal Standard	Global Internal Standard
PXD037367-Sample-31-TMT126	Homo sapiens	Brain	Angular gyrus	Brodmann area 39	not available	94	not available	Female	Alzheimer's disease frail	adult	not available	not available	79	not available	not available	79	1 PXD037367-Sample-31	proteomic profiling by mass spectrometry	PXD037800	21323-050.raw	ftp://ftp.pride.ebi.ac.uk/pride/data/archive/2023/07/PXD037367/21323-050.raw	1	AC=MS:1002416;NT=Orbitrap Fusion	NT=Carbamidomethyl;AC=UNIMOD:4;TA=C;MT=Fixed	NT=Oxidation;MT=Variable;TA=M;AC=UNIMOD:35	NT=Acetyl;AC=UNIMOD:1;PP=Protein N-term;MT=variable		TMT126	10 ppm	0.02 Da	1	Alzheimer's disease frail	Angular gyrus
PXD037367-Sample-31-TMT127N	Homo sapiens	Brain	Angular gyrus	Brodmann area 39	not available	85	not available	Male	Alzheimer's disease with dementia	adult	not available	not available	80	not available	not available	80	2 PXD037367-Sample-31	proteomic profiling by mass spectrometry	PXD037801	21323-050.raw	ftp://ftp.pride.ebi.ac.uk/pride/data/archive/2023/07/PXD037367/21323-050.raw	1	AC=MS:1002416;NT=Orbitrap Fusion	NT=Carbamidomethyl;AC=UNIMOD:4;TA=C;MT=Fixed	NT=Oxidation;MT=Variable;TA=M;AC=UNIMOD:35	NT=Acetyl;AC=UNIMOD:1;PP=Protein N-term;MT=variable		TMT127N	10 ppm	0.02 Da	1	Alzheimer's disease with dementia	Angular gyrus
PXD037367-Sample-31-TMT127C	Homo sapiens	Brain	Angular gyrus	Brodmann area 39	not available	90	not available	Male	Control	adult	not available	not available	81	not available	not available	81	3 PXD037367-Sample-31	proteomic profiling by mass spectrometry	PXD037802	21323-050.raw	ftp://ftp.pride.ebi.ac.uk/pride/data/archive/2023/07/PXD037367/21323-050.raw	1	AC=MS:1002416;NT=Orbitrap Fusion	NT=Carbamidomethyl;AC=UNIMOD:4;TA=C;MT=Fixed	NT=Oxidation;MT=Variable;TA=M;AC=UNIMOD:35	NT=Acetyl;AC=UNIMOD:1;PP=Protein N-term;MT=variable		TMT127C	10 ppm	0.02 Da	1	Control	Angular gyrus
PXD037367-Sample-31-TMT128N	Homo sapiens	Brain	Angular gyrus	Brodmann area 39	not available	94	not available	Male	Alzheimer's disease resilient	adult	not available	not available	82	not available	not available	82	4 PXD037367-Sample-31	proteomic profiling by mass spectrometry	PXD037803	21323-050.raw	ftp://ftp.pride.ebi.ac.uk/pride/data/archive/2023/07/PXD037367/21323-050.raw	1	AC=MS:1002416;NT=Orbitrap Fusion	NT=Carbamidomethyl;AC=UNIMOD:4;TA=C;MT=Fixed	NT=Oxidation;MT=Variable;TA=M;AC=UNIMOD:35	NT=Acetyl;AC=UNIMOD:1;PP=Protein N-term;MT=variable		TMT128N	10 ppm	0.02 Da	1	Alzheimer's disease resilient	Angular gyrus
PXD037367-Sample-31-TMT128C	Homo sapiens	Brain	Angular gyrus	Brodmann area 39	not available	87	not available	Male	Control	adult	not available	not available	83	not available	not available	83	5 PXD037367-Sample-31	proteomic profiling by mass spectrometry	PXD037804	21323-050.raw	ftp://ftp.pride.ebi.ac.uk/pride/data/archive/2023/07/PXD037367/21323-050.raw	1	AC=MS:1002416;NT=Orbitrap Fusion	NT=Carbamidomethyl;AC=UNIMOD:4;TA=C;MT=Fixed	NT=Oxidation;MT=Variable;TA=M;AC=UNIMOD:35	NT=Acetyl;AC=UNIMOD:1;PP=Protein N-term;MT=variable		TMT128C	10 ppm	0.02 Da	1	Control	Angular gyrus
PXD037367-Sample-31-TMT129N	Homo sapiens	Brain	Angular gyrus	Brodmann area 39	not available	86	not available	Female	Alzheimer's disease resilient	adult	not available	not available	84	not available	not available	84	6 PXD037367-Sample-31	proteomic profiling by mass spectrometry	PXD037805	21323-050.raw	ftp://ftp.pride.ebi.ac.uk/pride/data/archive/2023/07/PXD037367/21323-050.raw	1	AC=MS:1002416;NT=Orbitrap Fusion	NT=Carbamidomethyl;AC=UNIMOD:4;TA=C;MT=Fixed	NT=Oxidation;MT=Variable;TA=M;AC=UNIMOD:35	NT=Acetyl;AC=UNIMOD:1;PP=Protein N-term;MT=variable		TMT129N	10 ppm	0.02 Da	1	Alzheimer's disease resilient	Angular gyrus
PXD037367-Sample-31-TMT129C	Homo sapiens	Brain	Angular gyrus	Brodmann area 39	not available	83	not available	Male	Alzheimer's disease with dementia	adult	not available	not available	85	not available	not available	85	7 PXD037367-Sample-31	proteomic profiling by mass spectrometry	PXD037806	21323-050.raw	ftp://ftp.pride.ebi.ac.uk/pride/data/archive/2023/07/PXD037367/21323-050.raw	1	AC=MS:1002416;NT=Orbitrap Fusion	NT=Carbamidomethyl;AC=UNIMOD:4;TA=C;MT=Fixed	NT=Oxidation;MT=Variable;TA=M;AC=UNIMOD:35	NT=Acetyl;AC=UNIMOD:1;PP=Protein N-term;MT=variable		TMT129C	10 ppm	0.02 Da	1	Alzheimer's disease with dementia	Angular gyrus
PXD037367-Sample-31-TMT130N	Homo sapiens	Brain	Angular gyrus	Brodmann area 39	not available	90	not available	Female	Alzheimer's disease frail	adult	not available	not available	86	not available	not available	86	8 PXD037367-Sample-31	proteomic profiling by mass spectrometry	PXD037807	21323-050.raw	ftp://ftp.pride.ebi.ac.uk/pride/data/archive/2023/07/PXD037367/21323-050.raw	1	AC=MS:1002416;NT=Orbitrap Fusion	NT=Carbamidomethyl;AC=UNIMOD:4;TA=C;MT=Fixed	NT=Oxidation;MT=Variable;TA=M;AC=UNIMOD:35	NT=Acetyl;AC=UNIMOD:1;PP=Protein N-term;MT=variable		TMT130N	10 ppm	0.02 Da	1	Alzheimer's disease frail	Angular gyrus
PXD037367-Sample-31-TMT130C	Homo sapiens	Brain	Angular gyrus	Brodmann area 39	not available	95	not available	Female	Alzheimer's disease resilient	adult	not available	not available	87	not available	not available	87	9 PXD037367-Sample-31	proteomic profiling by mass spectrometry	PXD037808	21323-050.raw	ftp://ftp.pride.ebi.ac.uk/pride/data/archive/2023/07/PXD037367/21323-050.raw	1	AC=MS:1002416;NT=Orbitrap Fusion	NT=Carbamidomethyl;AC=UNIMOD:4;TA=C;MT=Fixed	NT=Oxidation;MT=Variable;TA=M;AC=UNIMOD:35	NT=Acetyl;AC=UNIMOD:1;PP=Protein N-term;MT=variable		TMT130C	10 ppm	0.02 Da	1	Alzheimer's disease resilient	Angular gyrus
PXD037367-Sample-31-TMT131N	Homo sapiens	Brain	Angular gyrus	Brodmann area 39	not available	100	not available	Female	Control	adult	not available	not available	88	not available	not available	88	10 PXD037367-Sample-31	proteomic profiling by mass spectrometry	PXD037809	21323-050.raw	ftp://ftp.pride.ebi.ac.uk/pride/data/archive/2023/07/PXD037367/21323-050.raw	1	AC=MS:1002416;NT=Orbitrap Fusion	NT=Carbamidomethyl;AC=UNIMOD:4;TA=C;MT=Fixed	NT=Oxidation;MT=Variable;TA=M;AC=UNIMOD:35	NT=Acetyl;AC=UNIMOD:1;PP=Protein N-term;MT=variable		TMT131N	10 ppm	0.02 Da	1	Control	Angular gyrus
PXD037367-Sample-31-TMT131C	Homo sapiens	Brain	Angular gyrus	Brodmann area 39	not available	91	not available	Female	Alzheimer's disease with dementia	adult	not available	not available	89	not available	not available	89	11 PXD037367-Sample-31	proteomic profiling by mass spectrometry	PXD037810	21323-050.raw	ftp://ftp.pride.ebi.ac.uk/pride/data/archive/2023/07/PXD037367/21323-050.raw	1	AC=MS:1002416;NT=Orbitrap Fusion	NT=Carbamidomethyl;AC=UNIMOD:4;TA=C;MT=Fixed	NT=Oxidation;MT=Variable;TA=M;AC=UNIMOD:35	NT=Acetyl;AC=UNIMOD:1;PP=Protein N-term;MT=variable		TMT131C	10 ppm	0.02 Da	1	Alzheimer's disease with dementia	Angular gyrus
PXD037367-Sample-31-TMT132N	Homo sapiens	Brain	Angular gyrus	Brodmann area 39	not available	90	not available	Female	Control	adult	not available	not available	90	not available	not available	90	12 PXD037367-Sample-31	proteomic profiling by mass spectrometry	PXD037811	21323-050.raw	ftp://ftp.pride.ebi.ac.uk/pride/data/archive/2023/07/PXD037367/21323-050.raw	1	AC=MS:1002416;NT=Orbitrap Fusion	NT=Carbamidomethyl;AC=UNIMOD:4;TA=C;MT=Fixed	NT=Oxidation;MT=Variable;TA=M;AC=UNIMOD:35	NT=Acetyl;AC=UNIMOD:1;PP=Protein N-term;MT=variable		TMT132N	10 ppm	0.02 Da	1	Control	Angular gyrus
PXD037367-Sample-31-TMT132C	Homo sapiens	Brain	Angular gyrus	Brodmann area 39	not available	100	not available	Female	Alzheimer's disease frail	adult	not available	not available	91	not available	not available	91	13 PXD037367-Sample-31	proteomic profiling by mass spectrometry	PXD037812	21323-050.raw	ftp://ftp.pride.ebi.ac.uk/pride/data/archive/2023/07/PXD037367/21323-050.raw	1	AC=MS:1002416;NT=Orbitrap Fusion	NT=Carbamidomethyl;AC=UNIMOD:4;TA=C;MT=Fixed	NT=Oxidation;MT=Variable;TA=M;AC=UNIMOD:35	NT=Acetyl;AC=UNIMOD:1;PP=Protein N-term;MT=variable		TMT132C	10 ppm	0.02 Da	1	Alzheimer's disease frail	Angular gyrus
PXD037367-Sample-31-TMT133N	Homo sapiens	Brain	Angular gyrus	Brodmann area 39	not available	87	not available	Female	Control	adult	not available	not available	92	not available	not available	92	14 PXD037367-Sample-31	proteomic profiling by mass spectrometry	PXD037813	21323-050.raw	ftp://ftp.pride.ebi.ac.uk/pride/data/archive/2023/07/PXD037367/21323-050.raw	1	AC=MS:1002416;NT=Orbitrap Fusion	NT=Carbamidomethyl;AC=UNIMOD:4;TA=C;MT=Fixed	NT=Oxidation;MT=Variable;TA=M;AC=UNIMOD:35	NT=Acetyl;AC=UNIMOD:1;PP=Protein N-term;MT=variable		TMT133N	10 ppm	0.02 Da	1	Control	Angular gyrus
PXD037367-Sample-31-TMT133C	Homo sapiens	Brain	Angular gyrus	Brodmann area 39	not available	96	not available	Male	Alzheimer's disease with dementia	adult	not available	not available	93	not available	not available	93	15 PXD037367-Sample-31	proteomic profiling by mass spectrometry	PXD037814	21323-050.raw	ftp://ftp.pride.ebi.ac.uk/pride/data/archive/2023/07/PXD037367/21323-050.raw	1	AC=MS:1002416;NT=Orbitrap Fusion	NT=Carbamidomethyl;AC=UNIMOD:4;TA=C;MT=Fixed	NT=Oxidation;MT=Variable;TA=M;AC=UNIMOD:35	NT=Acetyl;AC=UNIMOD:1;PP=Protein N-term;MT=variable		TMT133C	10 ppm	0.02 Da	1	Alzheimer's disease with dementia	Angular gyrus
PXD037367-Sample-31-TMT134N	Homo sapiens	Brain	Angular gyrus	Brodmann area 39	not available	89	not available	Male	Alzheimer's disease frail	adult	not available	not available	94	not available	not available	94	16 PXD037367-Sample-31	proteomic profiling by mass spectrometry	PXD037815	21323-050.raw	ftp://ftp.pride.ebi.ac.uk/pride/data/archive/2023/07/PXD037367/21323-050.raw	1	AC=MS:1002416;NT=Orbitrap Fusion	NT=Carbamidomethyl;AC=UNIMOD:4;TA=C;MT=Fixed	NT=Oxidation;MT=Variable;TA=M;AC=UNIMOD:35	NT=Acetyl;AC=UNIMOD:1;PP=Protein N-term;MT=variable		TMT134N	10 ppm	0.02 Da	1	Alzheimer's disease frail	Angular gyrus
PXD037367-Sample-31-TMT134C	Homo sapiens	Brain	Angular gyrus	Brodmann area 39	not available	99	not available	Female	Alzheimer's disease resilient	adult	not available	not available	95	not available	not available	95	17 PXD037367-Sample-31	proteomic profiling by mass spectrometry	PXD037816	21323-050.raw	ftp://ftp.pride.ebi.ac.uk/pride/data/archive/2023/07/PXD037367/21323-050.raw	1	AC=MS:1002416;NT=Orbitrap Fusion	NT=Carbamidomethyl;AC=UNIMOD:4;TA=C;MT=Fixed	NT=Oxidation;MT=Variable;TA=M;AC=UNIMOD:35	NT=Acetyl;AC=UNIMOD:1;PP=Protein N-term;MT=variable		TMT134C	10 ppm	0.02 Da	1	Alzheimer's disease resilient	Angular gyrus
PXD037367-Sample-31-TMT135N	Homo sapiens	Global Internal Standard	Global Internal Standard	not applicable	not applicable	not applicable	not applicable	not applicable	Global Internal Standard	not applicable	not applicable	not applicable	not applicable	not applicable	not applicable	not applicable	18 PXD037367-Sample-31	proteomic profiling by mass spectrometry	PXD037817	21323-050.raw	ftp://ftp.pride.ebi.ac.uk/pride/data/archive/2023/07/PXD037367/21323-050.raw	1	AC=MS:1002416;NT=Orbitrap Fusion	NT=Carbamidomethyl;AC=UNIMOD:4;TA=C;MT=Fixed	NT=Oxidation;MT=Variable;TA=M;AC=UNIMOD:35	NT=Acetyl;AC=UNIMOD:1;PP=Protein N-term;MT=variable		TMT135N	10 ppm	0.02 Da	1	Global Internal Standard	Global Internal Standard
PXD037367-Sample-32-TMT126	Homo sapiens	Brain	Angular gyrus	Brodmann area 39	not available	94	not available	Female	Alzheimer's disease frail	adult	not available	not available	79	not available	not available	79	1 PXD037367-Sample-32	proteomic profiling by mass spectrometry	PXD037818	21323-051.raw	ftp://ftp.pride.ebi.ac.uk/pride/data/archive/2023/07/PXD037367/21323-051.raw	2	AC=MS:1002416;NT=Orbitrap Fusion	NT=Carbamidomethyl;AC=UNIMOD:4;TA=C;MT=Fixed	NT=Oxidation;MT=Variable;TA=M;AC=UNIMOD:35	NT=Acetyl;AC=UNIMOD:1;PP=Protein N-term;MT=variable		TMT126	10 ppm	0.02 Da	1	Alzheimer's disease frail	Angular gyrus
PXD037367-Sample-32-TMT127N	Homo sapiens	Brain	Angular gyrus	Brodmann area 39	not available	85	not available	Male	Alzheimer's disease with dementia	adult	not available	not available	80	not available	not available	80	2 PXD037367-Sample-32	proteomic profiling by mass spectrometry	PXD037819	21323-051.raw	ftp://ftp.pride.ebi.ac.uk/pride/data/archive/2023/07/PXD037367/21323-051.raw	2	AC=MS:1002416;NT=Orbitrap Fusion	NT=Carbamidomethyl;AC=UNIMOD:4;TA=C;MT=Fixed	NT=Oxidation;MT=Variable;TA=M;AC=UNIMOD:35	NT=Acetyl;AC=UNIMOD:1;PP=Protein N-term;MT=variable		TMT127N	10 ppm	0.02 Da	1	Alzheimer's disease with dementia	Angular gyrus
PXD037367-Sample-32-TMT127C	Homo sapiens	Brain	Angular gyrus	Brodmann area 39	not available	90	not available	Male	Control	adult	not available	not available	81	not available	not available	81	3 PXD037367-Sample-32	proteomic profiling by mass spectrometry	PXD037820	21323-051.raw	ftp://ftp.pride.ebi.ac.uk/pride/data/archive/2023/07/PXD037367/21323-051.raw	2	AC=MS:1002416;NT=Orbitrap Fusion	NT=Carbamidomethyl;AC=UNIMOD:4;TA=C;MT=Fixed	NT=Oxidation;MT=Variable;TA=M;AC=UNIMOD:35	NT=Acetyl;AC=UNIMOD:1;PP=Protein N-term;MT=variable		TMT127C	10 ppm	0.02 Da	1	Control	Angular gyrus
PXD037367-Sample-32-TMT128N	Homo sapiens	Brain	Angular gyrus	Brodmann area 39	not available	94	not available	Male	Alzheimer's disease resilient	adult	not available	not available	82	not available	not available	82	4 PXD037367-Sample-32	proteomic profiling by mass spectrometry	PXD037821	21323-051.raw	ftp://ftp.pride.ebi.ac.uk/pride/data/archive/2023/07/PXD037367/21323-051.raw	2	AC=MS:1002416;NT=Orbitrap Fusion	NT=Carbamidomethyl;AC=UNIMOD:4;TA=C;MT=Fixed	NT=Oxidation;MT=Variable;TA=M;AC=UNIMOD:35	NT=Acetyl;AC=UNIMOD:1;PP=Protein N-term;MT=variable		TMT128N	10 ppm	0.02 Da	1	Alzheimer's disease resilient	Angular gyrus
PXD037367-Sample-32-TMT128C	Homo sapiens	Brain	Angular gyrus	Brodmann area 39	not available	87	not available	Male	Control	adult	not available	not available	83	not available	not available	83	5 PXD037367-Sample-32	proteomic profiling by mass spectrometry	PXD037822	21323-051.raw	ftp://ftp.pride.ebi.ac.uk/pride/data/archive/2023/07/PXD037367/21323-051.raw	2	AC=MS:1002416;NT=Orbitrap Fusion	NT=Carbamidomethyl;AC=UNIMOD:4;TA=C;MT=Fixed	NT=Oxidation;MT=Variable;TA=M;AC=UNIMOD:35	NT=Acetyl;AC=UNIMOD:1;PP=Protein N-term;MT=variable		TMT128C	10 ppm	0.02 Da	1	Control	Angular gyrus
PXD037367-Sample-32-TMT129N	Homo sapiens	Brain	Angular gyrus	Brodmann area 39	not available	86	not available	Female	Alzheimer's disease resilient	adult	not available	not available	84	not available	not available	84	6 PXD037367-Sample-32	proteomic profiling by mass spectrometry	PXD037823	21323-051.raw	ftp://ftp.pride.ebi.ac.uk/pride/data/archive/2023/07/PXD037367/21323-051.raw	2	AC=MS:1002416;NT=Orbitrap Fusion	NT=Carbamidomethyl;AC=UNIMOD:4;TA=C;MT=Fixed	NT=Oxidation;MT=Variable;TA=M;AC=UNIMOD:35	NT=Acetyl;AC=UNIMOD:1;PP=Protein N-term;MT=variable		TMT129N	10 ppm	0.02 Da	1	Alzheimer's disease resilient	Angular gyrus
PXD037367-Sample-32-TMT129C	Homo sapiens	Brain	Angular gyrus	Brodmann area 39	not available	83	not available	Male	Alzheimer's disease with dementia	adult	not available	not available	85	not available	not available	85	7 PXD037367-Sample-32	proteomic profiling by mass spectrometry	PXD037824	21323-051.raw	ftp://ftp.pride.ebi.ac.uk/pride/data/archive/2023/07/PXD037367/21323-051.raw	2	AC=MS:1002416;NT=Orbitrap Fusion	NT=Carbamidomethyl;AC=UNIMOD:4;TA=C;MT=Fixed	NT=Oxidation;MT=Variable;TA=M;AC=UNIMOD:35	NT=Acetyl;AC=UNIMOD:1;PP=Protein N-term;MT=variable		TMT129C	10 ppm	0.02 Da	1	Alzheimer's disease with dementia	Angular gyrus
PXD037367-Sample-32-TMT130N	Homo sapiens	Brain	Angular gyrus	Brodmann area 39	not available	90	not available	Female	Alzheimer's disease frail	adult	not available	not available	86	not available	not available	86	8 PXD037367-Sample-32	proteomic profiling by mass spectrometry	PXD037825	21323-051.raw	ftp://ftp.pride.ebi.ac.uk/pride/data/archive/2023/07/PXD037367/21323-051.raw	2	AC=MS:1002416;NT=Orbitrap Fusion	NT=Carbamidomethyl;AC=UNIMOD:4;TA=C;MT=Fixed	NT=Oxidation;MT=Variable;TA=M;AC=UNIMOD:35	NT=Acetyl;AC=UNIMOD:1;PP=Protein N-term;MT=variable		TMT130N	10 ppm	0.02 Da	1	Alzheimer's disease frail	Angular gyrus
PXD037367-Sample-32-TMT130C	Homo sapiens	Brain	Angular gyrus	Brodmann area 39	not available	95	not available	Female	Alzheimer's disease resilient	adult	not available	not available	87	not available	not available	87	9 PXD037367-Sample-32	proteomic profiling by mass spectrometry	PXD037826	21323-051.raw	ftp://ftp.pride.ebi.ac.uk/pride/data/archive/2023/07/PXD037367/21323-051.raw	2	AC=MS:1002416;NT=Orbitrap Fusion	NT=Carbamidomethyl;AC=UNIMOD:4;TA=C;MT=Fixed	NT=Oxidation;MT=Variable;TA=M;AC=UNIMOD:35	NT=Acetyl;AC=UNIMOD:1;PP=Protein N-term;MT=variable		TMT130C	10 ppm	0.02 Da	1	Alzheimer's disease resilient	Angular gyrus
PXD037367-Sample-32-TMT131N	Homo sapiens	Brain	Angular gyrus	Brodmann area 39	not available	100	not available	Female	Control	adult	not available	not available	88	not available	not available	88	10 PXD037367-Sample-32	proteomic profiling by mass spectrometry	PXD037827	21323-051.raw	ftp://ftp.pride.ebi.ac.uk/pride/data/archive/2023/07/PXD037367/21323-051.raw	2	AC=MS:1002416;NT=Orbitrap Fusion	NT=Carbamidomethyl;AC=UNIMOD:4;TA=C;MT=Fixed	NT=Oxidation;MT=Variable;TA=M;AC=UNIMOD:35	NT=Acetyl;AC=UNIMOD:1;PP=Protein N-term;MT=variable		TMT131N	10 ppm	0.02 Da	1	Control	Angular gyrus
PXD037367-Sample-32-TMT131C	Homo sapiens	Brain	Angular gyrus	Brodmann area 39	not available	91	not available	Female	Alzheimer's disease with dementia	adult	not available	not available	89	not available	not available	89	11 PXD037367-Sample-32	proteomic profiling by mass spectrometry	PXD037828	21323-051.raw	ftp://ftp.pride.ebi.ac.uk/pride/data/archive/2023/07/PXD037367/21323-051.raw	2	AC=MS:1002416;NT=Orbitrap Fusion	NT=Carbamidomethyl;AC=UNIMOD:4;TA=C;MT=Fixed	NT=Oxidation;MT=Variable;TA=M;AC=UNIMOD:35	NT=Acetyl;AC=UNIMOD:1;PP=Protein N-term;MT=variable		TMT131C	10 ppm	0.02 Da	1	Alzheimer's disease with dementia	Angular gyrus
PXD037367-Sample-32-TMT132N	Homo sapiens	Brain	Angular gyrus	Brodmann area 39	not available	90	not available	Female	Control	adult	not available	not available	90	not available	not available	90	12 PXD037367-Sample-32	proteomic profiling by mass spectrometry	PXD037829	21323-051.raw	ftp://ftp.pride.ebi.ac.uk/pride/data/archive/2023/07/PXD037367/21323-051.raw	2	AC=MS:1002416;NT=Orbitrap Fusion	NT=Carbamidomethyl;AC=UNIMOD:4;TA=C;MT=Fixed	NT=Oxidation;MT=Variable;TA=M;AC=UNIMOD:35	NT=Acetyl;AC=UNIMOD:1;PP=Protein N-term;MT=variable		TMT132N	10 ppm	0.02 Da	1	Control	Angular gyrus
PXD037367-Sample-32-TMT132C	Homo sapiens	Brain	Angular gyrus	Brodmann area 39	not available	100	not available	Female	Alzheimer's disease frail	adult	not available	not available	91	not available	not available	91	13 PXD037367-Sample-32	proteomic profiling by mass spectrometry	PXD037830	21323-051.raw	ftp://ftp.pride.ebi.ac.uk/pride/data/archive/2023/07/PXD037367/21323-051.raw	2	AC=MS:1002416;NT=Orbitrap Fusion	NT=Carbamidomethyl;AC=UNIMOD:4;TA=C;MT=Fixed	NT=Oxidation;MT=Variable;TA=M;AC=UNIMOD:35	NT=Acetyl;AC=UNIMOD:1;PP=Protein N-term;MT=variable		TMT132C	10 ppm	0.02 Da	1	Alzheimer's disease frail	Angular gyrus
PXD037367-Sample-32-TMT133N	Homo sapiens	Brain	Angular gyrus	Brodmann area 39	not available	87	not available	Female	Control	adult	not available	not available	92	not available	not available	92	14 PXD037367-Sample-32	proteomic profiling by mass spectrometry	PXD037831	21323-051.raw	ftp://ftp.pride.ebi.ac.uk/pride/data/archive/2023/07/PXD037367/21323-051.raw	2	AC=MS:1002416;NT=Orbitrap Fusion	NT=Carbamidomethyl;AC=UNIMOD:4;TA=C;MT=Fixed	NT=Oxidation;MT=Variable;TA=M;AC=UNIMOD:35	NT=Acetyl;AC=UNIMOD:1;PP=Protein N-term;MT=variable		TMT133N	10 ppm	0.02 Da	1	Control	Angular gyrus
PXD037367-Sample-32-TMT133C	Homo sapiens	Brain	Angular gyrus	Brodmann area 39	not available	96	not available	Male	Alzheimer's disease with dementia	adult	not available	not available	93	not available	not available	93	15 PXD037367-Sample-32	proteomic profiling by mass spectrometry	PXD037832	21323-051.raw	ftp://ftp.pride.ebi.ac.uk/pride/data/archive/2023/07/PXD037367/21323-051.raw	2	AC=MS:1002416;NT=Orbitrap Fusion	NT=Carbamidomethyl;AC=UNIMOD:4;TA=C;MT=Fixed	NT=Oxidation;MT=Variable;TA=M;AC=UNIMOD:35	NT=Acetyl;AC=UNIMOD:1;PP=Protein N-term;MT=variable		TMT133C	10 ppm	0.02 Da	1	Alzheimer's disease with dementia	Angular gyrus
PXD037367-Sample-32-TMT134N	Homo sapiens	Brain	Angular gyrus	Brodmann area 39	not available	89	not available	Male	Alzheimer's disease frail	adult	not available	not available	94	not available	not available	94	16 PXD037367-Sample-32	proteomic profiling by mass spectrometry	PXD037833	21323-051.raw	ftp://ftp.pride.ebi.ac.uk/pride/data/archive/2023/07/PXD037367/21323-051.raw	2	AC=MS:1002416;NT=Orbitrap Fusion	NT=Carbamidomethyl;AC=UNIMOD:4;TA=C;MT=Fixed	NT=Oxidation;MT=Variable;TA=M;AC=UNIMOD:35	NT=Acetyl;AC=UNIMOD:1;PP=Protein N-term;MT=variable		TMT134N	10 ppm	0.02 Da	1	Alzheimer's disease frail	Angular gyrus
PXD037367-Sample-32-TMT134C	Homo sapiens	Brain	Angular gyrus	Brodmann area 39	not available	99	not available	Female	Alzheimer's disease resilient	adult	not available	not available	95	not available	not available	95	17 PXD037367-Sample-32	proteomic profiling by mass spectrometry	PXD037834	21323-051.raw	ftp://ftp.pride.ebi.ac.uk/pride/data/archive/2023/07/PXD037367/21323-051.raw	2	AC=MS:1002416;NT=Orbitrap Fusion	NT=Carbamidomethyl;AC=UNIMOD:4;TA=C;MT=Fixed	NT=Oxidation;MT=Variable;TA=M;AC=UNIMOD:35	NT=Acetyl;AC=UNIMOD:1;PP=Protein N-term;MT=variable		TMT134C	10 ppm	0.02 Da	1	Alzheimer's disease resilient	Angular gyrus
PXD037367-Sample-32-TMT135N	Homo sapiens	Global Internal Standard	Global Internal Standard	not applicable	not applicable	not applicable	not applicable	not applicable	Global Internal Standard	not applicable	not applicable	not applicable	not applicable	not applicable	not applicable	not applicable	18 PXD037367-Sample-32	proteomic profiling by mass spectrometry	PXD037835	21323-051.raw	ftp://ftp.pride.ebi.ac.uk/pride/data/archive/2023/07/PXD037367/21323-051.raw	2	AC=MS:1002416;NT=Orbitrap Fusion	NT=Carbamidomethyl;AC=UNIMOD:4;TA=C;MT=Fixed	NT=Oxidation;MT=Variable;TA=M;AC=UNIMOD:35	NT=Acetyl;AC=UNIMOD:1;PP=Protein N-term;MT=variable		TMT135N	10 ppm	0.02 Da	1	Global Internal Standard	Global Internal Standard
PXD037367-Sample-33-TMT126	Homo sapiens	Brain	Angular gyrus	Brodmann area 39	not available	94	not available	Female	Alzheimer's disease frail	adult	not available	not available	79	not available	not available	79	1 PXD037367-Sample-33	proteomic profiling by mass spectrometry	PXD037836	21323-052.raw	ftp://ftp.pride.ebi.ac.uk/pride/data/archive/2023/07/PXD037367/21323-052.raw	3	AC=MS:1002416;NT=Orbitrap Fusion	NT=Carbamidomethyl;AC=UNIMOD:4;TA=C;MT=Fixed	NT=Oxidation;MT=Variable;TA=M;AC=UNIMOD:35	NT=Acetyl;AC=UNIMOD:1;PP=Protein N-term;MT=variable		TMT126	10 ppm	0.02 Da	1	Alzheimer's disease frail	Angular gyrus
PXD037367-Sample-33-TMT127N	Homo sapiens	Brain	Angular gyrus	Brodmann area 39	not available	85	not available	Male	Alzheimer's disease with dementia	adult	not available	not available	80	not available	not available	80	2 PXD037367-Sample-33	proteomic profiling by mass spectrometry	PXD037837	21323-052.raw	ftp://ftp.pride.ebi.ac.uk/pride/data/archive/2023/07/PXD037367/21323-052.raw	3	AC=MS:1002416;NT=Orbitrap Fusion	NT=Carbamidomethyl;AC=UNIMOD:4;TA=C;MT=Fixed	NT=Oxidation;MT=Variable;TA=M;AC=UNIMOD:35	NT=Acetyl;AC=UNIMOD:1;PP=Protein N-term;MT=variable		TMT127N	10 ppm	0.02 Da	1	Alzheimer's disease with dementia	Angular gyrus
PXD037367-Sample-33-TMT127C	Homo sapiens	Brain	Angular gyrus	Brodmann area 39	not available	90	not available	Male	Control	adult	not available	not available	81	not available	not available	81	3 PXD037367-Sample-33	proteomic profiling by mass spectrometry	PXD037838	21323-052.raw	ftp://ftp.pride.ebi.ac.uk/pride/data/archive/2023/07/PXD037367/21323-052.raw	3	AC=MS:1002416;NT=Orbitrap Fusion	NT=Carbamidomethyl;AC=UNIMOD:4;TA=C;MT=Fixed	NT=Oxidation;MT=Variable;TA=M;AC=UNIMOD:35	NT=Acetyl;AC=UNIMOD:1;PP=Protein N-term;MT=variable		TMT127C	10 ppm	0.02 Da	1	Control	Angular gyrus
PXD037367-Sample-33-TMT128N	Homo sapiens	Brain	Angular gyrus	Brodmann area 39	not available	94	not available	Male	Alzheimer's disease resilient	adult	not available	not available	82	not available	not available	82	4 PXD037367-Sample-33	proteomic profiling by mass spectrometry	PXD037839	21323-052.raw	ftp://ftp.pride.ebi.ac.uk/pride/data/archive/2023/07/PXD037367/21323-052.raw	3	AC=MS:1002416;NT=Orbitrap Fusion	NT=Carbamidomethyl;AC=UNIMOD:4;TA=C;MT=Fixed	NT=Oxidation;MT=Variable;TA=M;AC=UNIMOD:35	NT=Acetyl;AC=UNIMOD:1;PP=Protein N-term;MT=variable		TMT128N	10 ppm	0.02 Da	1	Alzheimer's disease resilient	Angular gyrus
PXD037367-Sample-33-TMT128C	Homo sapiens	Brain	Angular gyrus	Brodmann area 39	not available	87	not available	Male	Control	adult	not available	not available	83	not available	not available	83	5 PXD037367-Sample-33	proteomic profiling by mass spectrometry	PXD037840	21323-052.raw	ftp://ftp.pride.ebi.ac.uk/pride/data/archive/2023/07/PXD037367/21323-052.raw	3	AC=MS:1002416;NT=Orbitrap Fusion	NT=Carbamidomethyl;AC=UNIMOD:4;TA=C;MT=Fixed	NT=Oxidation;MT=Variable;TA=M;AC=UNIMOD:35	NT=Acetyl;AC=UNIMOD:1;PP=Protein N-term;MT=variable		TMT128C	10 ppm	0.02 Da	1	Control	Angular gyrus
PXD037367-Sample-33-TMT129N	Homo sapiens	Brain	Angular gyrus	Brodmann area 39	not available	86	not available	Female	Alzheimer's disease resilient	adult	not available	not available	84	not available	not available	84	6 PXD037367-Sample-33	proteomic profiling by mass spectrometry	PXD037841	21323-052.raw	ftp://ftp.pride.ebi.ac.uk/pride/data/archive/2023/07/PXD037367/21323-052.raw	3	AC=MS:1002416;NT=Orbitrap Fusion	NT=Carbamidomethyl;AC=UNIMOD:4;TA=C;MT=Fixed	NT=Oxidation;MT=Variable;TA=M;AC=UNIMOD:35	NT=Acetyl;AC=UNIMOD:1;PP=Protein N-term;MT=variable		TMT129N	10 ppm	0.02 Da	1	Alzheimer's disease resilient	Angular gyrus
PXD037367-Sample-33-TMT129C	Homo sapiens	Brain	Angular gyrus	Brodmann area 39	not available	83	not available	Male	Alzheimer's disease with dementia	adult	not available	not available	85	not available	not available	85	7 PXD037367-Sample-33	proteomic profiling by mass spectrometry	PXD037842	21323-052.raw	ftp://ftp.pride.ebi.ac.uk/pride/data/archive/2023/07/PXD037367/21323-052.raw	3	AC=MS:1002416;NT=Orbitrap Fusion	NT=Carbamidomethyl;AC=UNIMOD:4;TA=C;MT=Fixed	NT=Oxidation;MT=Variable;TA=M;AC=UNIMOD:35	NT=Acetyl;AC=UNIMOD:1;PP=Protein N-term;MT=variable		TMT129C	10 ppm	0.02 Da	1	Alzheimer's disease with dementia	Angular gyrus
PXD037367-Sample-33-TMT130N	Homo sapiens	Brain	Angular gyrus	Brodmann area 39	not available	90	not available	Female	Alzheimer's disease frail	adult	not available	not available	86	not available	not available	86	8 PXD037367-Sample-33	proteomic profiling by mass spectrometry	PXD037843	21323-052.raw	ftp://ftp.pride.ebi.ac.uk/pride/data/archive/2023/07/PXD037367/21323-052.raw	3	AC=MS:1002416;NT=Orbitrap Fusion	NT=Carbamidomethyl;AC=UNIMOD:4;TA=C;MT=Fixed	NT=Oxidation;MT=Variable;TA=M;AC=UNIMOD:35	NT=Acetyl;AC=UNIMOD:1;PP=Protein N-term;MT=variable		TMT130N	10 ppm	0.02 Da	1	Alzheimer's disease frail	Angular gyrus
PXD037367-Sample-33-TMT130C	Homo sapiens	Brain	Angular gyrus	Brodmann area 39	not available	95	not available	Female	Alzheimer's disease resilient	adult	not available	not available	87	not available	not available	87	9 PXD037367-Sample-33	proteomic profiling by mass spectrometry	PXD037844	21323-052.raw	ftp://ftp.pride.ebi.ac.uk/pride/data/archive/2023/07/PXD037367/21323-052.raw	3	AC=MS:1002416;NT=Orbitrap Fusion	NT=Carbamidomethyl;AC=UNIMOD:4;TA=C;MT=Fixed	NT=Oxidation;MT=Variable;TA=M;AC=UNIMOD:35	NT=Acetyl;AC=UNIMOD:1;PP=Protein N-term;MT=variable		TMT130C	10 ppm	0.02 Da	1	Alzheimer's disease resilient	Angular gyrus
PXD037367-Sample-33-TMT131N	Homo sapiens	Brain	Angular gyrus	Brodmann area 39	not available	100	not available	Female	Control	adult	not available	not available	88	not available	not available	88	10 PXD037367-Sample-33	proteomic profiling by mass spectrometry	PXD037845	21323-052.raw	ftp://ftp.pride.ebi.ac.uk/pride/data/archive/2023/07/PXD037367/21323-052.raw	3	AC=MS:1002416;NT=Orbitrap Fusion	NT=Carbamidomethyl;AC=UNIMOD:4;TA=C;MT=Fixed	NT=Oxidation;MT=Variable;TA=M;AC=UNIMOD:35	NT=Acetyl;AC=UNIMOD:1;PP=Protein N-term;MT=variable		TMT131N	10 ppm	0.02 Da	1	Control	Angular gyrus
PXD037367-Sample-33-TMT131C	Homo sapiens	Brain	Angular gyrus	Brodmann area 39	not available	91	not available	Female	Alzheimer's disease with dementia	adult	not available	not available	89	not available	not available	89	11 PXD037367-Sample-33	proteomic profiling by mass spectrometry	PXD037846	21323-052.raw	ftp://ftp.pride.ebi.ac.uk/pride/data/archive/2023/07/PXD037367/21323-052.raw	3	AC=MS:1002416;NT=Orbitrap Fusion	NT=Carbamidomethyl;AC=UNIMOD:4;TA=C;MT=Fixed	NT=Oxidation;MT=Variable;TA=M;AC=UNIMOD:35	NT=Acetyl;AC=UNIMOD:1;PP=Protein N-term;MT=variable		TMT131C	10 ppm	0.02 Da	1	Alzheimer's disease with dementia	Angular gyrus
PXD037367-Sample-33-TMT132N	Homo sapiens	Brain	Angular gyrus	Brodmann area 39	not available	90	not available	Female	Control	adult	not available	not available	90	not available	not available	90	12 PXD037367-Sample-33	proteomic profiling by mass spectrometry	PXD037847	21323-052.raw	ftp://ftp.pride.ebi.ac.uk/pride/data/archive/2023/07/PXD037367/21323-052.raw	3	AC=MS:1002416;NT=Orbitrap Fusion	NT=Carbamidomethyl;AC=UNIMOD:4;TA=C;MT=Fixed	NT=Oxidation;MT=Variable;TA=M;AC=UNIMOD:35	NT=Acetyl;AC=UNIMOD:1;PP=Protein N-term;MT=variable		TMT132N	10 ppm	0.02 Da	1	Control	Angular gyrus
PXD037367-Sample-33-TMT132C	Homo sapiens	Brain	Angular gyrus	Brodmann area 39	not available	100	not available	Female	Alzheimer's disease frail	adult	not available	not available	91	not available	not available	91	13 PXD037367-Sample-33	proteomic profiling by mass spectrometry	PXD037848	21323-052.raw	ftp://ftp.pride.ebi.ac.uk/pride/data/archive/2023/07/PXD037367/21323-052.raw	3	AC=MS:1002416;NT=Orbitrap Fusion	NT=Carbamidomethyl;AC=UNIMOD:4;TA=C;MT=Fixed	NT=Oxidation;MT=Variable;TA=M;AC=UNIMOD:35	NT=Acetyl;AC=UNIMOD:1;PP=Protein N-term;MT=variable		TMT132C	10 ppm	0.02 Da	1	Alzheimer's disease frail	Angular gyrus
PXD037367-Sample-33-TMT133N	Homo sapiens	Brain	Angular gyrus	Brodmann area 39	not available	87	not available	Female	Control	adult	not available	not available	92	not available	not available	92	14 PXD037367-Sample-33	proteomic profiling by mass spectrometry	PXD037849	21323-052.raw	ftp://ftp.pride.ebi.ac.uk/pride/data/archive/2023/07/PXD037367/21323-052.raw	3	AC=MS:1002416;NT=Orbitrap Fusion	NT=Carbamidomethyl;AC=UNIMOD:4;TA=C;MT=Fixed	NT=Oxidation;MT=Variable;TA=M;AC=UNIMOD:35	NT=Acetyl;AC=UNIMOD:1;PP=Protein N-term;MT=variable		TMT133N	10 ppm	0.02 Da	1	Control	Angular gyrus
PXD037367-Sample-33-TMT133C	Homo sapiens	Brain	Angular gyrus	Brodmann area 39	not available	96	not available	Male	Alzheimer's disease with dementia	adult	not available	not available	93	not available	not available	93	15 PXD037367-Sample-33	proteomic profiling by mass spectrometry	PXD037850	21323-052.raw	ftp://ftp.pride.ebi.ac.uk/pride/data/archive/2023/07/PXD037367/21323-052.raw	3	AC=MS:1002416;NT=Orbitrap Fusion	NT=Carbamidomethyl;AC=UNIMOD:4;TA=C;MT=Fixed	NT=Oxidation;MT=Variable;TA=M;AC=UNIMOD:35	NT=Acetyl;AC=UNIMOD:1;PP=Protein N-term;MT=variable		TMT133C	10 ppm	0.02 Da	1	Alzheimer's disease with dementia	Angular gyrus
PXD037367-Sample-33-TMT134N	Homo sapiens	Brain	Angular gyrus	Brodmann area 39	not available	89	not available	Male	Alzheimer's disease frail	adult	not available	not available	94	not available	not available	94	16 PXD037367-Sample-33	proteomic profiling by mass spectrometry	PXD037851	21323-052.raw	ftp://ftp.pride.ebi.ac.uk/pride/data/archive/2023/07/PXD037367/21323-052.raw	3	AC=MS:1002416;NT=Orbitrap Fusion	NT=Carbamidomethyl;AC=UNIMOD:4;TA=C;MT=Fixed	NT=Oxidation;MT=Variable;TA=M;AC=UNIMOD:35	NT=Acetyl;AC=UNIMOD:1;PP=Protein N-term;MT=variable		TMT134N	10 ppm	0.02 Da	1	Alzheimer's disease frail	Angular gyrus
PXD037367-Sample-33-TMT134C	Homo sapiens	Brain	Angular gyrus	Brodmann area 39	not available	99	not available	Female	Alzheimer's disease resilient	adult	not available	not available	95	not available	not available	95	17 PXD037367-Sample-33	proteomic profiling by mass spectrometry	PXD037852	21323-052.raw	ftp://ftp.pride.ebi.ac.uk/pride/data/archive/2023/07/PXD037367/21323-052.raw	3	AC=MS:1002416;NT=Orbitrap Fusion	NT=Carbamidomethyl;AC=UNIMOD:4;TA=C;MT=Fixed	NT=Oxidation;MT=Variable;TA=M;AC=UNIMOD:35	NT=Acetyl;AC=UNIMOD:1;PP=Protein N-term;MT=variable		TMT134C	10 ppm	0.02 Da	1	Alzheimer's disease resilient	Angular gyrus
PXD037367-Sample-33-TMT135N	Homo sapiens	Global Internal Standard	Global Internal Standard	not applicable	not applicable	not applicable	not applicable	not applicable	Global Internal Standard	not applicable	not applicable	not applicable	not applicable	not applicable	not applicable	not applicable	18 PXD037367-Sample-33	proteomic profiling by mass spectrometry	PXD037853	21323-052.raw	ftp://ftp.pride.ebi.ac.uk/pride/data/archive/2023/07/PXD037367/21323-052.raw	3	AC=MS:1002416;NT=Orbitrap Fusion	NT=Carbamidomethyl;AC=UNIMOD:4;TA=C;MT=Fixed	NT=Oxidation;MT=Variable;TA=M;AC=UNIMOD:35	NT=Acetyl;AC=UNIMOD:1;PP=Protein N-term;MT=variable		TMT135N	10 ppm	0.02 Da	1	Global Internal Standard	Global Internal Standard
PXD037367-Sample-34-TMT126	Homo sapiens	Brain	Angular gyrus	Brodmann area 39	not available	94	not available	Female	Alzheimer's disease frail	adult	not available	not available	79	not available	not available	79	1 PXD037367-Sample-34	proteomic profiling by mass spectrometry	PXD037854	21323-053.raw	ftp://ftp.pride.ebi.ac.uk/pride/data/archive/2023/07/PXD037367/21323-053.raw	4	AC=MS:1002416;NT=Orbitrap Fusion	NT=Carbamidomethyl;AC=UNIMOD:4;TA=C;MT=Fixed	NT=Oxidation;MT=Variable;TA=M;AC=UNIMOD:35	NT=Acetyl;AC=UNIMOD:1;PP=Protein N-term;MT=variable		TMT126	10 ppm	0.02 Da	1	Alzheimer's disease frail	Angular gyrus
PXD037367-Sample-34-TMT127N	Homo sapiens	Brain	Angular gyrus	Brodmann area 39	not available	85	not available	Male	Alzheimer's disease with dementia	adult	not available	not available	80	not available	not available	80	2 PXD037367-Sample-34	proteomic profiling by mass spectrometry	PXD037855	21323-053.raw	ftp://ftp.pride.ebi.ac.uk/pride/data/archive/2023/07/PXD037367/21323-053.raw	4	AC=MS:1002416;NT=Orbitrap Fusion	NT=Carbamidomethyl;AC=UNIMOD:4;TA=C;MT=Fixed	NT=Oxidation;MT=Variable;TA=M;AC=UNIMOD:35	NT=Acetyl;AC=UNIMOD:1;PP=Protein N-term;MT=variable		TMT127N	10 ppm	0.02 Da	1	Alzheimer's disease with dementia	Angular gyrus
PXD037367-Sample-34-TMT127C	Homo sapiens	Brain	Angular gyrus	Brodmann area 39	not available	90	not available	Male	Control	adult	not available	not available	81	not available	not available	81	3 PXD037367-Sample-34	proteomic profiling by mass spectrometry	PXD037856	21323-053.raw	ftp://ftp.pride.ebi.ac.uk/pride/data/archive/2023/07/PXD037367/21323-053.raw	4	AC=MS:1002416;NT=Orbitrap Fusion	NT=Carbamidomethyl;AC=UNIMOD:4;TA=C;MT=Fixed	NT=Oxidation;MT=Variable;TA=M;AC=UNIMOD:35	NT=Acetyl;AC=UNIMOD:1;PP=Protein N-term;MT=variable		TMT127C	10 ppm	0.02 Da	1	Control	Angular gyrus
PXD037367-Sample-34-TMT128N	Homo sapiens	Brain	Angular gyrus	Brodmann area 39	not available	94	not available	Male	Alzheimer's disease resilient	adult	not available	not available	82	not available	not available	82	4 PXD037367-Sample-34	proteomic profiling by mass spectrometry	PXD037857	21323-053.raw	ftp://ftp.pride.ebi.ac.uk/pride/data/archive/2023/07/PXD037367/21323-053.raw	4	AC=MS:1002416;NT=Orbitrap Fusion	NT=Carbamidomethyl;AC=UNIMOD:4;TA=C;MT=Fixed	NT=Oxidation;MT=Variable;TA=M;AC=UNIMOD:35	NT=Acetyl;AC=UNIMOD:1;PP=Protein N-term;MT=variable		TMT128N	10 ppm	0.02 Da	1	Alzheimer's disease resilient	Angular gyrus
PXD037367-Sample-34-TMT128C	Homo sapiens	Brain	Angular gyrus	Brodmann area 39	not available	87	not available	Male	Control	adult	not available	not available	83	not available	not available	83	5 PXD037367-Sample-34	proteomic profiling by mass spectrometry	PXD037858	21323-053.raw	ftp://ftp.pride.ebi.ac.uk/pride/data/archive/2023/07/PXD037367/21323-053.raw	4	AC=MS:1002416;NT=Orbitrap Fusion	NT=Carbamidomethyl;AC=UNIMOD:4;TA=C;MT=Fixed	NT=Oxidation;MT=Variable;TA=M;AC=UNIMOD:35	NT=Acetyl;AC=UNIMOD:1;PP=Protein N-term;MT=variable		TMT128C	10 ppm	0.02 Da	1	Control	Angular gyrus
PXD037367-Sample-34-TMT129N	Homo sapiens	Brain	Angular gyrus	Brodmann area 39	not available	86	not available	Female	Alzheimer's disease resilient	adult	not available	not available	84	not available	not available	84	6 PXD037367-Sample-34	proteomic profiling by mass spectrometry	PXD037859	21323-053.raw	ftp://ftp.pride.ebi.ac.uk/pride/data/archive/2023/07/PXD037367/21323-053.raw	4	AC=MS:1002416;NT=Orbitrap Fusion	NT=Carbamidomethyl;AC=UNIMOD:4;TA=C;MT=Fixed	NT=Oxidation;MT=Variable;TA=M;AC=UNIMOD:35	NT=Acetyl;AC=UNIMOD:1;PP=Protein N-term;MT=variable		TMT129N	10 ppm	0.02 Da	1	Alzheimer's disease resilient	Angular gyrus
PXD037367-Sample-34-TMT129C	Homo sapiens	Brain	Angular gyrus	Brodmann area 39	not available	83	not available	Male	Alzheimer's disease with dementia	adult	not available	not available	85	not available	not available	85	7 PXD037367-Sample-34	proteomic profiling by mass spectrometry	PXD037860	21323-053.raw	ftp://ftp.pride.ebi.ac.uk/pride/data/archive/2023/07/PXD037367/21323-053.raw	4	AC=MS:1002416;NT=Orbitrap Fusion	NT=Carbamidomethyl;AC=UNIMOD:4;TA=C;MT=Fixed	NT=Oxidation;MT=Variable;TA=M;AC=UNIMOD:35	NT=Acetyl;AC=UNIMOD:1;PP=Protein N-term;MT=variable		TMT129C	10 ppm	0.02 Da	1	Alzheimer's disease with dementia	Angular gyrus
PXD037367-Sample-34-TMT130N	Homo sapiens	Brain	Angular gyrus	Brodmann area 39	not available	90	not available	Female	Alzheimer's disease frail	adult	not available	not available	86	not available	not available	86	8 PXD037367-Sample-34	proteomic profiling by mass spectrometry	PXD037861	21323-053.raw	ftp://ftp.pride.ebi.ac.uk/pride/data/archive/2023/07/PXD037367/21323-053.raw	4	AC=MS:1002416;NT=Orbitrap Fusion	NT=Carbamidomethyl;AC=UNIMOD:4;TA=C;MT=Fixed	NT=Oxidation;MT=Variable;TA=M;AC=UNIMOD:35	NT=Acetyl;AC=UNIMOD:1;PP=Protein N-term;MT=variable		TMT130N	10 ppm	0.02 Da	1	Alzheimer's disease frail	Angular gyrus
PXD037367-Sample-34-TMT130C	Homo sapiens	Brain	Angular gyrus	Brodmann area 39	not available	95	not available	Female	Alzheimer's disease resilient	adult	not available	not available	87	not available	not available	87	9 PXD037367-Sample-34	proteomic profiling by mass spectrometry	PXD037862	21323-053.raw	ftp://ftp.pride.ebi.ac.uk/pride/data/archive/2023/07/PXD037367/21323-053.raw	4	AC=MS:1002416;NT=Orbitrap Fusion	NT=Carbamidomethyl;AC=UNIMOD:4;TA=C;MT=Fixed	NT=Oxidation;MT=Variable;TA=M;AC=UNIMOD:35	NT=Acetyl;AC=UNIMOD:1;PP=Protein N-term;MT=variable		TMT130C	10 ppm	0.02 Da	1	Alzheimer's disease resilient	Angular gyrus
PXD037367-Sample-34-TMT131N	Homo sapiens	Brain	Angular gyrus	Brodmann area 39	not available	100	not available	Female	Control	adult	not available	not available	88	not available	not available	88	10 PXD037367-Sample-34	proteomic profiling by mass spectrometry	PXD037863	21323-053.raw	ftp://ftp.pride.ebi.ac.uk/pride/data/archive/2023/07/PXD037367/21323-053.raw	4	AC=MS:1002416;NT=Orbitrap Fusion	NT=Carbamidomethyl;AC=UNIMOD:4;TA=C;MT=Fixed	NT=Oxidation;MT=Variable;TA=M;AC=UNIMOD:35	NT=Acetyl;AC=UNIMOD:1;PP=Protein N-term;MT=variable		TMT131N	10 ppm	0.02 Da	1	Control	Angular gyrus
PXD037367-Sample-34-TMT131C	Homo sapiens	Brain	Angular gyrus	Brodmann area 39	not available	91	not available	Female	Alzheimer's disease with dementia	adult	not available	not available	89	not available	not available	89	11 PXD037367-Sample-34	proteomic profiling by mass spectrometry	PXD037864	21323-053.raw	ftp://ftp.pride.ebi.ac.uk/pride/data/archive/2023/07/PXD037367/21323-053.raw	4	AC=MS:1002416;NT=Orbitrap Fusion	NT=Carbamidomethyl;AC=UNIMOD:4;TA=C;MT=Fixed	NT=Oxidation;MT=Variable;TA=M;AC=UNIMOD:35	NT=Acetyl;AC=UNIMOD:1;PP=Protein N-term;MT=variable		TMT131C	10 ppm	0.02 Da	1	Alzheimer's disease with dementia	Angular gyrus
PXD037367-Sample-34-TMT132N	Homo sapiens	Brain	Angular gyrus	Brodmann area 39	not available	90	not available	Female	Control	adult	not available	not available	90	not available	not available	90	12 PXD037367-Sample-34	proteomic profiling by mass spectrometry	PXD037865	21323-053.raw	ftp://ftp.pride.ebi.ac.uk/pride/data/archive/2023/07/PXD037367/21323-053.raw	4	AC=MS:1002416;NT=Orbitrap Fusion	NT=Carbamidomethyl;AC=UNIMOD:4;TA=C;MT=Fixed	NT=Oxidation;MT=Variable;TA=M;AC=UNIMOD:35	NT=Acetyl;AC=UNIMOD:1;PP=Protein N-term;MT=variable		TMT132N	10 ppm	0.02 Da	1	Control	Angular gyrus
PXD037367-Sample-34-TMT132C	Homo sapiens	Brain	Angular gyrus	Brodmann area 39	not available	100	not available	Female	Alzheimer's disease frail	adult	not available	not available	91	not available	not available	91	13 PXD037367-Sample-34	proteomic profiling by mass spectrometry	PXD037866	21323-053.raw	ftp://ftp.pride.ebi.ac.uk/pride/data/archive/2023/07/PXD037367/21323-053.raw	4	AC=MS:1002416;NT=Orbitrap Fusion	NT=Carbamidomethyl;AC=UNIMOD:4;TA=C;MT=Fixed	NT=Oxidation;MT=Variable;TA=M;AC=UNIMOD:35	NT=Acetyl;AC=UNIMOD:1;PP=Protein N-term;MT=variable		TMT132C	10 ppm	0.02 Da	1	Alzheimer's disease frail	Angular gyrus
PXD037367-Sample-34-TMT133N	Homo sapiens	Brain	Angular gyrus	Brodmann area 39	not available	87	not available	Female	Control	adult	not available	not available	92	not available	not available	92	14 PXD037367-Sample-34	proteomic profiling by mass spectrometry	PXD037867	21323-053.raw	ftp://ftp.pride.ebi.ac.uk/pride/data/archive/2023/07/PXD037367/21323-053.raw	4	AC=MS:1002416;NT=Orbitrap Fusion	NT=Carbamidomethyl;AC=UNIMOD:4;TA=C;MT=Fixed	NT=Oxidation;MT=Variable;TA=M;AC=UNIMOD:35	NT=Acetyl;AC=UNIMOD:1;PP=Protein N-term;MT=variable		TMT133N	10 ppm	0.02 Da	1	Control	Angular gyrus
PXD037367-Sample-34-TMT133C	Homo sapiens	Brain	Angular gyrus	Brodmann area 39	not available	96	not available	Male	Alzheimer's disease with dementia	adult	not available	not available	93	not available	not available	93	15 PXD037367-Sample-34	proteomic profiling by mass spectrometry	PXD037868	21323-053.raw	ftp://ftp.pride.ebi.ac.uk/pride/data/archive/2023/07/PXD037367/21323-053.raw	4	AC=MS:1002416;NT=Orbitrap Fusion	NT=Carbamidomethyl;AC=UNIMOD:4;TA=C;MT=Fixed	NT=Oxidation;MT=Variable;TA=M;AC=UNIMOD:35	NT=Acetyl;AC=UNIMOD:1;PP=Protein N-term;MT=variable		TMT133C	10 ppm	0.02 Da	1	Alzheimer's disease with dementia	Angular gyrus
PXD037367-Sample-34-TMT134N	Homo sapiens	Brain	Angular gyrus	Brodmann area 39	not available	89	not available	Male	Alzheimer's disease frail	adult	not available	not available	94	not available	not available	94	16 PXD037367-Sample-34	proteomic profiling by mass spectrometry	PXD037869	21323-053.raw	ftp://ftp.pride.ebi.ac.uk/pride/data/archive/2023/07/PXD037367/21323-053.raw	4	AC=MS:1002416;NT=Orbitrap Fusion	NT=Carbamidomethyl;AC=UNIMOD:4;TA=C;MT=Fixed	NT=Oxidation;MT=Variable;TA=M;AC=UNIMOD:35	NT=Acetyl;AC=UNIMOD:1;PP=Protein N-term;MT=variable		TMT134N	10 ppm	0.02 Da	1	Alzheimer's disease frail	Angular gyrus
PXD037367-Sample-34-TMT134C	Homo sapiens	Brain	Angular gyrus	Brodmann area 39	not available	99	not available	Female	Alzheimer's disease resilient	adult	not available	not available	95	not available	not available	95	17 PXD037367-Sample-34	proteomic profiling by mass spectrometry	PXD037870	21323-053.raw	ftp://ftp.pride.ebi.ac.uk/pride/data/archive/2023/07/PXD037367/21323-053.raw	4	AC=MS:1002416;NT=Orbitrap Fusion	NT=Carbamidomethyl;AC=UNIMOD:4;TA=C;MT=Fixed	NT=Oxidation;MT=Variable;TA=M;AC=UNIMOD:35	NT=Acetyl;AC=UNIMOD:1;PP=Protein N-term;MT=variable		TMT134C	10 ppm	0.02 Da	1	Alzheimer's disease resilient	Angular gyrus
PXD037367-Sample-34-TMT135N	Homo sapiens	Global Internal Standard	Global Internal Standard	not applicable	not applicable	not applicable	not applicable	not applicable	Global Internal Standard	not applicable	not applicable	not applicable	not applicable	not applicable	not applicable	not applicable	18 PXD037367-Sample-34	proteomic profiling by mass spectrometry	PXD037871	21323-053.raw	ftp://ftp.pride.ebi.ac.uk/pride/data/archive/2023/07/PXD037367/21323-053.raw	4	AC=MS:1002416;NT=Orbitrap Fusion	NT=Carbamidomethyl;AC=UNIMOD:4;TA=C;MT=Fixed	NT=Oxidation;MT=Variable;TA=M;AC=UNIMOD:35	NT=Acetyl;AC=UNIMOD:1;PP=Protein N-term;MT=variable		TMT135N	10 ppm	0.02 Da	1	Global Internal Standard	Global Internal Standard
PXD037367-Sample-35-TMT126	Homo sapiens	Brain	Angular gyrus	Brodmann area 39	not available	94	not available	Female	Alzheimer's disease frail	adult	not available	not available	79	not available	not available	79	1 PXD037367-Sample-35	proteomic profiling by mass spectrometry	PXD037872	21323-054.raw	ftp://ftp.pride.ebi.ac.uk/pride/data/archive/2023/07/PXD037367/21323-054.raw	5	AC=MS:1002416;NT=Orbitrap Fusion	NT=Carbamidomethyl;AC=UNIMOD:4;TA=C;MT=Fixed	NT=Oxidation;MT=Variable;TA=M;AC=UNIMOD:35	NT=Acetyl;AC=UNIMOD:1;PP=Protein N-term;MT=variable		TMT126	10 ppm	0.02 Da	1	Alzheimer's disease frail	Angular gyrus
PXD037367-Sample-35-TMT127N	Homo sapiens	Brain	Angular gyrus	Brodmann area 39	not available	85	not available	Male	Alzheimer's disease with dementia	adult	not available	not available	80	not available	not available	80	2 PXD037367-Sample-35	proteomic profiling by mass spectrometry	PXD037873	21323-054.raw	ftp://ftp.pride.ebi.ac.uk/pride/data/archive/2023/07/PXD037367/21323-054.raw	5	AC=MS:1002416;NT=Orbitrap Fusion	NT=Carbamidomethyl;AC=UNIMOD:4;TA=C;MT=Fixed	NT=Oxidation;MT=Variable;TA=M;AC=UNIMOD:35	NT=Acetyl;AC=UNIMOD:1;PP=Protein N-term;MT=variable		TMT127N	10 ppm	0.02 Da	1	Alzheimer's disease with dementia	Angular gyrus
PXD037367-Sample-35-TMT127C	Homo sapiens	Brain	Angular gyrus	Brodmann area 39	not available	90	not available	Male	Control	adult	not available	not available	81	not available	not available	81	3 PXD037367-Sample-35	proteomic profiling by mass spectrometry	PXD037874	21323-054.raw	ftp://ftp.pride.ebi.ac.uk/pride/data/archive/2023/07/PXD037367/21323-054.raw	5	AC=MS:1002416;NT=Orbitrap Fusion	NT=Carbamidomethyl;AC=UNIMOD:4;TA=C;MT=Fixed	NT=Oxidation;MT=Variable;TA=M;AC=UNIMOD:35	NT=Acetyl;AC=UNIMOD:1;PP=Protein N-term;MT=variable		TMT127C	10 ppm	0.02 Da	1	Control	Angular gyrus
PXD037367-Sample-35-TMT128N	Homo sapiens	Brain	Angular gyrus	Brodmann area 39	not available	94	not available	Male	Alzheimer's disease resilient	adult	not available	not available	82	not available	not available	82	4 PXD037367-Sample-35	proteomic profiling by mass spectrometry	PXD037875	21323-054.raw	ftp://ftp.pride.ebi.ac.uk/pride/data/archive/2023/07/PXD037367/21323-054.raw	5	AC=MS:1002416;NT=Orbitrap Fusion	NT=Carbamidomethyl;AC=UNIMOD:4;TA=C;MT=Fixed	NT=Oxidation;MT=Variable;TA=M;AC=UNIMOD:35	NT=Acetyl;AC=UNIMOD:1;PP=Protein N-term;MT=variable		TMT128N	10 ppm	0.02 Da	1	Alzheimer's disease resilient	Angular gyrus
PXD037367-Sample-35-TMT128C	Homo sapiens	Brain	Angular gyrus	Brodmann area 39	not available	87	not available	Male	Control	adult	not available	not available	83	not available	not available	83	5 PXD037367-Sample-35	proteomic profiling by mass spectrometry	PXD037876	21323-054.raw	ftp://ftp.pride.ebi.ac.uk/pride/data/archive/2023/07/PXD037367/21323-054.raw	5	AC=MS:1002416;NT=Orbitrap Fusion	NT=Carbamidomethyl;AC=UNIMOD:4;TA=C;MT=Fixed	NT=Oxidation;MT=Variable;TA=M;AC=UNIMOD:35	NT=Acetyl;AC=UNIMOD:1;PP=Protein N-term;MT=variable		TMT128C	10 ppm	0.02 Da	1	Control	Angular gyrus
PXD037367-Sample-35-TMT129N	Homo sapiens	Brain	Angular gyrus	Brodmann area 39	not available	86	not available	Female	Alzheimer's disease resilient	adult	not available	not available	84	not available	not available	84	6 PXD037367-Sample-35	proteomic profiling by mass spectrometry	PXD037877	21323-054.raw	ftp://ftp.pride.ebi.ac.uk/pride/data/archive/2023/07/PXD037367/21323-054.raw	5	AC=MS:1002416;NT=Orbitrap Fusion	NT=Carbamidomethyl;AC=UNIMOD:4;TA=C;MT=Fixed	NT=Oxidation;MT=Variable;TA=M;AC=UNIMOD:35	NT=Acetyl;AC=UNIMOD:1;PP=Protein N-term;MT=variable		TMT129N	10 ppm	0.02 Da	1	Alzheimer's disease resilient	Angular gyrus
PXD037367-Sample-35-TMT129C	Homo sapiens	Brain	Angular gyrus	Brodmann area 39	not available	83	not available	Male	Alzheimer's disease with dementia	adult	not available	not available	85	not available	not available	85	7 PXD037367-Sample-35	proteomic profiling by mass spectrometry	PXD037878	21323-054.raw	ftp://ftp.pride.ebi.ac.uk/pride/data/archive/2023/07/PXD037367/21323-054.raw	5	AC=MS:1002416;NT=Orbitrap Fusion	NT=Carbamidomethyl;AC=UNIMOD:4;TA=C;MT=Fixed	NT=Oxidation;MT=Variable;TA=M;AC=UNIMOD:35	NT=Acetyl;AC=UNIMOD:1;PP=Protein N-term;MT=variable		TMT129C	10 ppm	0.02 Da	1	Alzheimer's disease with dementia	Angular gyrus
PXD037367-Sample-35-TMT130N	Homo sapiens	Brain	Angular gyrus	Brodmann area 39	not available	90	not available	Female	Alzheimer's disease frail	adult	not available	not available	86	not available	not available	86	8 PXD037367-Sample-35	proteomic profiling by mass spectrometry	PXD037879	21323-054.raw	ftp://ftp.pride.ebi.ac.uk/pride/data/archive/2023/07/PXD037367/21323-054.raw	5	AC=MS:1002416;NT=Orbitrap Fusion	NT=Carbamidomethyl;AC=UNIMOD:4;TA=C;MT=Fixed	NT=Oxidation;MT=Variable;TA=M;AC=UNIMOD:35	NT=Acetyl;AC=UNIMOD:1;PP=Protein N-term;MT=variable		TMT130N	10 ppm	0.02 Da	1	Alzheimer's disease frail	Angular gyrus
PXD037367-Sample-35-TMT130C	Homo sapiens	Brain	Angular gyrus	Brodmann area 39	not available	95	not available	Female	Alzheimer's disease resilient	adult	not available	not available	87	not available	not available	87	9 PXD037367-Sample-35	proteomic profiling by mass spectrometry	PXD037880	21323-054.raw	ftp://ftp.pride.ebi.ac.uk/pride/data/archive/2023/07/PXD037367/21323-054.raw	5	AC=MS:1002416;NT=Orbitrap Fusion	NT=Carbamidomethyl;AC=UNIMOD:4;TA=C;MT=Fixed	NT=Oxidation;MT=Variable;TA=M;AC=UNIMOD:35	NT=Acetyl;AC=UNIMOD:1;PP=Protein N-term;MT=variable		TMT130C	10 ppm	0.02 Da	1	Alzheimer's disease resilient	Angular gyrus
PXD037367-Sample-35-TMT131N	Homo sapiens	Brain	Angular gyrus	Brodmann area 39	not available	100	not available	Female	Control	adult	not available	not available	88	not available	not available	88	10 PXD037367-Sample-35	proteomic profiling by mass spectrometry	PXD037881	21323-054.raw	ftp://ftp.pride.ebi.ac.uk/pride/data/archive/2023/07/PXD037367/21323-054.raw	5	AC=MS:1002416;NT=Orbitrap Fusion	NT=Carbamidomethyl;AC=UNIMOD:4;TA=C;MT=Fixed	NT=Oxidation;MT=Variable;TA=M;AC=UNIMOD:35	NT=Acetyl;AC=UNIMOD:1;PP=Protein N-term;MT=variable		TMT131N	10 ppm	0.02 Da	1	Control	Angular gyrus
PXD037367-Sample-35-TMT131C	Homo sapiens	Brain	Angular gyrus	Brodmann area 39	not available	91	not available	Female	Alzheimer's disease with dementia	adult	not available	not available	89	not available	not available	89	11 PXD037367-Sample-35	proteomic profiling by mass spectrometry	PXD037882	21323-054.raw	ftp://ftp.pride.ebi.ac.uk/pride/data/archive/2023/07/PXD037367/21323-054.raw	5	AC=MS:1002416;NT=Orbitrap Fusion	NT=Carbamidomethyl;AC=UNIMOD:4;TA=C;MT=Fixed	NT=Oxidation;MT=Variable;TA=M;AC=UNIMOD:35	NT=Acetyl;AC=UNIMOD:1;PP=Protein N-term;MT=variable		TMT131C	10 ppm	0.02 Da	1	Alzheimer's disease with dementia	Angular gyrus
PXD037367-Sample-35-TMT132N	Homo sapiens	Brain	Angular gyrus	Brodmann area 39	not available	90	not available	Female	Control	adult	not available	not available	90	not available	not available	90	12 PXD037367-Sample-35	proteomic profiling by mass spectrometry	PXD037883	21323-054.raw	ftp://ftp.pride.ebi.ac.uk/pride/data/archive/2023/07/PXD037367/21323-054.raw	5	AC=MS:1002416;NT=Orbitrap Fusion	NT=Carbamidomethyl;AC=UNIMOD:4;TA=C;MT=Fixed	NT=Oxidation;MT=Variable;TA=M;AC=UNIMOD:35	NT=Acetyl;AC=UNIMOD:1;PP=Protein N-term;MT=variable		TMT132N	10 ppm	0.02 Da	1	Control	Angular gyrus
PXD037367-Sample-35-TMT132C	Homo sapiens	Brain	Angular gyrus	Brodmann area 39	not available	100	not available	Female	Alzheimer's disease frail	adult	not available	not available	91	not available	not available	91	13 PXD037367-Sample-35	proteomic profiling by mass spectrometry	PXD037884	21323-054.raw	ftp://ftp.pride.ebi.ac.uk/pride/data/archive/2023/07/PXD037367/21323-054.raw	5	AC=MS:1002416;NT=Orbitrap Fusion	NT=Carbamidomethyl;AC=UNIMOD:4;TA=C;MT=Fixed	NT=Oxidation;MT=Variable;TA=M;AC=UNIMOD:35	NT=Acetyl;AC=UNIMOD:1;PP=Protein N-term;MT=variable		TMT132C	10 ppm	0.02 Da	1	Alzheimer's disease frail	Angular gyrus
PXD037367-Sample-35-TMT133N	Homo sapiens	Brain	Angular gyrus	Brodmann area 39	not available	87	not available	Female	Control	adult	not available	not available	92	not available	not available	92	14 PXD037367-Sample-35	proteomic profiling by mass spectrometry	PXD037885	21323-054.raw	ftp://ftp.pride.ebi.ac.uk/pride/data/archive/2023/07/PXD037367/21323-054.raw	5	AC=MS:1002416;NT=Orbitrap Fusion	NT=Carbamidomethyl;AC=UNIMOD:4;TA=C;MT=Fixed	NT=Oxidation;MT=Variable;TA=M;AC=UNIMOD:35	NT=Acetyl;AC=UNIMOD:1;PP=Protein N-term;MT=variable		TMT133N	10 ppm	0.02 Da	1	Control	Angular gyrus
PXD037367-Sample-35-TMT133C	Homo sapiens	Brain	Angular gyrus	Brodmann area 39	not available	96	not available	Male	Alzheimer's disease with dementia	adult	not available	not available	93	not available	not available	93	15 PXD037367-Sample-35	proteomic profiling by mass spectrometry	PXD037886	21323-054.raw	ftp://ftp.pride.ebi.ac.uk/pride/data/archive/2023/07/PXD037367/21323-054.raw	5	AC=MS:1002416;NT=Orbitrap Fusion	NT=Carbamidomethyl;AC=UNIMOD:4;TA=C;MT=Fixed	NT=Oxidation;MT=Variable;TA=M;AC=UNIMOD:35	NT=Acetyl;AC=UNIMOD:1;PP=Protein N-term;MT=variable		TMT133C	10 ppm	0.02 Da	1	Alzheimer's disease with dementia	Angular gyrus
PXD037367-Sample-35-TMT134N	Homo sapiens	Brain	Angular gyrus	Brodmann area 39	not available	89	not available	Male	Alzheimer's disease frail	adult	not available	not available	94	not available	not available	94	16 PXD037367-Sample-35	proteomic profiling by mass spectrometry	PXD037887	21323-054.raw	ftp://ftp.pride.ebi.ac.uk/pride/data/archive/2023/07/PXD037367/21323-054.raw	5	AC=MS:1002416;NT=Orbitrap Fusion	NT=Carbamidomethyl;AC=UNIMOD:4;TA=C;MT=Fixed	NT=Oxidation;MT=Variable;TA=M;AC=UNIMOD:35	NT=Acetyl;AC=UNIMOD:1;PP=Protein N-term;MT=variable		TMT134N	10 ppm	0.02 Da	1	Alzheimer's disease frail	Angular gyrus
PXD037367-Sample-35-TMT134C	Homo sapiens	Brain	Angular gyrus	Brodmann area 39	not available	99	not available	Female	Alzheimer's disease resilient	adult	not available	not available	95	not available	not available	95	17 PXD037367-Sample-35	proteomic profiling by mass spectrometry	PXD037888	21323-054.raw	ftp://ftp.pride.ebi.ac.uk/pride/data/archive/2023/07/PXD037367/21323-054.raw	5	AC=MS:1002416;NT=Orbitrap Fusion	NT=Carbamidomethyl;AC=UNIMOD:4;TA=C;MT=Fixed	NT=Oxidation;MT=Variable;TA=M;AC=UNIMOD:35	NT=Acetyl;AC=UNIMOD:1;PP=Protein N-term;MT=variable		TMT134C	10 ppm	0.02 Da	1	Alzheimer's disease resilient	Angular gyrus
PXD037367-Sample-35-TMT135N	Homo sapiens	Global Internal Standard	Global Internal Standard	not applicable	not applicable	not applicable	not applicable	not applicable	Global Internal Standard	not applicable	not applicable	not applicable	not applicable	not applicable	not applicable	not applicable	18 PXD037367-Sample-35	proteomic profiling by mass spectrometry	PXD037889	21323-054.raw	ftp://ftp.pride.ebi.ac.uk/pride/data/archive/2023/07/PXD037367/21323-054.raw	5	AC=MS:1002416;NT=Orbitrap Fusion	NT=Carbamidomethyl;AC=UNIMOD:4;TA=C;MT=Fixed	NT=Oxidation;MT=Variable;TA=M;AC=UNIMOD:35	NT=Acetyl;AC=UNIMOD:1;PP=Protein N-term;MT=variable		TMT135N	10 ppm	0.02 Da	1	Global Internal Standard	Global Internal Standard
PXD037367-Sample-36-TMT126	Homo sapiens	Brain	Angular gyrus	Brodmann area 39	not available	94	not available	Female	Alzheimer's disease frail	adult	not available	not available	79	not available	not available	79	1 PXD037367-Sample-36	proteomic profiling by mass spectrometry	PXD037890	21323-055.raw	ftp://ftp.pride.ebi.ac.uk/pride/data/archive/2023/07/PXD037367/21323-055.raw	6	AC=MS:1002416;NT=Orbitrap Fusion	NT=Carbamidomethyl;AC=UNIMOD:4;TA=C;MT=Fixed	NT=Oxidation;MT=Variable;TA=M;AC=UNIMOD:35	NT=Acetyl;AC=UNIMOD:1;PP=Protein N-term;MT=variable		TMT126	10 ppm	0.02 Da	1	Alzheimer's disease frail	Angular gyrus
PXD037367-Sample-36-TMT127N	Homo sapiens	Brain	Angular gyrus	Brodmann area 39	not available	85	not available	Male	Alzheimer's disease with dementia	adult	not available	not available	80	not available	not available	80	2 PXD037367-Sample-36	proteomic profiling by mass spectrometry	PXD037891	21323-055.raw	ftp://ftp.pride.ebi.ac.uk/pride/data/archive/2023/07/PXD037367/21323-055.raw	6	AC=MS:1002416;NT=Orbitrap Fusion	NT=Carbamidomethyl;AC=UNIMOD:4;TA=C;MT=Fixed	NT=Oxidation;MT=Variable;TA=M;AC=UNIMOD:35	NT=Acetyl;AC=UNIMOD:1;PP=Protein N-term;MT=variable		TMT127N	10 ppm	0.02 Da	1	Alzheimer's disease with dementia	Angular gyrus
PXD037367-Sample-36-TMT127C	Homo sapiens	Brain	Angular gyrus	Brodmann area 39	not available	90	not available	Male	Control	adult	not available	not available	81	not available	not available	81	3 PXD037367-Sample-36	proteomic profiling by mass spectrometry	PXD037892	21323-055.raw	ftp://ftp.pride.ebi.ac.uk/pride/data/archive/2023/07/PXD037367/21323-055.raw	6	AC=MS:1002416;NT=Orbitrap Fusion	NT=Carbamidomethyl;AC=UNIMOD:4;TA=C;MT=Fixed	NT=Oxidation;MT=Variable;TA=M;AC=UNIMOD:35	NT=Acetyl;AC=UNIMOD:1;PP=Protein N-term;MT=variable		TMT127C	10 ppm	0.02 Da	1	Control	Angular gyrus
PXD037367-Sample-36-TMT128N	Homo sapiens	Brain	Angular gyrus	Brodmann area 39	not available	94	not available	Male	Alzheimer's disease resilient	adult	not available	not available	82	not available	not available	82	4 PXD037367-Sample-36	proteomic profiling by mass spectrometry	PXD037893	21323-055.raw	ftp://ftp.pride.ebi.ac.uk/pride/data/archive/2023/07/PXD037367/21323-055.raw	6	AC=MS:1002416;NT=Orbitrap Fusion	NT=Carbamidomethyl;AC=UNIMOD:4;TA=C;MT=Fixed	NT=Oxidation;MT=Variable;TA=M;AC=UNIMOD:35	NT=Acetyl;AC=UNIMOD:1;PP=Protein N-term;MT=variable		TMT128N	10 ppm	0.02 Da	1	Alzheimer's disease resilient	Angular gyrus
PXD037367-Sample-36-TMT128C	Homo sapiens	Brain	Angular gyrus	Brodmann area 39	not available	87	not available	Male	Control	adult	not available	not available	83	not available	not available	83	5 PXD037367-Sample-36	proteomic profiling by mass spectrometry	PXD037894	21323-055.raw	ftp://ftp.pride.ebi.ac.uk/pride/data/archive/2023/07/PXD037367/21323-055.raw	6	AC=MS:1002416;NT=Orbitrap Fusion	NT=Carbamidomethyl;AC=UNIMOD:4;TA=C;MT=Fixed	NT=Oxidation;MT=Variable;TA=M;AC=UNIMOD:35	NT=Acetyl;AC=UNIMOD:1;PP=Protein N-term;MT=variable		TMT128C	10 ppm	0.02 Da	1	Control	Angular gyrus
PXD037367-Sample-36-TMT129N	Homo sapiens	Brain	Angular gyrus	Brodmann area 39	not available	86	not available	Female	Alzheimer's disease resilient	adult	not available	not available	84	not available	not available	84	6 PXD037367-Sample-36	proteomic profiling by mass spectrometry	PXD037895	21323-055.raw	ftp://ftp.pride.ebi.ac.uk/pride/data/archive/2023/07/PXD037367/21323-055.raw	6	AC=MS:1002416;NT=Orbitrap Fusion	NT=Carbamidomethyl;AC=UNIMOD:4;TA=C;MT=Fixed	NT=Oxidation;MT=Variable;TA=M;AC=UNIMOD:35	NT=Acetyl;AC=UNIMOD:1;PP=Protein N-term;MT=variable		TMT129N	10 ppm	0.02 Da	1	Alzheimer's disease resilient	Angular gyrus
PXD037367-Sample-36-TMT129C	Homo sapiens	Brain	Angular gyrus	Brodmann area 39	not available	83	not available	Male	Alzheimer's disease with dementia	adult	not available	not available	85	not available	not available	85	7 PXD037367-Sample-36	proteomic profiling by mass spectrometry	PXD037896	21323-055.raw	ftp://ftp.pride.ebi.ac.uk/pride/data/archive/2023/07/PXD037367/21323-055.raw	6	AC=MS:1002416;NT=Orbitrap Fusion	NT=Carbamidomethyl;AC=UNIMOD:4;TA=C;MT=Fixed	NT=Oxidation;MT=Variable;TA=M;AC=UNIMOD:35	NT=Acetyl;AC=UNIMOD:1;PP=Protein N-term;MT=variable		TMT129C	10 ppm	0.02 Da	1	Alzheimer's disease with dementia	Angular gyrus
PXD037367-Sample-36-TMT130N	Homo sapiens	Brain	Angular gyrus	Brodmann area 39	not available	90	not available	Female	Alzheimer's disease frail	adult	not available	not available	86	not available	not available	86	8 PXD037367-Sample-36	proteomic profiling by mass spectrometry	PXD037897	21323-055.raw	ftp://ftp.pride.ebi.ac.uk/pride/data/archive/2023/07/PXD037367/21323-055.raw	6	AC=MS:1002416;NT=Orbitrap Fusion	NT=Carbamidomethyl;AC=UNIMOD:4;TA=C;MT=Fixed	NT=Oxidation;MT=Variable;TA=M;AC=UNIMOD:35	NT=Acetyl;AC=UNIMOD:1;PP=Protein N-term;MT=variable		TMT130N	10 ppm	0.02 Da	1	Alzheimer's disease frail	Angular gyrus
PXD037367-Sample-36-TMT130C	Homo sapiens	Brain	Angular gyrus	Brodmann area 39	not available	95	not available	Female	Alzheimer's disease resilient	adult	not available	not available	87	not available	not available	87	9 PXD037367-Sample-36	proteomic profiling by mass spectrometry	PXD037898	21323-055.raw	ftp://ftp.pride.ebi.ac.uk/pride/data/archive/2023/07/PXD037367/21323-055.raw	6	AC=MS:1002416;NT=Orbitrap Fusion	NT=Carbamidomethyl;AC=UNIMOD:4;TA=C;MT=Fixed	NT=Oxidation;MT=Variable;TA=M;AC=UNIMOD:35	NT=Acetyl;AC=UNIMOD:1;PP=Protein N-term;MT=variable		TMT130C	10 ppm	0.02 Da	1	Alzheimer's disease resilient	Angular gyrus
PXD037367-Sample-36-TMT131N	Homo sapiens	Brain	Angular gyrus	Brodmann area 39	not available	100	not available	Female	Control	adult	not available	not available	88	not available	not available	88	10 PXD037367-Sample-36	proteomic profiling by mass spectrometry	PXD037899	21323-055.raw	ftp://ftp.pride.ebi.ac.uk/pride/data/archive/2023/07/PXD037367/21323-055.raw	6	AC=MS:1002416;NT=Orbitrap Fusion	NT=Carbamidomethyl;AC=UNIMOD:4;TA=C;MT=Fixed	NT=Oxidation;MT=Variable;TA=M;AC=UNIMOD:35	NT=Acetyl;AC=UNIMOD:1;PP=Protein N-term;MT=variable		TMT131N	10 ppm	0.02 Da	1	Control	Angular gyrus
PXD037367-Sample-36-TMT131C	Homo sapiens	Brain	Angular gyrus	Brodmann area 39	not available	91	not available	Female	Alzheimer's disease with dementia	adult	not available	not available	89	not available	not available	89	11 PXD037367-Sample-36	proteomic profiling by mass spectrometry	PXD037900	21323-055.raw	ftp://ftp.pride.ebi.ac.uk/pride/data/archive/2023/07/PXD037367/21323-055.raw	6	AC=MS:1002416;NT=Orbitrap Fusion	NT=Carbamidomethyl;AC=UNIMOD:4;TA=C;MT=Fixed	NT=Oxidation;MT=Variable;TA=M;AC=UNIMOD:35	NT=Acetyl;AC=UNIMOD:1;PP=Protein N-term;MT=variable		TMT131C	10 ppm	0.02 Da	1	Alzheimer's disease with dementia	Angular gyrus
PXD037367-Sample-36-TMT132N	Homo sapiens	Brain	Angular gyrus	Brodmann area 39	not available	90	not available	Female	Control	adult	not available	not available	90	not available	not available	90	12 PXD037367-Sample-36	proteomic profiling by mass spectrometry	PXD037901	21323-055.raw	ftp://ftp.pride.ebi.ac.uk/pride/data/archive/2023/07/PXD037367/21323-055.raw	6	AC=MS:1002416;NT=Orbitrap Fusion	NT=Carbamidomethyl;AC=UNIMOD:4;TA=C;MT=Fixed	NT=Oxidation;MT=Variable;TA=M;AC=UNIMOD:35	NT=Acetyl;AC=UNIMOD:1;PP=Protein N-term;MT=variable		TMT132N	10 ppm	0.02 Da	1	Control	Angular gyrus
PXD037367-Sample-36-TMT132C	Homo sapiens	Brain	Angular gyrus	Brodmann area 39	not available	100	not available	Female	Alzheimer's disease frail	adult	not available	not available	91	not available	not available	91	13 PXD037367-Sample-36	proteomic profiling by mass spectrometry	PXD037902	21323-055.raw	ftp://ftp.pride.ebi.ac.uk/pride/data/archive/2023/07/PXD037367/21323-055.raw	6	AC=MS:1002416;NT=Orbitrap Fusion	NT=Carbamidomethyl;AC=UNIMOD:4;TA=C;MT=Fixed	NT=Oxidation;MT=Variable;TA=M;AC=UNIMOD:35	NT=Acetyl;AC=UNIMOD:1;PP=Protein N-term;MT=variable		TMT132C	10 ppm	0.02 Da	1	Alzheimer's disease frail	Angular gyrus
PXD037367-Sample-36-TMT133N	Homo sapiens	Brain	Angular gyrus	Brodmann area 39	not available	87	not available	Female	Control	adult	not available	not available	92	not available	not available	92	14 PXD037367-Sample-36	proteomic profiling by mass spectrometry	PXD037903	21323-055.raw	ftp://ftp.pride.ebi.ac.uk/pride/data/archive/2023/07/PXD037367/21323-055.raw	6	AC=MS:1002416;NT=Orbitrap Fusion	NT=Carbamidomethyl;AC=UNIMOD:4;TA=C;MT=Fixed	NT=Oxidation;MT=Variable;TA=M;AC=UNIMOD:35	NT=Acetyl;AC=UNIMOD:1;PP=Protein N-term;MT=variable		TMT133N	10 ppm	0.02 Da	1	Control	Angular gyrus
PXD037367-Sample-36-TMT133C	Homo sapiens	Brain	Angular gyrus	Brodmann area 39	not available	96	not available	Male	Alzheimer's disease with dementia	adult	not available	not available	93	not available	not available	93	15 PXD037367-Sample-36	proteomic profiling by mass spectrometry	PXD037904	21323-055.raw	ftp://ftp.pride.ebi.ac.uk/pride/data/archive/2023/07/PXD037367/21323-055.raw	6	AC=MS:1002416;NT=Orbitrap Fusion	NT=Carbamidomethyl;AC=UNIMOD:4;TA=C;MT=Fixed	NT=Oxidation;MT=Variable;TA=M;AC=UNIMOD:35	NT=Acetyl;AC=UNIMOD:1;PP=Protein N-term;MT=variable		TMT133C	10 ppm	0.02 Da	1	Alzheimer's disease with dementia	Angular gyrus
PXD037367-Sample-36-TMT134N	Homo sapiens	Brain	Angular gyrus	Brodmann area 39	not available	89	not available	Male	Alzheimer's disease frail	adult	not available	not available	94	not available	not available	94	16 PXD037367-Sample-36	proteomic profiling by mass spectrometry	PXD037905	21323-055.raw	ftp://ftp.pride.ebi.ac.uk/pride/data/archive/2023/07/PXD037367/21323-055.raw	6	AC=MS:1002416;NT=Orbitrap Fusion	NT=Carbamidomethyl;AC=UNIMOD:4;TA=C;MT=Fixed	NT=Oxidation;MT=Variable;TA=M;AC=UNIMOD:35	NT=Acetyl;AC=UNIMOD:1;PP=Protein N-term;MT=variable		TMT134N	10 ppm	0.02 Da	1	Alzheimer's disease frail	Angular gyrus
PXD037367-Sample-36-TMT134C	Homo sapiens	Brain	Angular gyrus	Brodmann area 39	not available	99	not available	Female	Alzheimer's disease resilient	adult	not available	not available	95	not available	not available	95	17 PXD037367-Sample-36	proteomic profiling by mass spectrometry	PXD037906	21323-055.raw	ftp://ftp.pride.ebi.ac.uk/pride/data/archive/2023/07/PXD037367/21323-055.raw	6	AC=MS:1002416;NT=Orbitrap Fusion	NT=Carbamidomethyl;AC=UNIMOD:4;TA=C;MT=Fixed	NT=Oxidation;MT=Variable;TA=M;AC=UNIMOD:35	NT=Acetyl;AC=UNIMOD:1;PP=Protein N-term;MT=variable		TMT134C	10 ppm	0.02 Da	1	Alzheimer's disease resilient	Angular gyrus
PXD037367-Sample-36-TMT135N	Homo sapiens	Global Internal Standard	Global Internal Standard	not applicable	not applicable	not applicable	not applicable	not applicable	Global Internal Standard	not applicable	not applicable	not applicable	not applicable	not applicable	not applicable	not applicable	18 PXD037367-Sample-36	proteomic profiling by mass spectrometry	PXD037907	21323-055.raw	ftp://ftp.pride.ebi.ac.uk/pride/data/archive/2023/07/PXD037367/21323-055.raw	6	AC=MS:1002416;NT=Orbitrap Fusion	NT=Carbamidomethyl;AC=UNIMOD:4;TA=C;MT=Fixed	NT=Oxidation;MT=Variable;TA=M;AC=UNIMOD:35	NT=Acetyl;AC=UNIMOD:1;PP=Protein N-term;MT=variable		TMT135N	10 ppm	0.02 Da	1	Global Internal Standard	Global Internal Standard
PXD037367-Sample-37-TMT126	Homo sapiens	Brain	Angular gyrus	Brodmann area 39	not available	95	not available	Male	Alzheimer's disease resilient	adult	not available	not available	96	not available	not available	96	1 PXD037367-Sample-37	proteomic profiling by mass spectrometry	PXD037908	21323-038.raw	ftp://ftp.pride.ebi.ac.uk/pride/data/archive/2023/07/PXD037367/21323-038.raw	1	AC=MS:1002416;NT=Orbitrap Fusion	NT=Carbamidomethyl;AC=UNIMOD:4;TA=C;MT=Fixed	NT=Oxidation;MT=Variable;TA=M;AC=UNIMOD:35	NT=Acetyl;AC=UNIMOD:1;PP=Protein N-term;MT=variable		TMT126	10 ppm	0.02 Da	1	Alzheimer's disease resilient	Angular gyrus
PXD037367-Sample-37-TMT127N	Homo sapiens	Brain	Angular gyrus	Brodmann area 39	not available	88	not available	Male	Alzheimer's disease frail	adult	not available	not available	97	not available	not available	97	2 PXD037367-Sample-37	proteomic profiling by mass spectrometry	PXD037909	21323-038.raw	ftp://ftp.pride.ebi.ac.uk/pride/data/archive/2023/07/PXD037367/21323-038.raw	1	AC=MS:1002416;NT=Orbitrap Fusion	NT=Carbamidomethyl;AC=UNIMOD:4;TA=C;MT=Fixed	NT=Oxidation;MT=Variable;TA=M;AC=UNIMOD:35	NT=Acetyl;AC=UNIMOD:1;PP=Protein N-term;MT=variable		TMT127N	10 ppm	0.02 Da	1	Alzheimer's disease frail	Angular gyrus
PXD037367-Sample-37-TMT127C	Homo sapiens	Brain	Angular gyrus	Brodmann area 39	not available	79	not available	Male	Alzheimer's disease frail	adult	not available	not available	98	not available	not available	98	3 PXD037367-Sample-37	proteomic profiling by mass spectrometry	PXD037910	21323-038.raw	ftp://ftp.pride.ebi.ac.uk/pride/data/archive/2023/07/PXD037367/21323-038.raw	1	AC=MS:1002416;NT=Orbitrap Fusion	NT=Carbamidomethyl;AC=UNIMOD:4;TA=C;MT=Fixed	NT=Oxidation;MT=Variable;TA=M;AC=UNIMOD:35	NT=Acetyl;AC=UNIMOD:1;PP=Protein N-term;MT=variable		TMT127C	10 ppm	0.02 Da	1	Alzheimer's disease frail	Angular gyrus
PXD037367-Sample-37-TMT128N	Homo sapiens	Brain	Angular gyrus	Brodmann area 39	not available	94	not available	Female	Control	adult	not available	not available	99	not available	not available	99	4 PXD037367-Sample-37	proteomic profiling by mass spectrometry	PXD037911	21323-038.raw	ftp://ftp.pride.ebi.ac.uk/pride/data/archive/2023/07/PXD037367/21323-038.raw	1	AC=MS:1002416;NT=Orbitrap Fusion	NT=Carbamidomethyl;AC=UNIMOD:4;TA=C;MT=Fixed	NT=Oxidation;MT=Variable;TA=M;AC=UNIMOD:35	NT=Acetyl;AC=UNIMOD:1;PP=Protein N-term;MT=variable		TMT128N	10 ppm	0.02 Da	1	Control	Angular gyrus
PXD037367-Sample-37-TMT128C	Homo sapiens	Brain	Angular gyrus	Brodmann area 39	not available	96	not available	Female	Alzheimer's disease with dementia	adult	not available	not available	100	not available	not available	100	5 PXD037367-Sample-37	proteomic profiling by mass spectrometry	PXD037912	21323-038.raw	ftp://ftp.pride.ebi.ac.uk/pride/data/archive/2023/07/PXD037367/21323-038.raw	1	AC=MS:1002416;NT=Orbitrap Fusion	NT=Carbamidomethyl;AC=UNIMOD:4;TA=C;MT=Fixed	NT=Oxidation;MT=Variable;TA=M;AC=UNIMOD:35	NT=Acetyl;AC=UNIMOD:1;PP=Protein N-term;MT=variable		TMT128C	10 ppm	0.02 Da	1	Alzheimer's disease with dementia	Angular gyrus
PXD037367-Sample-37-TMT129N	Homo sapiens	Brain	Angular gyrus	Brodmann area 39	not available	85	not available	Male	Alzheimer's disease frail	adult	not available	not available	101	not available	not available	101	6 PXD037367-Sample-37	proteomic profiling by mass spectrometry	PXD037913	21323-038.raw	ftp://ftp.pride.ebi.ac.uk/pride/data/archive/2023/07/PXD037367/21323-038.raw	1	AC=MS:1002416;NT=Orbitrap Fusion	NT=Carbamidomethyl;AC=UNIMOD:4;TA=C;MT=Fixed	NT=Oxidation;MT=Variable;TA=M;AC=UNIMOD:35	NT=Acetyl;AC=UNIMOD:1;PP=Protein N-term;MT=variable		TMT129N	10 ppm	0.02 Da	1	Alzheimer's disease frail	Angular gyrus
PXD037367-Sample-37-TMT129C	Homo sapiens	Brain	Angular gyrus	Brodmann area 39	not available	94	not available	Female	Control	adult	not available	not available	102	not available	not available	102	7 PXD037367-Sample-37	proteomic profiling by mass spectrometry	PXD037914	21323-038.raw	ftp://ftp.pride.ebi.ac.uk/pride/data/archive/2023/07/PXD037367/21323-038.raw	1	AC=MS:1002416;NT=Orbitrap Fusion	NT=Carbamidomethyl;AC=UNIMOD:4;TA=C;MT=Fixed	NT=Oxidation;MT=Variable;TA=M;AC=UNIMOD:35	NT=Acetyl;AC=UNIMOD:1;PP=Protein N-term;MT=variable		TMT129C	10 ppm	0.02 Da	1	Control	Angular gyrus
PXD037367-Sample-37-TMT130N	Homo sapiens	Brain	Angular gyrus	Brodmann area 39	not available	95	not available	Male	Alzheimer's disease resilient	adult	not available	not available	103	not available	not available	103	8 PXD037367-Sample-37	proteomic profiling by mass spectrometry	PXD037915	21323-038.raw	ftp://ftp.pride.ebi.ac.uk/pride/data/archive/2023/07/PXD037367/21323-038.raw	1	AC=MS:1002416;NT=Orbitrap Fusion	NT=Carbamidomethyl;AC=UNIMOD:4;TA=C;MT=Fixed	NT=Oxidation;MT=Variable;TA=M;AC=UNIMOD:35	NT=Acetyl;AC=UNIMOD:1;PP=Protein N-term;MT=variable		TMT130N	10 ppm	0.02 Da	1	Alzheimer's disease resilient	Angular gyrus
PXD037367-Sample-37-TMT130C	Homo sapiens	Brain	Angular gyrus	Brodmann area 39	not available	85	not available	Male	Alzheimer's disease with dementia	adult	not available	not available	104	not available	not available	104	9 PXD037367-Sample-37	proteomic profiling by mass spectrometry	PXD037916	21323-038.raw	ftp://ftp.pride.ebi.ac.uk/pride/data/archive/2023/07/PXD037367/21323-038.raw	1	AC=MS:1002416;NT=Orbitrap Fusion	NT=Carbamidomethyl;AC=UNIMOD:4;TA=C;MT=Fixed	NT=Oxidation;MT=Variable;TA=M;AC=UNIMOD:35	NT=Acetyl;AC=UNIMOD:1;PP=Protein N-term;MT=variable		TMT130C	10 ppm	0.02 Da	1	Alzheimer's disease with dementia	Angular gyrus
PXD037367-Sample-37-TMT131N	Homo sapiens	Brain	Angular gyrus	Brodmann area 39	not available	82	not available	Female	Alzheimer's disease frail	adult	not available	not available	105	not available	not available	105	10 PXD037367-Sample-37	proteomic profiling by mass spectrometry	PXD037917	21323-038.raw	ftp://ftp.pride.ebi.ac.uk/pride/data/archive/2023/07/PXD037367/21323-038.raw	1	AC=MS:1002416;NT=Orbitrap Fusion	NT=Carbamidomethyl;AC=UNIMOD:4;TA=C;MT=Fixed	NT=Oxidation;MT=Variable;TA=M;AC=UNIMOD:35	NT=Acetyl;AC=UNIMOD:1;PP=Protein N-term;MT=variable		TMT131N	10 ppm	0.02 Da	1	Alzheimer's disease frail	Angular gyrus
PXD037367-Sample-37-TMT131C	Homo sapiens	Brain	Angular gyrus	Brodmann area 39	not available	81	not available	Male	Control	adult	not available	not available	106	not available	not available	106	11 PXD037367-Sample-37	proteomic profiling by mass spectrometry	PXD037918	21323-038.raw	ftp://ftp.pride.ebi.ac.uk/pride/data/archive/2023/07/PXD037367/21323-038.raw	1	AC=MS:1002416;NT=Orbitrap Fusion	NT=Carbamidomethyl;AC=UNIMOD:4;TA=C;MT=Fixed	NT=Oxidation;MT=Variable;TA=M;AC=UNIMOD:35	NT=Acetyl;AC=UNIMOD:1;PP=Protein N-term;MT=variable		TMT131C	10 ppm	0.02 Da	1	Control	Angular gyrus
PXD037367-Sample-37-TMT132N	Homo sapiens	Brain	Angular gyrus	Brodmann area 39	not available	100	not available	Female	Alzheimer's disease resilient	adult	not available	not available	107	not available	not available	107	12 PXD037367-Sample-37	proteomic profiling by mass spectrometry	PXD037919	21323-038.raw	ftp://ftp.pride.ebi.ac.uk/pride/data/archive/2023/07/PXD037367/21323-038.raw	1	AC=MS:1002416;NT=Orbitrap Fusion	NT=Carbamidomethyl;AC=UNIMOD:4;TA=C;MT=Fixed	NT=Oxidation;MT=Variable;TA=M;AC=UNIMOD:35	NT=Acetyl;AC=UNIMOD:1;PP=Protein N-term;MT=variable		TMT132N	10 ppm	0.02 Da	1	Alzheimer's disease resilient	Angular gyrus
PXD037367-Sample-37-TMT132C	Homo sapiens	Brain	Angular gyrus	Brodmann area 39	not available	88	not available	Male	Control	adult	not available	not available	108	not available	not available	108	13 PXD037367-Sample-37	proteomic profiling by mass spectrometry	PXD037920	21323-038.raw	ftp://ftp.pride.ebi.ac.uk/pride/data/archive/2023/07/PXD037367/21323-038.raw	1	AC=MS:1002416;NT=Orbitrap Fusion	NT=Carbamidomethyl;AC=UNIMOD:4;TA=C;MT=Fixed	NT=Oxidation;MT=Variable;TA=M;AC=UNIMOD:35	NT=Acetyl;AC=UNIMOD:1;PP=Protein N-term;MT=variable		TMT132C	10 ppm	0.02 Da	1	Control	Angular gyrus
PXD037367-Sample-37-TMT133N	Homo sapiens	Brain	Angular gyrus	Brodmann area 39	not available	100	not available	Female	Alzheimer's disease resilient	adult	not available	not available	109	not available	not available	109	14 PXD037367-Sample-37	proteomic profiling by mass spectrometry	PXD037921	21323-038.raw	ftp://ftp.pride.ebi.ac.uk/pride/data/archive/2023/07/PXD037367/21323-038.raw	1	AC=MS:1002416;NT=Orbitrap Fusion	NT=Carbamidomethyl;AC=UNIMOD:4;TA=C;MT=Fixed	NT=Oxidation;MT=Variable;TA=M;AC=UNIMOD:35	NT=Acetyl;AC=UNIMOD:1;PP=Protein N-term;MT=variable		TMT133N	10 ppm	0.02 Da	1	Alzheimer's disease resilient	Angular gyrus
PXD037367-Sample-37-TMT133C	Homo sapiens	Brain	Angular gyrus	Brodmann area 39	not available	93	not available	Female	Alzheimer's disease with dementia	adult	not available	not available	110	not available	not available	110	15 PXD037367-Sample-37	proteomic profiling by mass spectrometry	PXD037922	21323-038.raw	ftp://ftp.pride.ebi.ac.uk/pride/data/archive/2023/07/PXD037367/21323-038.raw	1	AC=MS:1002416;NT=Orbitrap Fusion	NT=Carbamidomethyl;AC=UNIMOD:4;TA=C;MT=Fixed	NT=Oxidation;MT=Variable;TA=M;AC=UNIMOD:35	NT=Acetyl;AC=UNIMOD:1;PP=Protein N-term;MT=variable		TMT133C	10 ppm	0.02 Da	1	Alzheimer's disease with dementia	Angular gyrus
PXD037367-Sample-37-TMT134N	Homo sapiens	Brain	Angular gyrus	Brodmann area 39	not available	99	not available	Female	Alzheimer's disease with dementia	adult	not available	not available	111	not available	not available	111	16 PXD037367-Sample-37	proteomic profiling by mass spectrometry	PXD037923	21323-038.raw	ftp://ftp.pride.ebi.ac.uk/pride/data/archive/2023/07/PXD037367/21323-038.raw	1	AC=MS:1002416;NT=Orbitrap Fusion	NT=Carbamidomethyl;AC=UNIMOD:4;TA=C;MT=Fixed	NT=Oxidation;MT=Variable;TA=M;AC=UNIMOD:35	NT=Acetyl;AC=UNIMOD:1;PP=Protein N-term;MT=variable		TMT134N	10 ppm	0.02 Da	1	Alzheimer's disease with dementia	Angular gyrus
PXD037367-Sample-37-TMT134C	Homo sapiens	Brain	Angular gyrus	Brodmann area 39	not available	76	not available	Female	Alzheimer's disease frail	adult	not available	not available	112	not available	not available	112	17 PXD037367-Sample-37	proteomic profiling by mass spectrometry	PXD037924	21323-038.raw	ftp://ftp.pride.ebi.ac.uk/pride/data/archive/2023/07/PXD037367/21323-038.raw	1	AC=MS:1002416;NT=Orbitrap Fusion	NT=Carbamidomethyl;AC=UNIMOD:4;TA=C;MT=Fixed	NT=Oxidation;MT=Variable;TA=M;AC=UNIMOD:35	NT=Acetyl;AC=UNIMOD:1;PP=Protein N-term;MT=variable		TMT134C	10 ppm	0.02 Da	1	Alzheimer's disease frail	Angular gyrus
PXD037367-Sample-37-TMT135N	Homo sapiens	Global Internal Standard	Global Internal Standard	not applicable	not applicable	not applicable	not applicable	not applicable	Global Internal Standard	not applicable	not applicable	not applicable	not applicable	not applicable	not applicable	not applicable	18 PXD037367-Sample-37	proteomic profiling by mass spectrometry	PXD037925	21323-038.raw	ftp://ftp.pride.ebi.ac.uk/pride/data/archive/2023/07/PXD037367/21323-038.raw	1	AC=MS:1002416;NT=Orbitrap Fusion	NT=Carbamidomethyl;AC=UNIMOD:4;TA=C;MT=Fixed	NT=Oxidation;MT=Variable;TA=M;AC=UNIMOD:35	NT=Acetyl;AC=UNIMOD:1;PP=Protein N-term;MT=variable		TMT135N	10 ppm	0.02 Da	1	Global Internal Standard	Global Internal Standard
PXD037367-Sample-38-TMT126	Homo sapiens	Brain	Angular gyrus	Brodmann area 39	not available	95	not available	Male	Alzheimer's disease resilient	adult	not available	not available	96	not available	not available	96	1 PXD037367-Sample-38	proteomic profiling by mass spectrometry	PXD037926	21323-039.raw	ftp://ftp.pride.ebi.ac.uk/pride/data/archive/2023/07/PXD037367/21323-039.raw	2	AC=MS:1002416;NT=Orbitrap Fusion	NT=Carbamidomethyl;AC=UNIMOD:4;TA=C;MT=Fixed	NT=Oxidation;MT=Variable;TA=M;AC=UNIMOD:35	NT=Acetyl;AC=UNIMOD:1;PP=Protein N-term;MT=variable		TMT126	10 ppm	0.02 Da	1	Alzheimer's disease resilient	Angular gyrus
PXD037367-Sample-38-TMT127N	Homo sapiens	Brain	Angular gyrus	Brodmann area 39	not available	88	not available	Male	Alzheimer's disease frail	adult	not available	not available	97	not available	not available	97	2 PXD037367-Sample-38	proteomic profiling by mass spectrometry	PXD037927	21323-039.raw	ftp://ftp.pride.ebi.ac.uk/pride/data/archive/2023/07/PXD037367/21323-039.raw	2	AC=MS:1002416;NT=Orbitrap Fusion	NT=Carbamidomethyl;AC=UNIMOD:4;TA=C;MT=Fixed	NT=Oxidation;MT=Variable;TA=M;AC=UNIMOD:35	NT=Acetyl;AC=UNIMOD:1;PP=Protein N-term;MT=variable		TMT127N	10 ppm	0.02 Da	1	Alzheimer's disease frail	Angular gyrus
PXD037367-Sample-38-TMT127C	Homo sapiens	Brain	Angular gyrus	Brodmann area 39	not available	79	not available	Male	Alzheimer's disease frail	adult	not available	not available	98	not available	not available	98	3 PXD037367-Sample-38	proteomic profiling by mass spectrometry	PXD037928	21323-039.raw	ftp://ftp.pride.ebi.ac.uk/pride/data/archive/2023/07/PXD037367/21323-039.raw	2	AC=MS:1002416;NT=Orbitrap Fusion	NT=Carbamidomethyl;AC=UNIMOD:4;TA=C;MT=Fixed	NT=Oxidation;MT=Variable;TA=M;AC=UNIMOD:35	NT=Acetyl;AC=UNIMOD:1;PP=Protein N-term;MT=variable		TMT127C	10 ppm	0.02 Da	1	Alzheimer's disease frail	Angular gyrus
PXD037367-Sample-38-TMT128N	Homo sapiens	Brain	Angular gyrus	Brodmann area 39	not available	94	not available	Female	Control	adult	not available	not available	99	not available	not available	99	4 PXD037367-Sample-38	proteomic profiling by mass spectrometry	PXD037929	21323-039.raw	ftp://ftp.pride.ebi.ac.uk/pride/data/archive/2023/07/PXD037367/21323-039.raw	2	AC=MS:1002416;NT=Orbitrap Fusion	NT=Carbamidomethyl;AC=UNIMOD:4;TA=C;MT=Fixed	NT=Oxidation;MT=Variable;TA=M;AC=UNIMOD:35	NT=Acetyl;AC=UNIMOD:1;PP=Protein N-term;MT=variable		TMT128N	10 ppm	0.02 Da	1	Control	Angular gyrus
PXD037367-Sample-38-TMT128C	Homo sapiens	Brain	Angular gyrus	Brodmann area 39	not available	96	not available	Female	Alzheimer's disease with dementia	adult	not available	not available	100	not available	not available	100	5 PXD037367-Sample-38	proteomic profiling by mass spectrometry	PXD037930	21323-039.raw	ftp://ftp.pride.ebi.ac.uk/pride/data/archive/2023/07/PXD037367/21323-039.raw	2	AC=MS:1002416;NT=Orbitrap Fusion	NT=Carbamidomethyl;AC=UNIMOD:4;TA=C;MT=Fixed	NT=Oxidation;MT=Variable;TA=M;AC=UNIMOD:35	NT=Acetyl;AC=UNIMOD:1;PP=Protein N-term;MT=variable		TMT128C	10 ppm	0.02 Da	1	Alzheimer's disease with dementia	Angular gyrus
PXD037367-Sample-38-TMT129N	Homo sapiens	Brain	Angular gyrus	Brodmann area 39	not available	85	not available	Male	Alzheimer's disease frail	adult	not available	not available	101	not available	not available	101	6 PXD037367-Sample-38	proteomic profiling by mass spectrometry	PXD037931	21323-039.raw	ftp://ftp.pride.ebi.ac.uk/pride/data/archive/2023/07/PXD037367/21323-039.raw	2	AC=MS:1002416;NT=Orbitrap Fusion	NT=Carbamidomethyl;AC=UNIMOD:4;TA=C;MT=Fixed	NT=Oxidation;MT=Variable;TA=M;AC=UNIMOD:35	NT=Acetyl;AC=UNIMOD:1;PP=Protein N-term;MT=variable		TMT129N	10 ppm	0.02 Da	1	Alzheimer's disease frail	Angular gyrus
PXD037367-Sample-38-TMT129C	Homo sapiens	Brain	Angular gyrus	Brodmann area 39	not available	94	not available	Female	Control	adult	not available	not available	102	not available	not available	102	7 PXD037367-Sample-38	proteomic profiling by mass spectrometry	PXD037932	21323-039.raw	ftp://ftp.pride.ebi.ac.uk/pride/data/archive/2023/07/PXD037367/21323-039.raw	2	AC=MS:1002416;NT=Orbitrap Fusion	NT=Carbamidomethyl;AC=UNIMOD:4;TA=C;MT=Fixed	NT=Oxidation;MT=Variable;TA=M;AC=UNIMOD:35	NT=Acetyl;AC=UNIMOD:1;PP=Protein N-term;MT=variable		TMT129C	10 ppm	0.02 Da	1	Control	Angular gyrus
PXD037367-Sample-38-TMT130N	Homo sapiens	Brain	Angular gyrus	Brodmann area 39	not available	95	not available	Male	Alzheimer's disease resilient	adult	not available	not available	103	not available	not available	103	8 PXD037367-Sample-38	proteomic profiling by mass spectrometry	PXD037933	21323-039.raw	ftp://ftp.pride.ebi.ac.uk/pride/data/archive/2023/07/PXD037367/21323-039.raw	2	AC=MS:1002416;NT=Orbitrap Fusion	NT=Carbamidomethyl;AC=UNIMOD:4;TA=C;MT=Fixed	NT=Oxidation;MT=Variable;TA=M;AC=UNIMOD:35	NT=Acetyl;AC=UNIMOD:1;PP=Protein N-term;MT=variable		TMT130N	10 ppm	0.02 Da	1	Alzheimer's disease resilient	Angular gyrus
PXD037367-Sample-38-TMT130C	Homo sapiens	Brain	Angular gyrus	Brodmann area 39	not available	85	not available	Male	Alzheimer's disease with dementia	adult	not available	not available	104	not available	not available	104	9 PXD037367-Sample-38	proteomic profiling by mass spectrometry	PXD037934	21323-039.raw	ftp://ftp.pride.ebi.ac.uk/pride/data/archive/2023/07/PXD037367/21323-039.raw	2	AC=MS:1002416;NT=Orbitrap Fusion	NT=Carbamidomethyl;AC=UNIMOD:4;TA=C;MT=Fixed	NT=Oxidation;MT=Variable;TA=M;AC=UNIMOD:35	NT=Acetyl;AC=UNIMOD:1;PP=Protein N-term;MT=variable		TMT130C	10 ppm	0.02 Da	1	Alzheimer's disease with dementia	Angular gyrus
PXD037367-Sample-38-TMT131N	Homo sapiens	Brain	Angular gyrus	Brodmann area 39	not available	82	not available	Female	Alzheimer's disease frail	adult	not available	not available	105	not available	not available	105	10 PXD037367-Sample-38	proteomic profiling by mass spectrometry	PXD037935	21323-039.raw	ftp://ftp.pride.ebi.ac.uk/pride/data/archive/2023/07/PXD037367/21323-039.raw	2	AC=MS:1002416;NT=Orbitrap Fusion	NT=Carbamidomethyl;AC=UNIMOD:4;TA=C;MT=Fixed	NT=Oxidation;MT=Variable;TA=M;AC=UNIMOD:35	NT=Acetyl;AC=UNIMOD:1;PP=Protein N-term;MT=variable		TMT131N	10 ppm	0.02 Da	1	Alzheimer's disease frail	Angular gyrus
PXD037367-Sample-38-TMT131C	Homo sapiens	Brain	Angular gyrus	Brodmann area 39	not available	81	not available	Male	Control	adult	not available	not available	106	not available	not available	106	11 PXD037367-Sample-38	proteomic profiling by mass spectrometry	PXD037936	21323-039.raw	ftp://ftp.pride.ebi.ac.uk/pride/data/archive/2023/07/PXD037367/21323-039.raw	2	AC=MS:1002416;NT=Orbitrap Fusion	NT=Carbamidomethyl;AC=UNIMOD:4;TA=C;MT=Fixed	NT=Oxidation;MT=Variable;TA=M;AC=UNIMOD:35	NT=Acetyl;AC=UNIMOD:1;PP=Protein N-term;MT=variable		TMT131C	10 ppm	0.02 Da	1	Control	Angular gyrus
PXD037367-Sample-38-TMT132N	Homo sapiens	Brain	Angular gyrus	Brodmann area 39	not available	100	not available	Female	Alzheimer's disease resilient	adult	not available	not available	107	not available	not available	107	12 PXD037367-Sample-38	proteomic profiling by mass spectrometry	PXD037937	21323-039.raw	ftp://ftp.pride.ebi.ac.uk/pride/data/archive/2023/07/PXD037367/21323-039.raw	2	AC=MS:1002416;NT=Orbitrap Fusion	NT=Carbamidomethyl;AC=UNIMOD:4;TA=C;MT=Fixed	NT=Oxidation;MT=Variable;TA=M;AC=UNIMOD:35	NT=Acetyl;AC=UNIMOD:1;PP=Protein N-term;MT=variable		TMT132N	10 ppm	0.02 Da	1	Alzheimer's disease resilient	Angular gyrus
PXD037367-Sample-38-TMT132C	Homo sapiens	Brain	Angular gyrus	Brodmann area 39	not available	88	not available	Male	Control	adult	not available	not available	108	not available	not available	108	13 PXD037367-Sample-38	proteomic profiling by mass spectrometry	PXD037938	21323-039.raw	ftp://ftp.pride.ebi.ac.uk/pride/data/archive/2023/07/PXD037367/21323-039.raw	2	AC=MS:1002416;NT=Orbitrap Fusion	NT=Carbamidomethyl;AC=UNIMOD:4;TA=C;MT=Fixed	NT=Oxidation;MT=Variable;TA=M;AC=UNIMOD:35	NT=Acetyl;AC=UNIMOD:1;PP=Protein N-term;MT=variable		TMT132C	10 ppm	0.02 Da	1	Control	Angular gyrus
PXD037367-Sample-38-TMT133N	Homo sapiens	Brain	Angular gyrus	Brodmann area 39	not available	100	not available	Female	Alzheimer's disease resilient	adult	not available	not available	109	not available	not available	109	14 PXD037367-Sample-38	proteomic profiling by mass spectrometry	PXD037939	21323-039.raw	ftp://ftp.pride.ebi.ac.uk/pride/data/archive/2023/07/PXD037367/21323-039.raw	2	AC=MS:1002416;NT=Orbitrap Fusion	NT=Carbamidomethyl;AC=UNIMOD:4;TA=C;MT=Fixed	NT=Oxidation;MT=Variable;TA=M;AC=UNIMOD:35	NT=Acetyl;AC=UNIMOD:1;PP=Protein N-term;MT=variable		TMT133N	10 ppm	0.02 Da	1	Alzheimer's disease resilient	Angular gyrus
PXD037367-Sample-38-TMT133C	Homo sapiens	Brain	Angular gyrus	Brodmann area 39	not available	93	not available	Female	Alzheimer's disease with dementia	adult	not available	not available	110	not available	not available	110	15 PXD037367-Sample-38	proteomic profiling by mass spectrometry	PXD037940	21323-039.raw	ftp://ftp.pride.ebi.ac.uk/pride/data/archive/2023/07/PXD037367/21323-039.raw	2	AC=MS:1002416;NT=Orbitrap Fusion	NT=Carbamidomethyl;AC=UNIMOD:4;TA=C;MT=Fixed	NT=Oxidation;MT=Variable;TA=M;AC=UNIMOD:35	NT=Acetyl;AC=UNIMOD:1;PP=Protein N-term;MT=variable		TMT133C	10 ppm	0.02 Da	1	Alzheimer's disease with dementia	Angular gyrus
PXD037367-Sample-38-TMT134N	Homo sapiens	Brain	Angular gyrus	Brodmann area 39	not available	99	not available	Female	Alzheimer's disease with dementia	adult	not available	not available	111	not available	not available	111	16 PXD037367-Sample-38	proteomic profiling by mass spectrometry	PXD037941	21323-039.raw	ftp://ftp.pride.ebi.ac.uk/pride/data/archive/2023/07/PXD037367/21323-039.raw	2	AC=MS:1002416;NT=Orbitrap Fusion	NT=Carbamidomethyl;AC=UNIMOD:4;TA=C;MT=Fixed	NT=Oxidation;MT=Variable;TA=M;AC=UNIMOD:35	NT=Acetyl;AC=UNIMOD:1;PP=Protein N-term;MT=variable		TMT134N	10 ppm	0.02 Da	1	Alzheimer's disease with dementia	Angular gyrus
PXD037367-Sample-38-TMT134C	Homo sapiens	Brain	Angular gyrus	Brodmann area 39	not available	76	not available	Female	Alzheimer's disease frail	adult	not available	not available	112	not available	not available	112	17 PXD037367-Sample-38	proteomic profiling by mass spectrometry	PXD037942	21323-039.raw	ftp://ftp.pride.ebi.ac.uk/pride/data/archive/2023/07/PXD037367/21323-039.raw	2	AC=MS:1002416;NT=Orbitrap Fusion	NT=Carbamidomethyl;AC=UNIMOD:4;TA=C;MT=Fixed	NT=Oxidation;MT=Variable;TA=M;AC=UNIMOD:35	NT=Acetyl;AC=UNIMOD:1;PP=Protein N-term;MT=variable		TMT134C	10 ppm	0.02 Da	1	Alzheimer's disease frail	Angular gyrus
PXD037367-Sample-38-TMT135N	Homo sapiens	Global Internal Standard	Global Internal Standard	not applicable	not applicable	not applicable	not applicable	not applicable	Global Internal Standard	not applicable	not applicable	not applicable	not applicable	not applicable	not applicable	not applicable	18 PXD037367-Sample-38	proteomic profiling by mass spectrometry	PXD037943	21323-039.raw	ftp://ftp.pride.ebi.ac.uk/pride/data/archive/2023/07/PXD037367/21323-039.raw	2	AC=MS:1002416;NT=Orbitrap Fusion	NT=Carbamidomethyl;AC=UNIMOD:4;TA=C;MT=Fixed	NT=Oxidation;MT=Variable;TA=M;AC=UNIMOD:35	NT=Acetyl;AC=UNIMOD:1;PP=Protein N-term;MT=variable		TMT135N	10 ppm	0.02 Da	1	Global Internal Standard	Global Internal Standard
PXD037367-Sample-39-TMT126	Homo sapiens	Brain	Angular gyrus	Brodmann area 39	not available	95	not available	Male	Alzheimer's disease resilient	adult	not available	not available	96	not available	not available	96	1 PXD037367-Sample-39	proteomic profiling by mass spectrometry	PXD037944	21323-040.raw	ftp://ftp.pride.ebi.ac.uk/pride/data/archive/2023/07/PXD037367/21323-040.raw	3	AC=MS:1002416;NT=Orbitrap Fusion	NT=Carbamidomethyl;AC=UNIMOD:4;TA=C;MT=Fixed	NT=Oxidation;MT=Variable;TA=M;AC=UNIMOD:35	NT=Acetyl;AC=UNIMOD:1;PP=Protein N-term;MT=variable		TMT126	10 ppm	0.02 Da	1	Alzheimer's disease resilient	Angular gyrus
PXD037367-Sample-39-TMT127N	Homo sapiens	Brain	Angular gyrus	Brodmann area 39	not available	88	not available	Male	Alzheimer's disease frail	adult	not available	not available	97	not available	not available	97	2 PXD037367-Sample-39	proteomic profiling by mass spectrometry	PXD037945	21323-040.raw	ftp://ftp.pride.ebi.ac.uk/pride/data/archive/2023/07/PXD037367/21323-040.raw	3	AC=MS:1002416;NT=Orbitrap Fusion	NT=Carbamidomethyl;AC=UNIMOD:4;TA=C;MT=Fixed	NT=Oxidation;MT=Variable;TA=M;AC=UNIMOD:35	NT=Acetyl;AC=UNIMOD:1;PP=Protein N-term;MT=variable		TMT127N	10 ppm	0.02 Da	1	Alzheimer's disease frail	Angular gyrus
PXD037367-Sample-39-TMT127C	Homo sapiens	Brain	Angular gyrus	Brodmann area 39	not available	79	not available	Male	Alzheimer's disease frail	adult	not available	not available	98	not available	not available	98	3 PXD037367-Sample-39	proteomic profiling by mass spectrometry	PXD037946	21323-040.raw	ftp://ftp.pride.ebi.ac.uk/pride/data/archive/2023/07/PXD037367/21323-040.raw	3	AC=MS:1002416;NT=Orbitrap Fusion	NT=Carbamidomethyl;AC=UNIMOD:4;TA=C;MT=Fixed	NT=Oxidation;MT=Variable;TA=M;AC=UNIMOD:35	NT=Acetyl;AC=UNIMOD:1;PP=Protein N-term;MT=variable		TMT127C	10 ppm	0.02 Da	1	Alzheimer's disease frail	Angular gyrus
PXD037367-Sample-39-TMT128N	Homo sapiens	Brain	Angular gyrus	Brodmann area 39	not available	94	not available	Female	Control	adult	not available	not available	99	not available	not available	99	4 PXD037367-Sample-39	proteomic profiling by mass spectrometry	PXD037947	21323-040.raw	ftp://ftp.pride.ebi.ac.uk/pride/data/archive/2023/07/PXD037367/21323-040.raw	3	AC=MS:1002416;NT=Orbitrap Fusion	NT=Carbamidomethyl;AC=UNIMOD:4;TA=C;MT=Fixed	NT=Oxidation;MT=Variable;TA=M;AC=UNIMOD:35	NT=Acetyl;AC=UNIMOD:1;PP=Protein N-term;MT=variable		TMT128N	10 ppm	0.02 Da	1	Control	Angular gyrus
PXD037367-Sample-39-TMT128C	Homo sapiens	Brain	Angular gyrus	Brodmann area 39	not available	96	not available	Female	Alzheimer's disease with dementia	adult	not available	not available	100	not available	not available	100	5 PXD037367-Sample-39	proteomic profiling by mass spectrometry	PXD037948	21323-040.raw	ftp://ftp.pride.ebi.ac.uk/pride/data/archive/2023/07/PXD037367/21323-040.raw	3	AC=MS:1002416;NT=Orbitrap Fusion	NT=Carbamidomethyl;AC=UNIMOD:4;TA=C;MT=Fixed	NT=Oxidation;MT=Variable;TA=M;AC=UNIMOD:35	NT=Acetyl;AC=UNIMOD:1;PP=Protein N-term;MT=variable		TMT128C	10 ppm	0.02 Da	1	Alzheimer's disease with dementia	Angular gyrus
PXD037367-Sample-39-TMT129N	Homo sapiens	Brain	Angular gyrus	Brodmann area 39	not available	85	not available	Male	Alzheimer's disease frail	adult	not available	not available	101	not available	not available	101	6 PXD037367-Sample-39	proteomic profiling by mass spectrometry	PXD037949	21323-040.raw	ftp://ftp.pride.ebi.ac.uk/pride/data/archive/2023/07/PXD037367/21323-040.raw	3	AC=MS:1002416;NT=Orbitrap Fusion	NT=Carbamidomethyl;AC=UNIMOD:4;TA=C;MT=Fixed	NT=Oxidation;MT=Variable;TA=M;AC=UNIMOD:35	NT=Acetyl;AC=UNIMOD:1;PP=Protein N-term;MT=variable		TMT129N	10 ppm	0.02 Da	1	Alzheimer's disease frail	Angular gyrus
PXD037367-Sample-39-TMT129C	Homo sapiens	Brain	Angular gyrus	Brodmann area 39	not available	94	not available	Female	Control	adult	not available	not available	102	not available	not available	102	7 PXD037367-Sample-39	proteomic profiling by mass spectrometry	PXD037950	21323-040.raw	ftp://ftp.pride.ebi.ac.uk/pride/data/archive/2023/07/PXD037367/21323-040.raw	3	AC=MS:1002416;NT=Orbitrap Fusion	NT=Carbamidomethyl;AC=UNIMOD:4;TA=C;MT=Fixed	NT=Oxidation;MT=Variable;TA=M;AC=UNIMOD:35	NT=Acetyl;AC=UNIMOD:1;PP=Protein N-term;MT=variable		TMT129C	10 ppm	0.02 Da	1	Control	Angular gyrus
PXD037367-Sample-39-TMT130N	Homo sapiens	Brain	Angular gyrus	Brodmann area 39	not available	95	not available	Male	Alzheimer's disease resilient	adult	not available	not available	103	not available	not available	103	8 PXD037367-Sample-39	proteomic profiling by mass spectrometry	PXD037951	21323-040.raw	ftp://ftp.pride.ebi.ac.uk/pride/data/archive/2023/07/PXD037367/21323-040.raw	3	AC=MS:1002416;NT=Orbitrap Fusion	NT=Carbamidomethyl;AC=UNIMOD:4;TA=C;MT=Fixed	NT=Oxidation;MT=Variable;TA=M;AC=UNIMOD:35	NT=Acetyl;AC=UNIMOD:1;PP=Protein N-term;MT=variable		TMT130N	10 ppm	0.02 Da	1	Alzheimer's disease resilient	Angular gyrus
PXD037367-Sample-39-TMT130C	Homo sapiens	Brain	Angular gyrus	Brodmann area 39	not available	85	not available	Male	Alzheimer's disease with dementia	adult	not available	not available	104	not available	not available	104	9 PXD037367-Sample-39	proteomic profiling by mass spectrometry	PXD037952	21323-040.raw	ftp://ftp.pride.ebi.ac.uk/pride/data/archive/2023/07/PXD037367/21323-040.raw	3	AC=MS:1002416;NT=Orbitrap Fusion	NT=Carbamidomethyl;AC=UNIMOD:4;TA=C;MT=Fixed	NT=Oxidation;MT=Variable;TA=M;AC=UNIMOD:35	NT=Acetyl;AC=UNIMOD:1;PP=Protein N-term;MT=variable		TMT130C	10 ppm	0.02 Da	1	Alzheimer's disease with dementia	Angular gyrus
PXD037367-Sample-39-TMT131N	Homo sapiens	Brain	Angular gyrus	Brodmann area 39	not available	82	not available	Female	Alzheimer's disease frail	adult	not available	not available	105	not available	not available	105	10 PXD037367-Sample-39	proteomic profiling by mass spectrometry	PXD037953	21323-040.raw	ftp://ftp.pride.ebi.ac.uk/pride/data/archive/2023/07/PXD037367/21323-040.raw	3	AC=MS:1002416;NT=Orbitrap Fusion	NT=Carbamidomethyl;AC=UNIMOD:4;TA=C;MT=Fixed	NT=Oxidation;MT=Variable;TA=M;AC=UNIMOD:35	NT=Acetyl;AC=UNIMOD:1;PP=Protein N-term;MT=variable		TMT131N	10 ppm	0.02 Da	1	Alzheimer's disease frail	Angular gyrus
PXD037367-Sample-39-TMT131C	Homo sapiens	Brain	Angular gyrus	Brodmann area 39	not available	81	not available	Male	Control	adult	not available	not available	106	not available	not available	106	11 PXD037367-Sample-39	proteomic profiling by mass spectrometry	PXD037954	21323-040.raw	ftp://ftp.pride.ebi.ac.uk/pride/data/archive/2023/07/PXD037367/21323-040.raw	3	AC=MS:1002416;NT=Orbitrap Fusion	NT=Carbamidomethyl;AC=UNIMOD:4;TA=C;MT=Fixed	NT=Oxidation;MT=Variable;TA=M;AC=UNIMOD:35	NT=Acetyl;AC=UNIMOD:1;PP=Protein N-term;MT=variable		TMT131C	10 ppm	0.02 Da	1	Control	Angular gyrus
PXD037367-Sample-39-TMT132N	Homo sapiens	Brain	Angular gyrus	Brodmann area 39	not available	100	not available	Female	Alzheimer's disease resilient	adult	not available	not available	107	not available	not available	107	12 PXD037367-Sample-39	proteomic profiling by mass spectrometry	PXD037955	21323-040.raw	ftp://ftp.pride.ebi.ac.uk/pride/data/archive/2023/07/PXD037367/21323-040.raw	3	AC=MS:1002416;NT=Orbitrap Fusion	NT=Carbamidomethyl;AC=UNIMOD:4;TA=C;MT=Fixed	NT=Oxidation;MT=Variable;TA=M;AC=UNIMOD:35	NT=Acetyl;AC=UNIMOD:1;PP=Protein N-term;MT=variable		TMT132N	10 ppm	0.02 Da	1	Alzheimer's disease resilient	Angular gyrus
PXD037367-Sample-39-TMT132C	Homo sapiens	Brain	Angular gyrus	Brodmann area 39	not available	88	not available	Male	Control	adult	not available	not available	108	not available	not available	108	13 PXD037367-Sample-39	proteomic profiling by mass spectrometry	PXD037956	21323-040.raw	ftp://ftp.pride.ebi.ac.uk/pride/data/archive/2023/07/PXD037367/21323-040.raw	3	AC=MS:1002416;NT=Orbitrap Fusion	NT=Carbamidomethyl;AC=UNIMOD:4;TA=C;MT=Fixed	NT=Oxidation;MT=Variable;TA=M;AC=UNIMOD:35	NT=Acetyl;AC=UNIMOD:1;PP=Protein N-term;MT=variable		TMT132C	10 ppm	0.02 Da	1	Control	Angular gyrus
PXD037367-Sample-39-TMT133N	Homo sapiens	Brain	Angular gyrus	Brodmann area 39	not available	100	not available	Female	Alzheimer's disease resilient	adult	not available	not available	109	not available	not available	109	14 PXD037367-Sample-39	proteomic profiling by mass spectrometry	PXD037957	21323-040.raw	ftp://ftp.pride.ebi.ac.uk/pride/data/archive/2023/07/PXD037367/21323-040.raw	3	AC=MS:1002416;NT=Orbitrap Fusion	NT=Carbamidomethyl;AC=UNIMOD:4;TA=C;MT=Fixed	NT=Oxidation;MT=Variable;TA=M;AC=UNIMOD:35	NT=Acetyl;AC=UNIMOD:1;PP=Protein N-term;MT=variable		TMT133N	10 ppm	0.02 Da	1	Alzheimer's disease resilient	Angular gyrus
PXD037367-Sample-39-TMT133C	Homo sapiens	Brain	Angular gyrus	Brodmann area 39	not available	93	not available	Female	Alzheimer's disease with dementia	adult	not available	not available	110	not available	not available	110	15 PXD037367-Sample-39	proteomic profiling by mass spectrometry	PXD037958	21323-040.raw	ftp://ftp.pride.ebi.ac.uk/pride/data/archive/2023/07/PXD037367/21323-040.raw	3	AC=MS:1002416;NT=Orbitrap Fusion	NT=Carbamidomethyl;AC=UNIMOD:4;TA=C;MT=Fixed	NT=Oxidation;MT=Variable;TA=M;AC=UNIMOD:35	NT=Acetyl;AC=UNIMOD:1;PP=Protein N-term;MT=variable		TMT133C	10 ppm	0.02 Da	1	Alzheimer's disease with dementia	Angular gyrus
PXD037367-Sample-39-TMT134N	Homo sapiens	Brain	Angular gyrus	Brodmann area 39	not available	99	not available	Female	Alzheimer's disease with dementia	adult	not available	not available	111	not available	not available	111	16 PXD037367-Sample-39	proteomic profiling by mass spectrometry	PXD037959	21323-040.raw	ftp://ftp.pride.ebi.ac.uk/pride/data/archive/2023/07/PXD037367/21323-040.raw	3	AC=MS:1002416;NT=Orbitrap Fusion	NT=Carbamidomethyl;AC=UNIMOD:4;TA=C;MT=Fixed	NT=Oxidation;MT=Variable;TA=M;AC=UNIMOD:35	NT=Acetyl;AC=UNIMOD:1;PP=Protein N-term;MT=variable		TMT134N	10 ppm	0.02 Da	1	Alzheimer's disease with dementia	Angular gyrus
PXD037367-Sample-39-TMT134C	Homo sapiens	Brain	Angular gyrus	Brodmann area 39	not available	76	not available	Female	Alzheimer's disease frail	adult	not available	not available	112	not available	not available	112	17 PXD037367-Sample-39	proteomic profiling by mass spectrometry	PXD037960	21323-040.raw	ftp://ftp.pride.ebi.ac.uk/pride/data/archive/2023/07/PXD037367/21323-040.raw	3	AC=MS:1002416;NT=Orbitrap Fusion	NT=Carbamidomethyl;AC=UNIMOD:4;TA=C;MT=Fixed	NT=Oxidation;MT=Variable;TA=M;AC=UNIMOD:35	NT=Acetyl;AC=UNIMOD:1;PP=Protein N-term;MT=variable		TMT134C	10 ppm	0.02 Da	1	Alzheimer's disease frail	Angular gyrus
PXD037367-Sample-39-TMT135N	Homo sapiens	Global Internal Standard	Global Internal Standard	not applicable	not applicable	not applicable	not applicable	not applicable	Global Internal Standard	not applicable	not applicable	not applicable	not applicable	not applicable	not applicable	not applicable	18 PXD037367-Sample-39	proteomic profiling by mass spectrometry	PXD037961	21323-040.raw	ftp://ftp.pride.ebi.ac.uk/pride/data/archive/2023/07/PXD037367/21323-040.raw	3	AC=MS:1002416;NT=Orbitrap Fusion	NT=Carbamidomethyl;AC=UNIMOD:4;TA=C;MT=Fixed	NT=Oxidation;MT=Variable;TA=M;AC=UNIMOD:35	NT=Acetyl;AC=UNIMOD:1;PP=Protein N-term;MT=variable		TMT135N	10 ppm	0.02 Da	1	Global Internal Standard	Global Internal Standard
PXD037367-Sample-40-TMT126	Homo sapiens	Brain	Angular gyrus	Brodmann area 39	not available	95	not available	Male	Alzheimer's disease resilient	adult	not available	not available	96	not available	not available	96	1 PXD037367-Sample-40	proteomic profiling by mass spectrometry	PXD037962	21323-041.raw	ftp://ftp.pride.ebi.ac.uk/pride/data/archive/2023/07/PXD037367/21323-041.raw	4	AC=MS:1002416;NT=Orbitrap Fusion	NT=Carbamidomethyl;AC=UNIMOD:4;TA=C;MT=Fixed	NT=Oxidation;MT=Variable;TA=M;AC=UNIMOD:35	NT=Acetyl;AC=UNIMOD:1;PP=Protein N-term;MT=variable		TMT126	10 ppm	0.02 Da	1	Alzheimer's disease resilient	Angular gyrus
PXD037367-Sample-40-TMT127N	Homo sapiens	Brain	Angular gyrus	Brodmann area 39	not available	88	not available	Male	Alzheimer's disease frail	adult	not available	not available	97	not available	not available	97	2 PXD037367-Sample-40	proteomic profiling by mass spectrometry	PXD037963	21323-041.raw	ftp://ftp.pride.ebi.ac.uk/pride/data/archive/2023/07/PXD037367/21323-041.raw	4	AC=MS:1002416;NT=Orbitrap Fusion	NT=Carbamidomethyl;AC=UNIMOD:4;TA=C;MT=Fixed	NT=Oxidation;MT=Variable;TA=M;AC=UNIMOD:35	NT=Acetyl;AC=UNIMOD:1;PP=Protein N-term;MT=variable		TMT127N	10 ppm	0.02 Da	1	Alzheimer's disease frail	Angular gyrus
PXD037367-Sample-40-TMT127C	Homo sapiens	Brain	Angular gyrus	Brodmann area 39	not available	79	not available	Male	Alzheimer's disease frail	adult	not available	not available	98	not available	not available	98	3 PXD037367-Sample-40	proteomic profiling by mass spectrometry	PXD037964	21323-041.raw	ftp://ftp.pride.ebi.ac.uk/pride/data/archive/2023/07/PXD037367/21323-041.raw	4	AC=MS:1002416;NT=Orbitrap Fusion	NT=Carbamidomethyl;AC=UNIMOD:4;TA=C;MT=Fixed	NT=Oxidation;MT=Variable;TA=M;AC=UNIMOD:35	NT=Acetyl;AC=UNIMOD:1;PP=Protein N-term;MT=variable		TMT127C	10 ppm	0.02 Da	1	Alzheimer's disease frail	Angular gyrus
PXD037367-Sample-40-TMT128N	Homo sapiens	Brain	Angular gyrus	Brodmann area 39	not available	94	not available	Female	Control	adult	not available	not available	99	not available	not available	99	4 PXD037367-Sample-40	proteomic profiling by mass spectrometry	PXD037965	21323-041.raw	ftp://ftp.pride.ebi.ac.uk/pride/data/archive/2023/07/PXD037367/21323-041.raw	4	AC=MS:1002416;NT=Orbitrap Fusion	NT=Carbamidomethyl;AC=UNIMOD:4;TA=C;MT=Fixed	NT=Oxidation;MT=Variable;TA=M;AC=UNIMOD:35	NT=Acetyl;AC=UNIMOD:1;PP=Protein N-term;MT=variable		TMT128N	10 ppm	0.02 Da	1	Control	Angular gyrus
PXD037367-Sample-40-TMT128C	Homo sapiens	Brain	Angular gyrus	Brodmann area 39	not available	96	not available	Female	Alzheimer's disease with dementia	adult	not available	not available	100	not available	not available	100	5 PXD037367-Sample-40	proteomic profiling by mass spectrometry	PXD037966	21323-041.raw	ftp://ftp.pride.ebi.ac.uk/pride/data/archive/2023/07/PXD037367/21323-041.raw	4	AC=MS:1002416;NT=Orbitrap Fusion	NT=Carbamidomethyl;AC=UNIMOD:4;TA=C;MT=Fixed	NT=Oxidation;MT=Variable;TA=M;AC=UNIMOD:35	NT=Acetyl;AC=UNIMOD:1;PP=Protein N-term;MT=variable		TMT128C	10 ppm	0.02 Da	1	Alzheimer's disease with dementia	Angular gyrus
PXD037367-Sample-40-TMT129N	Homo sapiens	Brain	Angular gyrus	Brodmann area 39	not available	85	not available	Male	Alzheimer's disease frail	adult	not available	not available	101	not available	not available	101	6 PXD037367-Sample-40	proteomic profiling by mass spectrometry	PXD037967	21323-041.raw	ftp://ftp.pride.ebi.ac.uk/pride/data/archive/2023/07/PXD037367/21323-041.raw	4	AC=MS:1002416;NT=Orbitrap Fusion	NT=Carbamidomethyl;AC=UNIMOD:4;TA=C;MT=Fixed	NT=Oxidation;MT=Variable;TA=M;AC=UNIMOD:35	NT=Acetyl;AC=UNIMOD:1;PP=Protein N-term;MT=variable		TMT129N	10 ppm	0.02 Da	1	Alzheimer's disease frail	Angular gyrus
PXD037367-Sample-40-TMT129C	Homo sapiens	Brain	Angular gyrus	Brodmann area 39	not available	94	not available	Female	Control	adult	not available	not available	102	not available	not available	102	7 PXD037367-Sample-40	proteomic profiling by mass spectrometry	PXD037968	21323-041.raw	ftp://ftp.pride.ebi.ac.uk/pride/data/archive/2023/07/PXD037367/21323-041.raw	4	AC=MS:1002416;NT=Orbitrap Fusion	NT=Carbamidomethyl;AC=UNIMOD:4;TA=C;MT=Fixed	NT=Oxidation;MT=Variable;TA=M;AC=UNIMOD:35	NT=Acetyl;AC=UNIMOD:1;PP=Protein N-term;MT=variable		TMT129C	10 ppm	0.02 Da	1	Control	Angular gyrus
PXD037367-Sample-40-TMT130N	Homo sapiens	Brain	Angular gyrus	Brodmann area 39	not available	95	not available	Male	Alzheimer's disease resilient	adult	not available	not available	103	not available	not available	103	8 PXD037367-Sample-40	proteomic profiling by mass spectrometry	PXD037969	21323-041.raw	ftp://ftp.pride.ebi.ac.uk/pride/data/archive/2023/07/PXD037367/21323-041.raw	4	AC=MS:1002416;NT=Orbitrap Fusion	NT=Carbamidomethyl;AC=UNIMOD:4;TA=C;MT=Fixed	NT=Oxidation;MT=Variable;TA=M;AC=UNIMOD:35	NT=Acetyl;AC=UNIMOD:1;PP=Protein N-term;MT=variable		TMT130N	10 ppm	0.02 Da	1	Alzheimer's disease resilient	Angular gyrus
PXD037367-Sample-40-TMT130C	Homo sapiens	Brain	Angular gyrus	Brodmann area 39	not available	85	not available	Male	Alzheimer's disease with dementia	adult	not available	not available	104	not available	not available	104	9 PXD037367-Sample-40	proteomic profiling by mass spectrometry	PXD037970	21323-041.raw	ftp://ftp.pride.ebi.ac.uk/pride/data/archive/2023/07/PXD037367/21323-041.raw	4	AC=MS:1002416;NT=Orbitrap Fusion	NT=Carbamidomethyl;AC=UNIMOD:4;TA=C;MT=Fixed	NT=Oxidation;MT=Variable;TA=M;AC=UNIMOD:35	NT=Acetyl;AC=UNIMOD:1;PP=Protein N-term;MT=variable		TMT130C	10 ppm	0.02 Da	1	Alzheimer's disease with dementia	Angular gyrus
PXD037367-Sample-40-TMT131N	Homo sapiens	Brain	Angular gyrus	Brodmann area 39	not available	82	not available	Female	Alzheimer's disease frail	adult	not available	not available	105	not available	not available	105	10 PXD037367-Sample-40	proteomic profiling by mass spectrometry	PXD037971	21323-041.raw	ftp://ftp.pride.ebi.ac.uk/pride/data/archive/2023/07/PXD037367/21323-041.raw	4	AC=MS:1002416;NT=Orbitrap Fusion	NT=Carbamidomethyl;AC=UNIMOD:4;TA=C;MT=Fixed	NT=Oxidation;MT=Variable;TA=M;AC=UNIMOD:35	NT=Acetyl;AC=UNIMOD:1;PP=Protein N-term;MT=variable		TMT131N	10 ppm	0.02 Da	1	Alzheimer's disease frail	Angular gyrus
PXD037367-Sample-40-TMT131C	Homo sapiens	Brain	Angular gyrus	Brodmann area 39	not available	81	not available	Male	Control	adult	not available	not available	106	not available	not available	106	11 PXD037367-Sample-40	proteomic profiling by mass spectrometry	PXD037972	21323-041.raw	ftp://ftp.pride.ebi.ac.uk/pride/data/archive/2023/07/PXD037367/21323-041.raw	4	AC=MS:1002416;NT=Orbitrap Fusion	NT=Carbamidomethyl;AC=UNIMOD:4;TA=C;MT=Fixed	NT=Oxidation;MT=Variable;TA=M;AC=UNIMOD:35	NT=Acetyl;AC=UNIMOD:1;PP=Protein N-term;MT=variable		TMT131C	10 ppm	0.02 Da	1	Control	Angular gyrus
PXD037367-Sample-40-TMT132N	Homo sapiens	Brain	Angular gyrus	Brodmann area 39	not available	100	not available	Female	Alzheimer's disease resilient	adult	not available	not available	107	not available	not available	107	12 PXD037367-Sample-40	proteomic profiling by mass spectrometry	PXD037973	21323-041.raw	ftp://ftp.pride.ebi.ac.uk/pride/data/archive/2023/07/PXD037367/21323-041.raw	4	AC=MS:1002416;NT=Orbitrap Fusion	NT=Carbamidomethyl;AC=UNIMOD:4;TA=C;MT=Fixed	NT=Oxidation;MT=Variable;TA=M;AC=UNIMOD:35	NT=Acetyl;AC=UNIMOD:1;PP=Protein N-term;MT=variable		TMT132N	10 ppm	0.02 Da	1	Alzheimer's disease resilient	Angular gyrus
PXD037367-Sample-40-TMT132C	Homo sapiens	Brain	Angular gyrus	Brodmann area 39	not available	88	not available	Male	Control	adult	not available	not available	108	not available	not available	108	13 PXD037367-Sample-40	proteomic profiling by mass spectrometry	PXD037974	21323-041.raw	ftp://ftp.pride.ebi.ac.uk/pride/data/archive/2023/07/PXD037367/21323-041.raw	4	AC=MS:1002416;NT=Orbitrap Fusion	NT=Carbamidomethyl;AC=UNIMOD:4;TA=C;MT=Fixed	NT=Oxidation;MT=Variable;TA=M;AC=UNIMOD:35	NT=Acetyl;AC=UNIMOD:1;PP=Protein N-term;MT=variable		TMT132C	10 ppm	0.02 Da	1	Control	Angular gyrus
PXD037367-Sample-40-TMT133N	Homo sapiens	Brain	Angular gyrus	Brodmann area 39	not available	100	not available	Female	Alzheimer's disease resilient	adult	not available	not available	109	not available	not available	109	14 PXD037367-Sample-40	proteomic profiling by mass spectrometry	PXD037975	21323-041.raw	ftp://ftp.pride.ebi.ac.uk/pride/data/archive/2023/07/PXD037367/21323-041.raw	4	AC=MS:1002416;NT=Orbitrap Fusion	NT=Carbamidomethyl;AC=UNIMOD:4;TA=C;MT=Fixed	NT=Oxidation;MT=Variable;TA=M;AC=UNIMOD:35	NT=Acetyl;AC=UNIMOD:1;PP=Protein N-term;MT=variable		TMT133N	10 ppm	0.02 Da	1	Alzheimer's disease resilient	Angular gyrus
PXD037367-Sample-40-TMT133C	Homo sapiens	Brain	Angular gyrus	Brodmann area 39	not available	93	not available	Female	Alzheimer's disease with dementia	adult	not available	not available	110	not available	not available	110	15 PXD037367-Sample-40	proteomic profiling by mass spectrometry	PXD037976	21323-041.raw	ftp://ftp.pride.ebi.ac.uk/pride/data/archive/2023/07/PXD037367/21323-041.raw	4	AC=MS:1002416;NT=Orbitrap Fusion	NT=Carbamidomethyl;AC=UNIMOD:4;TA=C;MT=Fixed	NT=Oxidation;MT=Variable;TA=M;AC=UNIMOD:35	NT=Acetyl;AC=UNIMOD:1;PP=Protein N-term;MT=variable		TMT133C	10 ppm	0.02 Da	1	Alzheimer's disease with dementia	Angular gyrus
PXD037367-Sample-40-TMT134N	Homo sapiens	Brain	Angular gyrus	Brodmann area 39	not available	99	not available	Female	Alzheimer's disease with dementia	adult	not available	not available	111	not available	not available	111	16 PXD037367-Sample-40	proteomic profiling by mass spectrometry	PXD037977	21323-041.raw	ftp://ftp.pride.ebi.ac.uk/pride/data/archive/2023/07/PXD037367/21323-041.raw	4	AC=MS:1002416;NT=Orbitrap Fusion	NT=Carbamidomethyl;AC=UNIMOD:4;TA=C;MT=Fixed	NT=Oxidation;MT=Variable;TA=M;AC=UNIMOD:35	NT=Acetyl;AC=UNIMOD:1;PP=Protein N-term;MT=variable		TMT134N	10 ppm	0.02 Da	1	Alzheimer's disease with dementia	Angular gyrus
PXD037367-Sample-40-TMT134C	Homo sapiens	Brain	Angular gyrus	Brodmann area 39	not available	76	not available	Female	Alzheimer's disease frail	adult	not available	not available	112	not available	not available	112	17 PXD037367-Sample-40	proteomic profiling by mass spectrometry	PXD037978	21323-041.raw	ftp://ftp.pride.ebi.ac.uk/pride/data/archive/2023/07/PXD037367/21323-041.raw	4	AC=MS:1002416;NT=Orbitrap Fusion	NT=Carbamidomethyl;AC=UNIMOD:4;TA=C;MT=Fixed	NT=Oxidation;MT=Variable;TA=M;AC=UNIMOD:35	NT=Acetyl;AC=UNIMOD:1;PP=Protein N-term;MT=variable		TMT134C	10 ppm	0.02 Da	1	Alzheimer's disease frail	Angular gyrus
PXD037367-Sample-40-TMT135N	Homo sapiens	Global Internal Standard	Global Internal Standard	not applicable	not applicable	not applicable	not applicable	not applicable	Global Internal Standard	not applicable	not applicable	not applicable	not applicable	not applicable	not applicable	not applicable	18 PXD037367-Sample-40	proteomic profiling by mass spectrometry	PXD037979	21323-041.raw	ftp://ftp.pride.ebi.ac.uk/pride/data/archive/2023/07/PXD037367/21323-041.raw	4	AC=MS:1002416;NT=Orbitrap Fusion	NT=Carbamidomethyl;AC=UNIMOD:4;TA=C;MT=Fixed	NT=Oxidation;MT=Variable;TA=M;AC=UNIMOD:35	NT=Acetyl;AC=UNIMOD:1;PP=Protein N-term;MT=variable		TMT135N	10 ppm	0.02 Da	1	Global Internal Standard	Global Internal Standard
PXD037367-Sample-41-TMT126	Homo sapiens	Brain	Angular gyrus	Brodmann area 39	not available	95	not available	Male	Alzheimer's disease resilient	adult	not available	not available	96	not available	not available	96	1 PXD037367-Sample-41	proteomic profiling by mass spectrometry	PXD037980	21323-042.raw	ftp://ftp.pride.ebi.ac.uk/pride/data/archive/2023/07/PXD037367/21323-042.raw	5	AC=MS:1002416;NT=Orbitrap Fusion	NT=Carbamidomethyl;AC=UNIMOD:4;TA=C;MT=Fixed	NT=Oxidation;MT=Variable;TA=M;AC=UNIMOD:35	NT=Acetyl;AC=UNIMOD:1;PP=Protein N-term;MT=variable		TMT126	10 ppm	0.02 Da	1	Alzheimer's disease resilient	Angular gyrus
PXD037367-Sample-41-TMT127N	Homo sapiens	Brain	Angular gyrus	Brodmann area 39	not available	88	not available	Male	Alzheimer's disease frail	adult	not available	not available	97	not available	not available	97	2 PXD037367-Sample-41	proteomic profiling by mass spectrometry	PXD037981	21323-042.raw	ftp://ftp.pride.ebi.ac.uk/pride/data/archive/2023/07/PXD037367/21323-042.raw	5	AC=MS:1002416;NT=Orbitrap Fusion	NT=Carbamidomethyl;AC=UNIMOD:4;TA=C;MT=Fixed	NT=Oxidation;MT=Variable;TA=M;AC=UNIMOD:35	NT=Acetyl;AC=UNIMOD:1;PP=Protein N-term;MT=variable		TMT127N	10 ppm	0.02 Da	1	Alzheimer's disease frail	Angular gyrus
PXD037367-Sample-41-TMT127C	Homo sapiens	Brain	Angular gyrus	Brodmann area 39	not available	79	not available	Male	Alzheimer's disease frail	adult	not available	not available	98	not available	not available	98	3 PXD037367-Sample-41	proteomic profiling by mass spectrometry	PXD037982	21323-042.raw	ftp://ftp.pride.ebi.ac.uk/pride/data/archive/2023/07/PXD037367/21323-042.raw	5	AC=MS:1002416;NT=Orbitrap Fusion	NT=Carbamidomethyl;AC=UNIMOD:4;TA=C;MT=Fixed	NT=Oxidation;MT=Variable;TA=M;AC=UNIMOD:35	NT=Acetyl;AC=UNIMOD:1;PP=Protein N-term;MT=variable		TMT127C	10 ppm	0.02 Da	1	Alzheimer's disease frail	Angular gyrus
PXD037367-Sample-41-TMT128N	Homo sapiens	Brain	Angular gyrus	Brodmann area 39	not available	94	not available	Female	Control	adult	not available	not available	99	not available	not available	99	4 PXD037367-Sample-41	proteomic profiling by mass spectrometry	PXD037983	21323-042.raw	ftp://ftp.pride.ebi.ac.uk/pride/data/archive/2023/07/PXD037367/21323-042.raw	5	AC=MS:1002416;NT=Orbitrap Fusion	NT=Carbamidomethyl;AC=UNIMOD:4;TA=C;MT=Fixed	NT=Oxidation;MT=Variable;TA=M;AC=UNIMOD:35	NT=Acetyl;AC=UNIMOD:1;PP=Protein N-term;MT=variable		TMT128N	10 ppm	0.02 Da	1	Control	Angular gyrus
PXD037367-Sample-41-TMT128C	Homo sapiens	Brain	Angular gyrus	Brodmann area 39	not available	96	not available	Female	Alzheimer's disease with dementia	adult	not available	not available	100	not available	not available	100	5 PXD037367-Sample-41	proteomic profiling by mass spectrometry	PXD037984	21323-042.raw	ftp://ftp.pride.ebi.ac.uk/pride/data/archive/2023/07/PXD037367/21323-042.raw	5	AC=MS:1002416;NT=Orbitrap Fusion	NT=Carbamidomethyl;AC=UNIMOD:4;TA=C;MT=Fixed	NT=Oxidation;MT=Variable;TA=M;AC=UNIMOD:35	NT=Acetyl;AC=UNIMOD:1;PP=Protein N-term;MT=variable		TMT128C	10 ppm	0.02 Da	1	Alzheimer's disease with dementia	Angular gyrus
PXD037367-Sample-41-TMT129N	Homo sapiens	Brain	Angular gyrus	Brodmann area 39	not available	85	not available	Male	Alzheimer's disease frail	adult	not available	not available	101	not available	not available	101	6 PXD037367-Sample-41	proteomic profiling by mass spectrometry	PXD037985	21323-042.raw	ftp://ftp.pride.ebi.ac.uk/pride/data/archive/2023/07/PXD037367/21323-042.raw	5	AC=MS:1002416;NT=Orbitrap Fusion	NT=Carbamidomethyl;AC=UNIMOD:4;TA=C;MT=Fixed	NT=Oxidation;MT=Variable;TA=M;AC=UNIMOD:35	NT=Acetyl;AC=UNIMOD:1;PP=Protein N-term;MT=variable		TMT129N	10 ppm	0.02 Da	1	Alzheimer's disease frail	Angular gyrus
PXD037367-Sample-41-TMT129C	Homo sapiens	Brain	Angular gyrus	Brodmann area 39	not available	94	not available	Female	Control	adult	not available	not available	102	not available	not available	102	7 PXD037367-Sample-41	proteomic profiling by mass spectrometry	PXD037986	21323-042.raw	ftp://ftp.pride.ebi.ac.uk/pride/data/archive/2023/07/PXD037367/21323-042.raw	5	AC=MS:1002416;NT=Orbitrap Fusion	NT=Carbamidomethyl;AC=UNIMOD:4;TA=C;MT=Fixed	NT=Oxidation;MT=Variable;TA=M;AC=UNIMOD:35	NT=Acetyl;AC=UNIMOD:1;PP=Protein N-term;MT=variable		TMT129C	10 ppm	0.02 Da	1	Control	Angular gyrus
PXD037367-Sample-41-TMT130N	Homo sapiens	Brain	Angular gyrus	Brodmann area 39	not available	95	not available	Male	Alzheimer's disease resilient	adult	not available	not available	103	not available	not available	103	8 PXD037367-Sample-41	proteomic profiling by mass spectrometry	PXD037987	21323-042.raw	ftp://ftp.pride.ebi.ac.uk/pride/data/archive/2023/07/PXD037367/21323-042.raw	5	AC=MS:1002416;NT=Orbitrap Fusion	NT=Carbamidomethyl;AC=UNIMOD:4;TA=C;MT=Fixed	NT=Oxidation;MT=Variable;TA=M;AC=UNIMOD:35	NT=Acetyl;AC=UNIMOD:1;PP=Protein N-term;MT=variable		TMT130N	10 ppm	0.02 Da	1	Alzheimer's disease resilient	Angular gyrus
PXD037367-Sample-41-TMT130C	Homo sapiens	Brain	Angular gyrus	Brodmann area 39	not available	85	not available	Male	Alzheimer's disease with dementia	adult	not available	not available	104	not available	not available	104	9 PXD037367-Sample-41	proteomic profiling by mass spectrometry	PXD037988	21323-042.raw	ftp://ftp.pride.ebi.ac.uk/pride/data/archive/2023/07/PXD037367/21323-042.raw	5	AC=MS:1002416;NT=Orbitrap Fusion	NT=Carbamidomethyl;AC=UNIMOD:4;TA=C;MT=Fixed	NT=Oxidation;MT=Variable;TA=M;AC=UNIMOD:35	NT=Acetyl;AC=UNIMOD:1;PP=Protein N-term;MT=variable		TMT130C	10 ppm	0.02 Da	1	Alzheimer's disease with dementia	Angular gyrus
PXD037367-Sample-41-TMT131N	Homo sapiens	Brain	Angular gyrus	Brodmann area 39	not available	82	not available	Female	Alzheimer's disease frail	adult	not available	not available	105	not available	not available	105	10 PXD037367-Sample-41	proteomic profiling by mass spectrometry	PXD037989	21323-042.raw	ftp://ftp.pride.ebi.ac.uk/pride/data/archive/2023/07/PXD037367/21323-042.raw	5	AC=MS:1002416;NT=Orbitrap Fusion	NT=Carbamidomethyl;AC=UNIMOD:4;TA=C;MT=Fixed	NT=Oxidation;MT=Variable;TA=M;AC=UNIMOD:35	NT=Acetyl;AC=UNIMOD:1;PP=Protein N-term;MT=variable		TMT131N	10 ppm	0.02 Da	1	Alzheimer's disease frail	Angular gyrus
PXD037367-Sample-41-TMT131C	Homo sapiens	Brain	Angular gyrus	Brodmann area 39	not available	81	not available	Male	Control	adult	not available	not available	106	not available	not available	106	11 PXD037367-Sample-41	proteomic profiling by mass spectrometry	PXD037990	21323-042.raw	ftp://ftp.pride.ebi.ac.uk/pride/data/archive/2023/07/PXD037367/21323-042.raw	5	AC=MS:1002416;NT=Orbitrap Fusion	NT=Carbamidomethyl;AC=UNIMOD:4;TA=C;MT=Fixed	NT=Oxidation;MT=Variable;TA=M;AC=UNIMOD:35	NT=Acetyl;AC=UNIMOD:1;PP=Protein N-term;MT=variable		TMT131C	10 ppm	0.02 Da	1	Control	Angular gyrus
PXD037367-Sample-41-TMT132N	Homo sapiens	Brain	Angular gyrus	Brodmann area 39	not available	100	not available	Female	Alzheimer's disease resilient	adult	not available	not available	107	not available	not available	107	12 PXD037367-Sample-41	proteomic profiling by mass spectrometry	PXD037991	21323-042.raw	ftp://ftp.pride.ebi.ac.uk/pride/data/archive/2023/07/PXD037367/21323-042.raw	5	AC=MS:1002416;NT=Orbitrap Fusion	NT=Carbamidomethyl;AC=UNIMOD:4;TA=C;MT=Fixed	NT=Oxidation;MT=Variable;TA=M;AC=UNIMOD:35	NT=Acetyl;AC=UNIMOD:1;PP=Protein N-term;MT=variable		TMT132N	10 ppm	0.02 Da	1	Alzheimer's disease resilient	Angular gyrus
PXD037367-Sample-41-TMT132C	Homo sapiens	Brain	Angular gyrus	Brodmann area 39	not available	88	not available	Male	Control	adult	not available	not available	108	not available	not available	108	13 PXD037367-Sample-41	proteomic profiling by mass spectrometry	PXD037992	21323-042.raw	ftp://ftp.pride.ebi.ac.uk/pride/data/archive/2023/07/PXD037367/21323-042.raw	5	AC=MS:1002416;NT=Orbitrap Fusion	NT=Carbamidomethyl;AC=UNIMOD:4;TA=C;MT=Fixed	NT=Oxidation;MT=Variable;TA=M;AC=UNIMOD:35	NT=Acetyl;AC=UNIMOD:1;PP=Protein N-term;MT=variable		TMT132C	10 ppm	0.02 Da	1	Control	Angular gyrus
PXD037367-Sample-41-TMT133N	Homo sapiens	Brain	Angular gyrus	Brodmann area 39	not available	100	not available	Female	Alzheimer's disease resilient	adult	not available	not available	109	not available	not available	109	14 PXD037367-Sample-41	proteomic profiling by mass spectrometry	PXD037993	21323-042.raw	ftp://ftp.pride.ebi.ac.uk/pride/data/archive/2023/07/PXD037367/21323-042.raw	5	AC=MS:1002416;NT=Orbitrap Fusion	NT=Carbamidomethyl;AC=UNIMOD:4;TA=C;MT=Fixed	NT=Oxidation;MT=Variable;TA=M;AC=UNIMOD:35	NT=Acetyl;AC=UNIMOD:1;PP=Protein N-term;MT=variable		TMT133N	10 ppm	0.02 Da	1	Alzheimer's disease resilient	Angular gyrus
PXD037367-Sample-41-TMT133C	Homo sapiens	Brain	Angular gyrus	Brodmann area 39	not available	93	not available	Female	Alzheimer's disease with dementia	adult	not available	not available	110	not available	not available	110	15 PXD037367-Sample-41	proteomic profiling by mass spectrometry	PXD037994	21323-042.raw	ftp://ftp.pride.ebi.ac.uk/pride/data/archive/2023/07/PXD037367/21323-042.raw	5	AC=MS:1002416;NT=Orbitrap Fusion	NT=Carbamidomethyl;AC=UNIMOD:4;TA=C;MT=Fixed	NT=Oxidation;MT=Variable;TA=M;AC=UNIMOD:35	NT=Acetyl;AC=UNIMOD:1;PP=Protein N-term;MT=variable		TMT133C	10 ppm	0.02 Da	1	Alzheimer's disease with dementia	Angular gyrus
PXD037367-Sample-41-TMT134N	Homo sapiens	Brain	Angular gyrus	Brodmann area 39	not available	99	not available	Female	Alzheimer's disease with dementia	adult	not available	not available	111	not available	not available	111	16 PXD037367-Sample-41	proteomic profiling by mass spectrometry	PXD037995	21323-042.raw	ftp://ftp.pride.ebi.ac.uk/pride/data/archive/2023/07/PXD037367/21323-042.raw	5	AC=MS:1002416;NT=Orbitrap Fusion	NT=Carbamidomethyl;AC=UNIMOD:4;TA=C;MT=Fixed	NT=Oxidation;MT=Variable;TA=M;AC=UNIMOD:35	NT=Acetyl;AC=UNIMOD:1;PP=Protein N-term;MT=variable		TMT134N	10 ppm	0.02 Da	1	Alzheimer's disease with dementia	Angular gyrus
PXD037367-Sample-41-TMT134C	Homo sapiens	Brain	Angular gyrus	Brodmann area 39	not available	76	not available	Female	Alzheimer's disease frail	adult	not available	not available	112	not available	not available	112	17 PXD037367-Sample-41	proteomic profiling by mass spectrometry	PXD037996	21323-042.raw	ftp://ftp.pride.ebi.ac.uk/pride/data/archive/2023/07/PXD037367/21323-042.raw	5	AC=MS:1002416;NT=Orbitrap Fusion	NT=Carbamidomethyl;AC=UNIMOD:4;TA=C;MT=Fixed	NT=Oxidation;MT=Variable;TA=M;AC=UNIMOD:35	NT=Acetyl;AC=UNIMOD:1;PP=Protein N-term;MT=variable		TMT134C	10 ppm	0.02 Da	1	Alzheimer's disease frail	Angular gyrus
PXD037367-Sample-41-TMT135N	Homo sapiens	Global Internal Standard	Global Internal Standard	not applicable	not applicable	not applicable	not applicable	not applicable	Global Internal Standard	not applicable	not applicable	not applicable	not applicable	not applicable	not applicable	not applicable	18 PXD037367-Sample-41	proteomic profiling by mass spectrometry	PXD037997	21323-042.raw	ftp://ftp.pride.ebi.ac.uk/pride/data/archive/2023/07/PXD037367/21323-042.raw	5	AC=MS:1002416;NT=Orbitrap Fusion	NT=Carbamidomethyl;AC=UNIMOD:4;TA=C;MT=Fixed	NT=Oxidation;MT=Variable;TA=M;AC=UNIMOD:35	NT=Acetyl;AC=UNIMOD:1;PP=Protein N-term;MT=variable		TMT135N	10 ppm	0.02 Da	1	Global Internal Standard	Global Internal Standard
PXD037367-Sample-42-TMT126	Homo sapiens	Brain	Angular gyrus	Brodmann area 39	not available	95	not available	Male	Alzheimer's disease resilient	adult	not available	not available	96	not available	not available	96	1 PXD037367-Sample-42	proteomic profiling by mass spectrometry	PXD037998	21323-043.raw	ftp://ftp.pride.ebi.ac.uk/pride/data/archive/2023/07/PXD037367/21323-043.raw	6	AC=MS:1002416;NT=Orbitrap Fusion	NT=Carbamidomethyl;AC=UNIMOD:4;TA=C;MT=Fixed	NT=Oxidation;MT=Variable;TA=M;AC=UNIMOD:35	NT=Acetyl;AC=UNIMOD:1;PP=Protein N-term;MT=variable		TMT126	10 ppm	0.02 Da	1	Alzheimer's disease resilient	Angular gyrus
PXD037367-Sample-42-TMT127N	Homo sapiens	Brain	Angular gyrus	Brodmann area 39	not available	88	not available	Male	Alzheimer's disease frail	adult	not available	not available	97	not available	not available	97	2 PXD037367-Sample-42	proteomic profiling by mass spectrometry	PXD037999	21323-043.raw	ftp://ftp.pride.ebi.ac.uk/pride/data/archive/2023/07/PXD037367/21323-043.raw	6	AC=MS:1002416;NT=Orbitrap Fusion	NT=Carbamidomethyl;AC=UNIMOD:4;TA=C;MT=Fixed	NT=Oxidation;MT=Variable;TA=M;AC=UNIMOD:35	NT=Acetyl;AC=UNIMOD:1;PP=Protein N-term;MT=variable		TMT127N	10 ppm	0.02 Da	1	Alzheimer's disease frail	Angular gyrus
PXD037367-Sample-42-TMT127C	Homo sapiens	Brain	Angular gyrus	Brodmann area 39	not available	79	not available	Male	Alzheimer's disease frail	adult	not available	not available	98	not available	not available	98	3 PXD037367-Sample-42	proteomic profiling by mass spectrometry	PXD038000	21323-043.raw	ftp://ftp.pride.ebi.ac.uk/pride/data/archive/2023/07/PXD037367/21323-043.raw	6	AC=MS:1002416;NT=Orbitrap Fusion	NT=Carbamidomethyl;AC=UNIMOD:4;TA=C;MT=Fixed	NT=Oxidation;MT=Variable;TA=M;AC=UNIMOD:35	NT=Acetyl;AC=UNIMOD:1;PP=Protein N-term;MT=variable		TMT127C	10 ppm	0.02 Da	1	Alzheimer's disease frail	Angular gyrus
PXD037367-Sample-42-TMT128N	Homo sapiens	Brain	Angular gyrus	Brodmann area 39	not available	94	not available	Female	Control	adult	not available	not available	99	not available	not available	99	4 PXD037367-Sample-42	proteomic profiling by mass spectrometry	PXD038001	21323-043.raw	ftp://ftp.pride.ebi.ac.uk/pride/data/archive/2023/07/PXD037367/21323-043.raw	6	AC=MS:1002416;NT=Orbitrap Fusion	NT=Carbamidomethyl;AC=UNIMOD:4;TA=C;MT=Fixed	NT=Oxidation;MT=Variable;TA=M;AC=UNIMOD:35	NT=Acetyl;AC=UNIMOD:1;PP=Protein N-term;MT=variable		TMT128N	10 ppm	0.02 Da	1	Control	Angular gyrus
PXD037367-Sample-42-TMT128C	Homo sapiens	Brain	Angular gyrus	Brodmann area 39	not available	96	not available	Female	Alzheimer's disease with dementia	adult	not available	not available	100	not available	not available	100	5 PXD037367-Sample-42	proteomic profiling by mass spectrometry	PXD038002	21323-043.raw	ftp://ftp.pride.ebi.ac.uk/pride/data/archive/2023/07/PXD037367/21323-043.raw	6	AC=MS:1002416;NT=Orbitrap Fusion	NT=Carbamidomethyl;AC=UNIMOD:4;TA=C;MT=Fixed	NT=Oxidation;MT=Variable;TA=M;AC=UNIMOD:35	NT=Acetyl;AC=UNIMOD:1;PP=Protein N-term;MT=variable		TMT128C	10 ppm	0.02 Da	1	Alzheimer's disease with dementia	Angular gyrus
PXD037367-Sample-42-TMT129N	Homo sapiens	Brain	Angular gyrus	Brodmann area 39	not available	85	not available	Male	Alzheimer's disease frail	adult	not available	not available	101	not available	not available	101	6 PXD037367-Sample-42	proteomic profiling by mass spectrometry	PXD038003	21323-043.raw	ftp://ftp.pride.ebi.ac.uk/pride/data/archive/2023/07/PXD037367/21323-043.raw	6	AC=MS:1002416;NT=Orbitrap Fusion	NT=Carbamidomethyl;AC=UNIMOD:4;TA=C;MT=Fixed	NT=Oxidation;MT=Variable;TA=M;AC=UNIMOD:35	NT=Acetyl;AC=UNIMOD:1;PP=Protein N-term;MT=variable		TMT129N	10 ppm	0.02 Da	1	Alzheimer's disease frail	Angular gyrus
PXD037367-Sample-42-TMT129C	Homo sapiens	Brain	Angular gyrus	Brodmann area 39	not available	94	not available	Female	Control	adult	not available	not available	102	not available	not available	102	7 PXD037367-Sample-42	proteomic profiling by mass spectrometry	PXD038004	21323-043.raw	ftp://ftp.pride.ebi.ac.uk/pride/data/archive/2023/07/PXD037367/21323-043.raw	6	AC=MS:1002416;NT=Orbitrap Fusion	NT=Carbamidomethyl;AC=UNIMOD:4;TA=C;MT=Fixed	NT=Oxidation;MT=Variable;TA=M;AC=UNIMOD:35	NT=Acetyl;AC=UNIMOD:1;PP=Protein N-term;MT=variable		TMT129C	10 ppm	0.02 Da	1	Control	Angular gyrus
PXD037367-Sample-42-TMT130N	Homo sapiens	Brain	Angular gyrus	Brodmann area 39	not available	95	not available	Male	Alzheimer's disease resilient	adult	not available	not available	103	not available	not available	103	8 PXD037367-Sample-42	proteomic profiling by mass spectrometry	PXD038005	21323-043.raw	ftp://ftp.pride.ebi.ac.uk/pride/data/archive/2023/07/PXD037367/21323-043.raw	6	AC=MS:1002416;NT=Orbitrap Fusion	NT=Carbamidomethyl;AC=UNIMOD:4;TA=C;MT=Fixed	NT=Oxidation;MT=Variable;TA=M;AC=UNIMOD:35	NT=Acetyl;AC=UNIMOD:1;PP=Protein N-term;MT=variable		TMT130N	10 ppm	0.02 Da	1	Alzheimer's disease resilient	Angular gyrus
PXD037367-Sample-42-TMT130C	Homo sapiens	Brain	Angular gyrus	Brodmann area 39	not available	85	not available	Male	Alzheimer's disease with dementia	adult	not available	not available	104	not available	not available	104	9 PXD037367-Sample-42	proteomic profiling by mass spectrometry	PXD038006	21323-043.raw	ftp://ftp.pride.ebi.ac.uk/pride/data/archive/2023/07/PXD037367/21323-043.raw	6	AC=MS:1002416;NT=Orbitrap Fusion	NT=Carbamidomethyl;AC=UNIMOD:4;TA=C;MT=Fixed	NT=Oxidation;MT=Variable;TA=M;AC=UNIMOD:35	NT=Acetyl;AC=UNIMOD:1;PP=Protein N-term;MT=variable		TMT130C	10 ppm	0.02 Da	1	Alzheimer's disease with dementia	Angular gyrus
PXD037367-Sample-42-TMT131N	Homo sapiens	Brain	Angular gyrus	Brodmann area 39	not available	82	not available	Female	Alzheimer's disease frail	adult	not available	not available	105	not available	not available	105	10 PXD037367-Sample-42	proteomic profiling by mass spectrometry	PXD038007	21323-043.raw	ftp://ftp.pride.ebi.ac.uk/pride/data/archive/2023/07/PXD037367/21323-043.raw	6	AC=MS:1002416;NT=Orbitrap Fusion	NT=Carbamidomethyl;AC=UNIMOD:4;TA=C;MT=Fixed	NT=Oxidation;MT=Variable;TA=M;AC=UNIMOD:35	NT=Acetyl;AC=UNIMOD:1;PP=Protein N-term;MT=variable		TMT131N	10 ppm	0.02 Da	1	Alzheimer's disease frail	Angular gyrus
PXD037367-Sample-42-TMT131C	Homo sapiens	Brain	Angular gyrus	Brodmann area 39	not available	81	not available	Male	Control	adult	not available	not available	106	not available	not available	106	11 PXD037367-Sample-42	proteomic profiling by mass spectrometry	PXD038008	21323-043.raw	ftp://ftp.pride.ebi.ac.uk/pride/data/archive/2023/07/PXD037367/21323-043.raw	6	AC=MS:1002416;NT=Orbitrap Fusion	NT=Carbamidomethyl;AC=UNIMOD:4;TA=C;MT=Fixed	NT=Oxidation;MT=Variable;TA=M;AC=UNIMOD:35	NT=Acetyl;AC=UNIMOD:1;PP=Protein N-term;MT=variable		TMT131C	10 ppm	0.02 Da	1	Control	Angular gyrus
PXD037367-Sample-42-TMT132N	Homo sapiens	Brain	Angular gyrus	Brodmann area 39	not available	100	not available	Female	Alzheimer's disease resilient	adult	not available	not available	107	not available	not available	107	12 PXD037367-Sample-42	proteomic profiling by mass spectrometry	PXD038009	21323-043.raw	ftp://ftp.pride.ebi.ac.uk/pride/data/archive/2023/07/PXD037367/21323-043.raw	6	AC=MS:1002416;NT=Orbitrap Fusion	NT=Carbamidomethyl;AC=UNIMOD:4;TA=C;MT=Fixed	NT=Oxidation;MT=Variable;TA=M;AC=UNIMOD:35	NT=Acetyl;AC=UNIMOD:1;PP=Protein N-term;MT=variable		TMT132N	10 ppm	0.02 Da	1	Alzheimer's disease resilient	Angular gyrus
PXD037367-Sample-42-TMT132C	Homo sapiens	Brain	Angular gyrus	Brodmann area 39	not available	88	not available	Male	Control	adult	not available	not available	108	not available	not available	108	13 PXD037367-Sample-42	proteomic profiling by mass spectrometry	PXD038010	21323-043.raw	ftp://ftp.pride.ebi.ac.uk/pride/data/archive/2023/07/PXD037367/21323-043.raw	6	AC=MS:1002416;NT=Orbitrap Fusion	NT=Carbamidomethyl;AC=UNIMOD:4;TA=C;MT=Fixed	NT=Oxidation;MT=Variable;TA=M;AC=UNIMOD:35	NT=Acetyl;AC=UNIMOD:1;PP=Protein N-term;MT=variable		TMT132C	10 ppm	0.02 Da	1	Control	Angular gyrus
PXD037367-Sample-42-TMT133N	Homo sapiens	Brain	Angular gyrus	Brodmann area 39	not available	100	not available	Female	Alzheimer's disease resilient	adult	not available	not available	109	not available	not available	109	14 PXD037367-Sample-42	proteomic profiling by mass spectrometry	PXD038011	21323-043.raw	ftp://ftp.pride.ebi.ac.uk/pride/data/archive/2023/07/PXD037367/21323-043.raw	6	AC=MS:1002416;NT=Orbitrap Fusion	NT=Carbamidomethyl;AC=UNIMOD:4;TA=C;MT=Fixed	NT=Oxidation;MT=Variable;TA=M;AC=UNIMOD:35	NT=Acetyl;AC=UNIMOD:1;PP=Protein N-term;MT=variable		TMT133N	10 ppm	0.02 Da	1	Alzheimer's disease resilient	Angular gyrus
PXD037367-Sample-42-TMT133C	Homo sapiens	Brain	Angular gyrus	Brodmann area 39	not available	93	not available	Female	Alzheimer's disease with dementia	adult	not available	not available	110	not available	not available	110	15 PXD037367-Sample-42	proteomic profiling by mass spectrometry	PXD038012	21323-043.raw	ftp://ftp.pride.ebi.ac.uk/pride/data/archive/2023/07/PXD037367/21323-043.raw	6	AC=MS:1002416;NT=Orbitrap Fusion	NT=Carbamidomethyl;AC=UNIMOD:4;TA=C;MT=Fixed	NT=Oxidation;MT=Variable;TA=M;AC=UNIMOD:35	NT=Acetyl;AC=UNIMOD:1;PP=Protein N-term;MT=variable		TMT133C	10 ppm	0.02 Da	1	Alzheimer's disease with dementia	Angular gyrus
PXD037367-Sample-42-TMT134N	Homo sapiens	Brain	Angular gyrus	Brodmann area 39	not available	99	not available	Female	Alzheimer's disease with dementia	adult	not available	not available	111	not available	not available	111	16 PXD037367-Sample-42	proteomic profiling by mass spectrometry	PXD038013	21323-043.raw	ftp://ftp.pride.ebi.ac.uk/pride/data/archive/2023/07/PXD037367/21323-043.raw	6	AC=MS:1002416;NT=Orbitrap Fusion	NT=Carbamidomethyl;AC=UNIMOD:4;TA=C;MT=Fixed	NT=Oxidation;MT=Variable;TA=M;AC=UNIMOD:35	NT=Acetyl;AC=UNIMOD:1;PP=Protein N-term;MT=variable		TMT134N	10 ppm	0.02 Da	1	Alzheimer's disease with dementia	Angular gyrus
PXD037367-Sample-42-TMT134C	Homo sapiens	Brain	Angular gyrus	Brodmann area 39	not available	76	not available	Female	Alzheimer's disease frail	adult	not available	not available	112	not available	not available	112	17 PXD037367-Sample-42	proteomic profiling by mass spectrometry	PXD038014	21323-043.raw	ftp://ftp.pride.ebi.ac.uk/pride/data/archive/2023/07/PXD037367/21323-043.raw	6	AC=MS:1002416;NT=Orbitrap Fusion	NT=Carbamidomethyl;AC=UNIMOD:4;TA=C;MT=Fixed	NT=Oxidation;MT=Variable;TA=M;AC=UNIMOD:35	NT=Acetyl;AC=UNIMOD:1;PP=Protein N-term;MT=variable		TMT134C	10 ppm	0.02 Da	1	Alzheimer's disease frail	Angular gyrus
PXD037367-Sample-42-TMT135N	Homo sapiens	Global Internal Standard	Global Internal Standard	not applicable	not applicable	not applicable	not applicable	not applicable	Global Internal Standard	not applicable	not applicable	not applicable	not applicable	not applicable	not applicable	not applicable	18 PXD037367-Sample-42	proteomic profiling by mass spectrometry	PXD038015	21323-043.raw	ftp://ftp.pride.ebi.ac.uk/pride/data/archive/2023/07/PXD037367/21323-043.raw	6	AC=MS:1002416;NT=Orbitrap Fusion	NT=Carbamidomethyl;AC=UNIMOD:4;TA=C;MT=Fixed	NT=Oxidation;MT=Variable;TA=M;AC=UNIMOD:35	NT=Acetyl;AC=UNIMOD:1;PP=Protein N-term;MT=variable		TMT135N	10 ppm	0.02 Da	1	Global Internal Standard	Global Internal Standard
